group,mass_bin,T_bin,O2_bin,n
demersal,10^-2 g,25.25,21.75,1
demersal,10^-2 g,25.75,21.25,1
demersal,10^-2 g,25.75,21.75,5
demersal,10^-2 g,26.25,21.75,1
demersal,10^-2 g,26.75,21.25,1
demersal,10^-2 g,27.75,21.75,1
demersal,10^-2 g,28.25,21.25,1
demersal,10^-2 g,28.25,21.75,1
demersal,10^-2 g,28.75,21.75,3
demersal,10^-2 g,29.25,21.75,2
demersal,10^-1 g,6.25,10.25,1
demersal,10^-1 g,7.25,5.75,1
demersal,10^-1 g,7.75,7.25,1
demersal,10^-1 g,10.25,15.75,1
demersal,10^-1 g,10.75,16.25,1
demersal,10^-1 g,11.25,4.75,1
demersal,10^-1 g,12.25,16.75,2
demersal,10^-1 g,12.75,16.75,1
demersal,10^-1 g,13.25,11.25,1
demersal,10^-1 g,13.25,17.25,1
demersal,10^-1 g,14.25,16.75,1
demersal,10^-1 g,14.75,16.75,1
demersal,10^-1 g,16.25,21.25,1
demersal,10^-1 g,17.75,7.25,1
demersal,10^-1 g,18.25,22.25,1
demersal,10^-1 g,18.75,21.25,1
demersal,10^-1 g,18.75,21.75,1
demersal,10^-1 g,21.25,21.25,1
demersal,10^-1 g,21.25,21.75,1
demersal,10^-1 g,21.75,11.25,1
demersal,10^-1 g,21.75,13.75,1
demersal,10^-1 g,21.75,19.75,1
demersal,10^-1 g,21.75,21.25,1
demersal,10^-1 g,21.75,21.75,1
demersal,10^-1 g,22.25,20.75,1
demersal,10^-1 g,22.25,21.75,2
demersal,10^-1 g,22.75,20.75,1
demersal,10^-1 g,23.25,21.25,1
demersal,10^-1 g,23.75,20.75,3
demersal,10^-1 g,23.75,22.25,1
demersal,10^-1 g,24.25,20.75,1
demersal,10^-1 g,24.25,21.75,1
demersal,10^-1 g,24.75,15.25,1
demersal,10^-1 g,24.75,17.75,1
demersal,10^-1 g,24.75,20.25,1
demersal,10^-1 g,24.75,21.75,4
demersal,10^-1 g,25.25,21.25,11
demersal,10^-1 g,25.25,21.75,4
demersal,10^-1 g,25.75,20.75,2
demersal,10^-1 g,25.75,21.75,6
demersal,10^-1 g,26.25,20.75,1
demersal,10^-1 g,26.25,21.25,7
demersal,10^-1 g,26.25,21.75,3
demersal,10^-1 g,26.25,22.25,1
demersal,10^-1 g,26.75,17.25,1
demersal,10^-1 g,26.75,19.75,1
demersal,10^-1 g,26.75,20.75,3
demersal,10^-1 g,26.75,21.25,4
demersal,10^-1 g,26.75,21.75,4
demersal,10^-1 g,27.25,17.75,1
demersal,10^-1 g,27.25,19.75,1
demersal,10^-1 g,27.25,20.75,1
demersal,10^-1 g,27.25,21.25,10
demersal,10^-1 g,27.25,21.75,10
demersal,10^-1 g,27.75,20.25,1
demersal,10^-1 g,27.75,20.75,1
demersal,10^-1 g,27.75,21.25,12
demersal,10^-1 g,27.75,21.75,22
demersal,10^-1 g,27.75,22.25,3
demersal,10^-1 g,28.25,19.75,1
demersal,10^-1 g,28.25,20.75,1
demersal,10^-1 g,28.25,21.25,2
demersal,10^-1 g,28.25,21.75,4
demersal,10^-1 g,28.75,19.75,3
demersal,10^-1 g,28.75,20.25,4
demersal,10^-1 g,28.75,20.75,3
demersal,10^-1 g,28.75,21.25,10
demersal,10^-1 g,28.75,21.75,4
demersal,10^-1 g,29.25,21.25,6
demersal,10^-1 g,29.25,21.75,20
demersal,10^-1 g,29.25,22.25,2
demersal,10^-1 g,29.75,20.75,1
demersal,10^-1 g,29.75,21.75,3
demersal,10^0 g,0.25,13.25,1
demersal,10^0 g,0.25,19.25,1
demersal,10^0 g,0.25,19.75,2
demersal,10^0 g,0.25,20.25,1
demersal,10^0 g,0.75,18.25,2
demersal,10^0 g,0.75,18.75,2
demersal,10^0 g,0.75,19.25,2
demersal,10^0 g,0.75,20.25,1
demersal,10^0 g,1.25,17.25,1
demersal,10^0 g,1.75,5.25,1
demersal,10^0 g,1.75,8.75,1
demersal,10^0 g,1.75,9.25,2
demersal,10^0 g,1.75,20.75,1
demersal,10^0 g,1.75,21.75,2
demersal,10^0 g,2.25,3.25,1
demersal,10^0 g,2.25,3.75,1
demersal,10^0 g,2.25,21.25,2
demersal,10^0 g,2.25,21.75,1
demersal,10^0 g,2.25,22.75,1
demersal,10^0 g,2.75,3.25,1
demersal,10^0 g,2.75,3.75,1
demersal,10^0 g,2.75,4.75,1
demersal,10^0 g,2.75,8.75,1
demersal,10^0 g,2.75,9.75,1
demersal,10^0 g,2.75,21.25,1
demersal,10^0 g,3.25,10.25,1
demersal,10^0 g,3.25,13.25,1
demersal,10^0 g,3.25,18.25,1
demersal,10^0 g,3.25,18.75,1
demersal,10^0 g,3.25,21.75,1
demersal,10^0 g,3.25,22.25,1
demersal,10^0 g,3.75,5.25,1
demersal,10^0 g,3.75,15.25,1
demersal,10^0 g,3.75,16.75,1
demersal,10^0 g,3.75,18.25,2
demersal,10^0 g,3.75,18.75,1
demersal,10^0 g,3.75,21.75,1
demersal,10^0 g,3.75,22.25,2
demersal,10^0 g,4.25,7.25,1
demersal,10^0 g,4.25,10.75,1
demersal,10^0 g,4.25,16.75,1
demersal,10^0 g,4.25,17.75,4
demersal,10^0 g,4.25,18.75,1
demersal,10^0 g,4.25,21.75,5
demersal,10^0 g,4.25,22.25,1
demersal,10^0 g,4.75,6.75,2
demersal,10^0 g,4.75,7.75,1
demersal,10^0 g,4.75,9.25,1
demersal,10^0 g,4.75,11.25,1
demersal,10^0 g,4.75,11.75,1
demersal,10^0 g,4.75,12.25,1
demersal,10^0 g,4.75,17.25,1
demersal,10^0 g,4.75,21.75,4
demersal,10^0 g,4.75,22.25,2
demersal,10^0 g,5.25,3.25,1
demersal,10^0 g,5.25,9.25,1
demersal,10^0 g,5.25,11.75,1
demersal,10^0 g,5.25,12.25,1
demersal,10^0 g,5.25,16.75,1
demersal,10^0 g,5.25,20.75,1
demersal,10^0 g,5.25,21.75,4
demersal,10^0 g,5.75,6.25,1
demersal,10^0 g,5.75,9.25,2
demersal,10^0 g,5.75,11.25,1
demersal,10^0 g,5.75,12.75,1
demersal,10^0 g,5.75,13.75,1
demersal,10^0 g,5.75,19.75,1
demersal,10^0 g,5.75,21.25,1
demersal,10^0 g,5.75,21.75,5
demersal,10^0 g,5.75,22.25,5
demersal,10^0 g,6.25,6.25,1
demersal,10^0 g,6.25,7.25,1
demersal,10^0 g,6.25,8.25,1
demersal,10^0 g,6.25,16.25,1
demersal,10^0 g,6.25,19.75,1
demersal,10^0 g,6.25,20.25,1
demersal,10^0 g,6.25,20.75,4
demersal,10^0 g,6.25,21.75,3
demersal,10^0 g,6.75,19.25,1
demersal,10^0 g,7.25,9.25,1
demersal,10^0 g,7.25,9.75,1
demersal,10^0 g,7.25,11.25,1
demersal,10^0 g,7.25,13.75,1
demersal,10^0 g,7.25,15.25,1
demersal,10^0 g,7.25,17.25,1
demersal,10^0 g,7.25,19.75,5
demersal,10^0 g,7.25,20.25,1
demersal,10^0 g,7.25,21.75,3
demersal,10^0 g,7.25,22.25,2
demersal,10^0 g,7.25,22.75,2
demersal,10^0 g,7.75,8.75,1
demersal,10^0 g,7.75,19.75,2
demersal,10^0 g,7.75,20.25,14
demersal,10^0 g,7.75,20.75,1
demersal,10^0 g,7.75,21.75,1
demersal,10^0 g,7.75,22.25,3
demersal,10^0 g,7.75,22.75,1
demersal,10^0 g,8.25,10.75,1
demersal,10^0 g,8.25,13.25,1
demersal,10^0 g,8.25,15.75,1
demersal,10^0 g,8.25,19.75,1
demersal,10^0 g,8.25,20.25,12
demersal,10^0 g,8.25,20.75,42
demersal,10^0 g,8.25,21.25,3
demersal,10^0 g,8.25,22.75,2
demersal,10^0 g,8.75,4.25,1
demersal,10^0 g,8.75,4.75,1
demersal,10^0 g,8.75,20.75,34
demersal,10^0 g,8.75,21.25,22
demersal,10^0 g,8.75,21.75,1
demersal,10^0 g,8.75,22.25,1
demersal,10^0 g,9.25,7.25,1
demersal,10^0 g,9.25,11.75,1
demersal,10^0 g,9.25,14.75,1
demersal,10^0 g,9.25,20.25,1
demersal,10^0 g,9.25,20.75,13
demersal,10^0 g,9.25,21.25,26
demersal,10^0 g,9.25,21.75,2
demersal,10^0 g,9.25,22.25,1
demersal,10^0 g,9.75,4.75,1
demersal,10^0 g,9.75,11.25,1
demersal,10^0 g,9.75,12.75,1
demersal,10^0 g,9.75,13.75,1
demersal,10^0 g,9.75,14.75,3
demersal,10^0 g,9.75,15.25,1
demersal,10^0 g,9.75,19.25,1
demersal,10^0 g,9.75,21.25,13
demersal,10^0 g,9.75,21.75,10
demersal,10^0 g,9.75,22.25,1
demersal,10^0 g,10.25,7.75,1
demersal,10^0 g,10.25,13.25,1
demersal,10^0 g,10.25,13.75,2
demersal,10^0 g,10.25,14.25,1
demersal,10^0 g,10.25,15.25,1
demersal,10^0 g,10.25,15.75,1
demersal,10^0 g,10.25,17.75,1
demersal,10^0 g,10.25,19.25,1
demersal,10^0 g,10.25,20.75,1
demersal,10^0 g,10.25,21.25,8
demersal,10^0 g,10.25,21.75,26
demersal,10^0 g,10.25,22.25,1
demersal,10^0 g,10.75,4.25,3
demersal,10^0 g,10.75,16.25,1
demersal,10^0 g,10.75,16.75,1
demersal,10^0 g,10.75,19.75,1
demersal,10^0 g,10.75,20.25,1
demersal,10^0 g,10.75,20.75,1
demersal,10^0 g,10.75,21.25,6
demersal,10^0 g,10.75,21.75,19
demersal,10^0 g,10.75,22.25,2
demersal,10^0 g,11.25,2.25,1
demersal,10^0 g,11.25,4.25,1
demersal,10^0 g,11.25,4.75,2
demersal,10^0 g,11.25,6.25,1
demersal,10^0 g,11.25,15.25,3
demersal,10^0 g,11.25,16.25,1
demersal,10^0 g,11.25,16.75,1
demersal,10^0 g,11.25,20.25,1
demersal,10^0 g,11.25,20.75,3
demersal,10^0 g,11.25,21.25,2
demersal,10^0 g,11.25,21.75,13
demersal,10^0 g,11.25,22.25,2
demersal,10^0 g,11.25,22.75,1
demersal,10^0 g,11.75,5.25,2
demersal,10^0 g,11.75,6.75,1
demersal,10^0 g,11.75,9.75,1
demersal,10^0 g,11.75,14.25,1
demersal,10^0 g,11.75,15.25,1
demersal,10^0 g,11.75,15.75,1
demersal,10^0 g,11.75,20.25,1
demersal,10^0 g,11.75,20.75,1
demersal,10^0 g,11.75,21.25,1
demersal,10^0 g,11.75,21.75,1
demersal,10^0 g,12.25,7.75,1
demersal,10^0 g,12.25,15.75,1
demersal,10^0 g,12.25,17.25,1
demersal,10^0 g,12.25,19.75,1
demersal,10^0 g,12.25,21.25,5
demersal,10^0 g,12.25,21.75,3
demersal,10^0 g,12.25,22.25,2
demersal,10^0 g,12.75,2.75,2
demersal,10^0 g,12.75,5.75,1
demersal,10^0 g,12.75,15.25,1
demersal,10^0 g,12.75,16.75,2
demersal,10^0 g,12.75,20.25,2
demersal,10^0 g,12.75,20.75,1
demersal,10^0 g,12.75,21.75,4
demersal,10^0 g,12.75,22.25,8
demersal,10^0 g,13.25,13.75,1
demersal,10^0 g,13.25,15.75,1
demersal,10^0 g,13.25,16.25,2
demersal,10^0 g,13.25,17.25,1
demersal,10^0 g,13.25,17.75,1
demersal,10^0 g,13.25,18.25,1
demersal,10^0 g,13.75,8.75,1
demersal,10^0 g,13.75,10.75,1
demersal,10^0 g,13.75,16.25,1
demersal,10^0 g,13.75,17.75,1
demersal,10^0 g,13.75,18.25,1
demersal,10^0 g,13.75,19.75,1
demersal,10^0 g,13.75,20.25,1
demersal,10^0 g,13.75,20.75,1
demersal,10^0 g,14.25,11.75,1
demersal,10^0 g,14.25,15.25,1
demersal,10^0 g,14.25,15.75,1
demersal,10^0 g,14.25,20.25,2
demersal,10^0 g,14.25,21.75,1
demersal,10^0 g,14.25,22.25,1
demersal,10^0 g,14.75,2.75,1
demersal,10^0 g,14.75,7.75,1
demersal,10^0 g,14.75,9.75,1
demersal,10^0 g,14.75,15.75,1
demersal,10^0 g,14.75,16.75,1
demersal,10^0 g,14.75,18.75,1
demersal,10^0 g,14.75,21.25,2
demersal,10^0 g,15.25,16.75,1
demersal,10^0 g,15.25,19.25,1
demersal,10^0 g,15.75,9.25,1
demersal,10^0 g,15.75,15.75,1
demersal,10^0 g,15.75,16.75,1
demersal,10^0 g,15.75,18.75,1
demersal,10^0 g,15.75,21.25,2
demersal,10^0 g,15.75,21.75,2
demersal,10^0 g,15.75,22.25,1
demersal,10^0 g,16.25,13.25,1
demersal,10^0 g,16.25,15.25,1
demersal,10^0 g,16.25,15.75,1
demersal,10^0 g,16.25,16.75,2
demersal,10^0 g,16.75,9.75,1
demersal,10^0 g,16.75,11.25,1
demersal,10^0 g,16.75,14.25,1
demersal,10^0 g,16.75,15.75,1
demersal,10^0 g,16.75,17.25,1
demersal,10^0 g,16.75,17.75,1
demersal,10^0 g,16.75,21.25,3
demersal,10^0 g,16.75,21.75,1
demersal,10^0 g,16.75,22.25,1
demersal,10^0 g,16.75,22.75,1
demersal,10^0 g,17.25,16.75,1
demersal,10^0 g,17.25,17.25,2
demersal,10^0 g,17.25,21.75,1
demersal,10^0 g,17.25,22.25,1
demersal,10^0 g,17.75,10.25,1
demersal,10^0 g,17.75,15.25,1
demersal,10^0 g,17.75,17.25,1
demersal,10^0 g,17.75,17.75,1
demersal,10^0 g,17.75,20.75,1
demersal,10^0 g,17.75,21.25,1
demersal,10^0 g,18.25,17.75,1
demersal,10^0 g,18.25,18.25,1
demersal,10^0 g,18.25,20.75,1
demersal,10^0 g,18.25,21.25,4
demersal,10^0 g,18.25,21.75,3
demersal,10^0 g,18.25,22.25,1
demersal,10^0 g,18.75,15.75,1
demersal,10^0 g,18.75,17.25,2
demersal,10^0 g,18.75,18.25,1
demersal,10^0 g,18.75,21.25,15
demersal,10^0 g,18.75,21.75,2
demersal,10^0 g,18.75,22.25,1
demersal,10^0 g,19.25,13.25,1
demersal,10^0 g,19.25,14.75,1
demersal,10^0 g,19.25,21.25,4
demersal,10^0 g,19.75,15.75,1
demersal,10^0 g,19.75,18.25,1
demersal,10^0 g,19.75,19.75,1
demersal,10^0 g,19.75,21.25,1
demersal,10^0 g,20.25,11.75,1
demersal,10^0 g,20.25,12.75,1
demersal,10^0 g,20.25,14.25,1
demersal,10^0 g,20.25,17.75,1
demersal,10^0 g,20.25,21.25,6
demersal,10^0 g,20.25,21.75,2
demersal,10^0 g,20.75,17.25,1
demersal,10^0 g,20.75,19.25,3
demersal,10^0 g,20.75,21.75,2
demersal,10^0 g,20.75,22.25,1
demersal,10^0 g,21.25,13.25,1
demersal,10^0 g,21.25,17.25,1
demersal,10^0 g,21.25,21.25,2
demersal,10^0 g,21.75,3.25,1
demersal,10^0 g,21.75,11.25,1
demersal,10^0 g,21.75,18.25,1
demersal,10^0 g,21.75,21.25,3
demersal,10^0 g,21.75,21.75,6
demersal,10^0 g,22.25,13.75,1
demersal,10^0 g,22.25,17.25,1
demersal,10^0 g,22.25,20.75,1
demersal,10^0 g,22.25,21.75,3
demersal,10^0 g,22.25,22.25,1
demersal,10^0 g,22.75,9.25,1
demersal,10^0 g,22.75,16.75,1
demersal,10^0 g,22.75,17.25,1
demersal,10^0 g,22.75,19.75,1
demersal,10^0 g,22.75,20.75,3
demersal,10^0 g,22.75,21.75,1
demersal,10^0 g,22.75,23.25,1
demersal,10^0 g,23.25,16.25,2
demersal,10^0 g,23.25,17.75,1
demersal,10^0 g,23.25,18.25,1
demersal,10^0 g,23.25,19.25,1
demersal,10^0 g,23.25,19.75,1
demersal,10^0 g,23.25,21.25,3
demersal,10^0 g,23.25,22.25,2
demersal,10^0 g,23.75,17.75,1
demersal,10^0 g,23.75,19.75,1
demersal,10^0 g,23.75,20.75,3
demersal,10^0 g,23.75,21.75,1
demersal,10^0 g,23.75,22.25,1
demersal,10^0 g,23.75,22.75,2
demersal,10^0 g,24.25,17.25,1
demersal,10^0 g,24.25,17.75,5
demersal,10^0 g,24.25,20.25,2
demersal,10^0 g,24.25,20.75,3
demersal,10^0 g,24.25,21.25,6
demersal,10^0 g,24.25,21.75,2
demersal,10^0 g,24.75,17.75,1
demersal,10^0 g,24.75,18.25,1
demersal,10^0 g,24.75,18.75,1
demersal,10^0 g,24.75,19.25,1
demersal,10^0 g,24.75,19.75,2
demersal,10^0 g,24.75,20.25,2
demersal,10^0 g,24.75,20.75,3
demersal,10^0 g,24.75,21.25,5
demersal,10^0 g,24.75,21.75,6
demersal,10^0 g,24.75,22.25,1
demersal,10^0 g,25.25,16.25,1
demersal,10^0 g,25.25,18.25,1
demersal,10^0 g,25.25,18.75,1
demersal,10^0 g,25.25,19.25,1
demersal,10^0 g,25.25,19.75,1
demersal,10^0 g,25.25,20.75,4
demersal,10^0 g,25.25,21.25,18
demersal,10^0 g,25.25,21.75,10
demersal,10^0 g,25.25,22.25,3
demersal,10^0 g,25.75,16.75,1
demersal,10^0 g,25.75,19.25,2
demersal,10^0 g,25.75,19.75,1
demersal,10^0 g,25.75,20.25,2
demersal,10^0 g,25.75,20.75,6
demersal,10^0 g,25.75,21.25,9
demersal,10^0 g,25.75,21.75,10
demersal,10^0 g,26.25,16.75,1
demersal,10^0 g,26.25,19.25,1
demersal,10^0 g,26.25,19.75,4
demersal,10^0 g,26.25,20.25,3
demersal,10^0 g,26.25,20.75,2
demersal,10^0 g,26.25,21.25,15
demersal,10^0 g,26.25,21.75,7
demersal,10^0 g,26.25,22.25,5
demersal,10^0 g,26.75,17.75,1
demersal,10^0 g,26.75,18.25,1
demersal,10^0 g,26.75,20.25,2
demersal,10^0 g,26.75,20.75,8
demersal,10^0 g,26.75,21.25,7
demersal,10^0 g,26.75,21.75,7
demersal,10^0 g,27.25,13.75,1
demersal,10^0 g,27.25,19.25,2
demersal,10^0 g,27.25,19.75,1
demersal,10^0 g,27.25,20.75,2
demersal,10^0 g,27.25,21.25,16
demersal,10^0 g,27.25,21.75,12
demersal,10^0 g,27.25,22.25,1
demersal,10^0 g,27.75,20.75,4
demersal,10^0 g,27.75,21.25,6
demersal,10^0 g,27.75,21.75,21
demersal,10^0 g,27.75,22.25,3
demersal,10^0 g,28.25,19.75,1
demersal,10^0 g,28.25,20.25,4
demersal,10^0 g,28.25,20.75,4
demersal,10^0 g,28.25,21.25,9
demersal,10^0 g,28.25,21.75,12
demersal,10^0 g,28.25,22.25,2
demersal,10^0 g,28.75,20.25,2
demersal,10^0 g,28.75,20.75,9
demersal,10^0 g,28.75,21.25,13
demersal,10^0 g,28.75,21.75,8
demersal,10^0 g,29.25,19.75,1
demersal,10^0 g,29.25,21.25,9
demersal,10^0 g,29.25,21.75,22
demersal,10^0 g,29.25,22.25,2
demersal,10^0 g,29.75,21.75,3
demersal,10^1 g,0.25,12.25,2
demersal,10^1 g,0.25,12.75,2
demersal,10^1 g,0.25,13.25,15
demersal,10^1 g,0.25,13.75,14
demersal,10^1 g,0.25,14.25,11
demersal,10^1 g,0.25,14.75,9
demersal,10^1 g,0.25,15.25,8
demersal,10^1 g,0.25,15.75,8
demersal,10^1 g,0.25,16.25,19
demersal,10^1 g,0.25,16.75,16
demersal,10^1 g,0.25,17.25,17
demersal,10^1 g,0.25,17.75,22
demersal,10^1 g,0.25,18.25,49
demersal,10^1 g,0.25,18.75,53
demersal,10^1 g,0.25,19.25,65
demersal,10^1 g,0.25,19.75,79
demersal,10^1 g,0.25,20.25,39
demersal,10^1 g,0.25,20.75,31
demersal,10^1 g,0.25,21.25,18
demersal,10^1 g,0.25,21.75,5
demersal,10^1 g,0.25,22.25,1
demersal,10^1 g,0.25,23.25,1
demersal,10^1 g,0.75,11.75,1
demersal,10^1 g,0.75,12.25,3
demersal,10^1 g,0.75,12.75,16
demersal,10^1 g,0.75,13.25,20
demersal,10^1 g,0.75,13.75,10
demersal,10^1 g,0.75,14.25,15
demersal,10^1 g,0.75,14.75,3
demersal,10^1 g,0.75,15.25,3
demersal,10^1 g,0.75,15.75,1
demersal,10^1 g,0.75,16.25,5
demersal,10^1 g,0.75,16.75,4
demersal,10^1 g,0.75,17.25,3
demersal,10^1 g,0.75,17.75,9
demersal,10^1 g,0.75,18.25,9
demersal,10^1 g,0.75,18.75,15
demersal,10^1 g,0.75,19.25,16
demersal,10^1 g,0.75,19.75,22
demersal,10^1 g,0.75,20.25,11
demersal,10^1 g,0.75,20.75,7
demersal,10^1 g,0.75,21.75,1
demersal,10^1 g,1.25,11.75,6
demersal,10^1 g,1.25,12.25,17
demersal,10^1 g,1.25,12.75,17
demersal,10^1 g,1.25,13.25,23
demersal,10^1 g,1.25,13.75,5
demersal,10^1 g,1.25,14.25,4
demersal,10^1 g,1.25,14.75,2
demersal,10^1 g,1.25,15.25,4
demersal,10^1 g,1.25,15.75,3
demersal,10^1 g,1.25,16.25,1
demersal,10^1 g,1.25,16.75,4
demersal,10^1 g,1.25,17.25,2
demersal,10^1 g,1.25,17.75,3
demersal,10^1 g,1.25,18.25,3
demersal,10^1 g,1.25,18.75,6
demersal,10^1 g,1.25,19.25,21
demersal,10^1 g,1.25,19.75,17
demersal,10^1 g,1.25,20.25,16
demersal,10^1 g,1.25,20.75,10
demersal,10^1 g,1.75,4.75,1
demersal,10^1 g,1.75,9.25,1
demersal,10^1 g,1.75,10.75,1
demersal,10^1 g,1.75,11.25,14
demersal,10^1 g,1.75,11.75,12
demersal,10^1 g,1.75,12.25,30
demersal,10^1 g,1.75,12.75,15
demersal,10^1 g,1.75,13.25,3
demersal,10^1 g,1.75,13.75,6
demersal,10^1 g,1.75,14.25,4
demersal,10^1 g,1.75,14.75,2
demersal,10^1 g,1.75,15.25,1
demersal,10^1 g,1.75,15.75,4
demersal,10^1 g,1.75,16.25,1
demersal,10^1 g,1.75,17.25,1
demersal,10^1 g,1.75,17.75,3
demersal,10^1 g,1.75,18.25,5
demersal,10^1 g,1.75,18.75,8
demersal,10^1 g,1.75,19.25,14
demersal,10^1 g,1.75,19.75,11
demersal,10^1 g,1.75,20.25,9
demersal,10^1 g,1.75,20.75,17
demersal,10^1 g,1.75,21.25,4
demersal,10^1 g,1.75,21.75,3
demersal,10^1 g,2.25,7.25,1
demersal,10^1 g,2.25,9.75,1
demersal,10^1 g,2.25,11.25,5
demersal,10^1 g,2.25,11.75,7
demersal,10^1 g,2.25,12.25,8
demersal,10^1 g,2.25,12.75,8
demersal,10^1 g,2.25,13.25,3
demersal,10^1 g,2.25,13.75,4
demersal,10^1 g,2.25,14.25,3
demersal,10^1 g,2.25,14.75,1
demersal,10^1 g,2.25,15.25,1
demersal,10^1 g,2.25,15.75,2
demersal,10^1 g,2.25,16.75,2
demersal,10^1 g,2.25,17.25,3
demersal,10^1 g,2.25,17.75,2
demersal,10^1 g,2.25,18.25,8
demersal,10^1 g,2.25,18.75,6
demersal,10^1 g,2.25,19.25,5
demersal,10^1 g,2.25,19.75,9
demersal,10^1 g,2.25,20.25,13
demersal,10^1 g,2.25,20.75,3
demersal,10^1 g,2.25,21.25,7
demersal,10^1 g,2.25,21.75,1
demersal,10^1 g,2.25,23.25,1
demersal,10^1 g,2.75,1.25,1
demersal,10^1 g,2.75,6.75,1
demersal,10^1 g,2.75,8.25,1
demersal,10^1 g,2.75,10.25,2
demersal,10^1 g,2.75,12.25,1
demersal,10^1 g,2.75,13.25,1
demersal,10^1 g,2.75,14.25,2
demersal,10^1 g,2.75,14.75,2
demersal,10^1 g,2.75,15.25,3
demersal,10^1 g,2.75,15.75,3
demersal,10^1 g,2.75,16.25,2
demersal,10^1 g,2.75,16.75,3
demersal,10^1 g,2.75,17.25,1
demersal,10^1 g,2.75,17.75,3
demersal,10^1 g,2.75,18.25,3
demersal,10^1 g,2.75,18.75,6
demersal,10^1 g,2.75,19.25,9
demersal,10^1 g,2.75,19.75,10
demersal,10^1 g,2.75,20.25,21
demersal,10^1 g,2.75,20.75,4
demersal,10^1 g,2.75,21.25,3
demersal,10^1 g,2.75,21.75,1
demersal,10^1 g,2.75,22.25,1
demersal,10^1 g,3.25,3.75,1
demersal,10^1 g,3.25,4.25,2
demersal,10^1 g,3.25,5.25,1
demersal,10^1 g,3.25,5.75,1
demersal,10^1 g,3.25,6.25,1
demersal,10^1 g,3.25,6.75,1
demersal,10^1 g,3.25,7.25,1
demersal,10^1 g,3.25,7.75,2
demersal,10^1 g,3.25,8.25,1
demersal,10^1 g,3.25,9.25,1
demersal,10^1 g,3.25,9.75,2
demersal,10^1 g,3.25,11.75,3
demersal,10^1 g,3.25,13.25,2
demersal,10^1 g,3.25,14.25,1
demersal,10^1 g,3.25,14.75,1
demersal,10^1 g,3.25,15.75,3
demersal,10^1 g,3.25,16.25,1
demersal,10^1 g,3.25,17.25,2
demersal,10^1 g,3.25,17.75,6
demersal,10^1 g,3.25,18.25,6
demersal,10^1 g,3.25,18.75,42
demersal,10^1 g,3.25,19.25,75
demersal,10^1 g,3.25,19.75,19
demersal,10^1 g,3.25,20.25,17
demersal,10^1 g,3.25,21.25,10
demersal,10^1 g,3.25,21.75,11
demersal,10^1 g,3.25,22.25,3
demersal,10^1 g,3.75,3.25,1
demersal,10^1 g,3.75,4.75,1
demersal,10^1 g,3.75,6.25,1
demersal,10^1 g,3.75,6.75,1
demersal,10^1 g,3.75,8.25,1
demersal,10^1 g,3.75,9.75,1
demersal,10^1 g,3.75,10.75,2
demersal,10^1 g,3.75,11.25,1
demersal,10^1 g,3.75,11.75,3
demersal,10^1 g,3.75,12.25,1
demersal,10^1 g,3.75,12.75,1
demersal,10^1 g,3.75,13.25,2
demersal,10^1 g,3.75,13.75,1
demersal,10^1 g,3.75,14.25,2
demersal,10^1 g,3.75,15.75,2
demersal,10^1 g,3.75,16.75,1
demersal,10^1 g,3.75,17.75,3
demersal,10^1 g,3.75,18.25,3
demersal,10^1 g,3.75,18.75,4
demersal,10^1 g,3.75,19.25,17
demersal,10^1 g,3.75,19.75,9
demersal,10^1 g,3.75,20.25,1
demersal,10^1 g,3.75,20.75,4
demersal,10^1 g,3.75,21.25,2
demersal,10^1 g,3.75,21.75,8
demersal,10^1 g,3.75,22.25,8
demersal,10^1 g,4.25,4.75,1
demersal,10^1 g,4.25,6.75,1
demersal,10^1 g,4.25,7.75,1
demersal,10^1 g,4.25,10.75,1
demersal,10^1 g,4.25,11.25,1
demersal,10^1 g,4.25,12.75,2
demersal,10^1 g,4.25,13.75,1
demersal,10^1 g,4.25,14.25,3
demersal,10^1 g,4.25,14.75,12
demersal,10^1 g,4.25,16.75,1
demersal,10^1 g,4.25,17.25,2
demersal,10^1 g,4.25,17.75,2
demersal,10^1 g,4.25,18.75,3
demersal,10^1 g,4.25,19.25,2
demersal,10^1 g,4.25,20.25,2
demersal,10^1 g,4.25,20.75,1
demersal,10^1 g,4.25,21.25,3
demersal,10^1 g,4.25,21.75,12
demersal,10^1 g,4.25,22.25,9
demersal,10^1 g,4.75,2.25,2
demersal,10^1 g,4.75,3.75,1
demersal,10^1 g,4.75,6.75,2
demersal,10^1 g,4.75,7.25,1
demersal,10^1 g,4.75,9.25,1
demersal,10^1 g,4.75,10.25,1
demersal,10^1 g,4.75,11.25,2
demersal,10^1 g,4.75,11.75,1
demersal,10^1 g,4.75,12.25,2
demersal,10^1 g,4.75,14.75,1
demersal,10^1 g,4.75,15.25,1
demersal,10^1 g,4.75,16.25,2
demersal,10^1 g,4.75,18.75,3
demersal,10^1 g,4.75,19.25,2
demersal,10^1 g,4.75,19.75,1
demersal,10^1 g,4.75,20.75,1
demersal,10^1 g,4.75,21.25,3
demersal,10^1 g,4.75,21.75,19
demersal,10^1 g,4.75,22.25,7
demersal,10^1 g,5.25,7.25,1
demersal,10^1 g,5.25,9.75,2
demersal,10^1 g,5.25,10.75,1
demersal,10^1 g,5.25,11.25,3
demersal,10^1 g,5.25,11.75,1
demersal,10^1 g,5.25,12.25,1
demersal,10^1 g,5.25,12.75,2
demersal,10^1 g,5.25,13.25,2
demersal,10^1 g,5.25,16.75,2
demersal,10^1 g,5.25,17.25,1
demersal,10^1 g,5.25,18.75,1
demersal,10^1 g,5.25,19.25,1
demersal,10^1 g,5.25,19.75,1
demersal,10^1 g,5.25,20.25,5
demersal,10^1 g,5.25,20.75,2
demersal,10^1 g,5.25,21.75,18
demersal,10^1 g,5.25,22.25,4
demersal,10^1 g,5.75,4.75,1
demersal,10^1 g,5.75,5.25,1
demersal,10^1 g,5.75,5.75,1
demersal,10^1 g,5.75,6.75,1
demersal,10^1 g,5.75,8.25,1
demersal,10^1 g,5.75,8.75,2
demersal,10^1 g,5.75,10.25,1
demersal,10^1 g,5.75,10.75,1
demersal,10^1 g,5.75,12.75,1
demersal,10^1 g,5.75,13.25,1
demersal,10^1 g,5.75,13.75,2
demersal,10^1 g,5.75,14.25,2
demersal,10^1 g,5.75,14.75,1
demersal,10^1 g,5.75,16.25,2
demersal,10^1 g,5.75,16.75,3
demersal,10^1 g,5.75,17.25,2
demersal,10^1 g,5.75,19.25,1
demersal,10^1 g,5.75,20.25,3
demersal,10^1 g,5.75,20.75,3
demersal,10^1 g,5.75,21.25,3
demersal,10^1 g,5.75,21.75,21
demersal,10^1 g,5.75,22.25,6
demersal,10^1 g,6.25,4.75,2
demersal,10^1 g,6.25,6.25,1
demersal,10^1 g,6.25,6.75,1
demersal,10^1 g,6.25,8.25,1
demersal,10^1 g,6.25,8.75,1
demersal,10^1 g,6.25,9.25,2
demersal,10^1 g,6.25,9.75,1
demersal,10^1 g,6.25,10.25,2
demersal,10^1 g,6.25,11.25,2
demersal,10^1 g,6.25,12.25,1
demersal,10^1 g,6.25,13.25,1
demersal,10^1 g,6.25,13.75,1
demersal,10^1 g,6.25,14.25,1
demersal,10^1 g,6.25,16.25,1
demersal,10^1 g,6.25,17.75,1
demersal,10^1 g,6.25,18.25,1
demersal,10^1 g,6.25,19.25,2
demersal,10^1 g,6.25,19.75,3
demersal,10^1 g,6.25,20.25,4
demersal,10^1 g,6.25,20.75,10
demersal,10^1 g,6.25,21.25,5
demersal,10^1 g,6.25,21.75,3
demersal,10^1 g,6.25,22.25,3
demersal,10^1 g,6.75,1.25,1
demersal,10^1 g,6.75,6.25,2
demersal,10^1 g,6.75,6.75,1
demersal,10^1 g,6.75,8.25,1
demersal,10^1 g,6.75,9.25,2
demersal,10^1 g,6.75,9.75,2
demersal,10^1 g,6.75,10.25,1
demersal,10^1 g,6.75,10.75,4
demersal,10^1 g,6.75,14.75,1
demersal,10^1 g,6.75,15.25,1
demersal,10^1 g,6.75,15.75,1
demersal,10^1 g,6.75,17.25,1
demersal,10^1 g,6.75,17.75,2
demersal,10^1 g,6.75,18.25,4
demersal,10^1 g,6.75,18.75,3
demersal,10^1 g,6.75,19.25,1
demersal,10^1 g,6.75,20.25,6
demersal,10^1 g,6.75,20.75,4
demersal,10^1 g,6.75,21.25,3
demersal,10^1 g,6.75,21.75,3
demersal,10^1 g,6.75,22.25,4
demersal,10^1 g,7.25,3.25,1
demersal,10^1 g,7.25,3.75,1
demersal,10^1 g,7.25,5.75,1
demersal,10^1 g,7.25,7.75,2
demersal,10^1 g,7.25,8.75,1
demersal,10^1 g,7.25,9.75,2
demersal,10^1 g,7.25,10.25,3
demersal,10^1 g,7.25,11.25,1
demersal,10^1 g,7.25,12.25,1
demersal,10^1 g,7.25,12.75,2
demersal,10^1 g,7.25,13.25,3
demersal,10^1 g,7.25,13.75,1
demersal,10^1 g,7.25,14.25,1
demersal,10^1 g,7.25,14.75,2
demersal,10^1 g,7.25,15.75,2
demersal,10^1 g,7.25,16.75,1
demersal,10^1 g,7.25,17.25,2
demersal,10^1 g,7.25,17.75,1
demersal,10^1 g,7.25,18.25,1
demersal,10^1 g,7.25,18.75,4
demersal,10^1 g,7.25,19.25,5
demersal,10^1 g,7.25,19.75,3
demersal,10^1 g,7.25,20.25,4
demersal,10^1 g,7.25,20.75,4
demersal,10^1 g,7.25,21.25,4
demersal,10^1 g,7.25,21.75,14
demersal,10^1 g,7.25,22.25,5
demersal,10^1 g,7.25,22.75,1
demersal,10^1 g,7.75,6.25,1
demersal,10^1 g,7.75,8.25,1
demersal,10^1 g,7.75,8.75,1
demersal,10^1 g,7.75,9.25,1
demersal,10^1 g,7.75,9.75,1
demersal,10^1 g,7.75,10.25,2
demersal,10^1 g,7.75,11.25,1
demersal,10^1 g,7.75,11.75,1
demersal,10^1 g,7.75,12.75,2
demersal,10^1 g,7.75,13.25,1
demersal,10^1 g,7.75,13.75,1
demersal,10^1 g,7.75,14.25,1
demersal,10^1 g,7.75,14.75,3
demersal,10^1 g,7.75,15.75,3
demersal,10^1 g,7.75,16.75,1
demersal,10^1 g,7.75,17.25,3
demersal,10^1 g,7.75,17.75,2
demersal,10^1 g,7.75,18.25,4
demersal,10^1 g,7.75,18.75,2
demersal,10^1 g,7.75,19.25,2
demersal,10^1 g,7.75,19.75,5
demersal,10^1 g,7.75,20.25,8
demersal,10^1 g,7.75,20.75,3
demersal,10^1 g,7.75,21.25,5
demersal,10^1 g,7.75,21.75,6
demersal,10^1 g,7.75,22.25,6
demersal,10^1 g,7.75,22.75,2
demersal,10^1 g,8.25,6.25,1
demersal,10^1 g,8.25,6.75,1
demersal,10^1 g,8.25,9.25,2
demersal,10^1 g,8.25,9.75,1
demersal,10^1 g,8.25,10.75,1
demersal,10^1 g,8.25,13.25,1
demersal,10^1 g,8.25,14.25,1
demersal,10^1 g,8.25,14.75,1
demersal,10^1 g,8.25,15.25,1
demersal,10^1 g,8.25,15.75,2
demersal,10^1 g,8.25,16.25,2
demersal,10^1 g,8.25,16.75,1
demersal,10^1 g,8.25,17.25,4
demersal,10^1 g,8.25,17.75,5
demersal,10^1 g,8.25,18.25,1
demersal,10^1 g,8.25,18.75,1
demersal,10^1 g,8.25,19.25,1
demersal,10^1 g,8.25,20.25,10
demersal,10^1 g,8.25,21.25,6
demersal,10^1 g,8.25,21.75,3
demersal,10^1 g,8.25,22.25,3
demersal,10^1 g,8.25,22.75,2
demersal,10^1 g,8.75,0.25,1
demersal,10^1 g,8.75,2.25,1
demersal,10^1 g,8.75,2.75,1
demersal,10^1 g,8.75,4.25,1
demersal,10^1 g,8.75,6.25,2
demersal,10^1 g,8.75,8.25,1
demersal,10^1 g,8.75,9.25,2
demersal,10^1 g,8.75,9.75,1
demersal,10^1 g,8.75,12.75,2
demersal,10^1 g,8.75,13.75,3
demersal,10^1 g,8.75,14.25,1
demersal,10^1 g,8.75,14.75,3
demersal,10^1 g,8.75,16.25,2
demersal,10^1 g,8.75,16.75,6
demersal,10^1 g,8.75,17.25,7
demersal,10^1 g,8.75,17.75,5
demersal,10^1 g,8.75,18.25,6
demersal,10^1 g,8.75,18.75,2
demersal,10^1 g,8.75,19.25,3
demersal,10^1 g,8.75,19.75,2
demersal,10^1 g,8.75,20.25,7
demersal,10^1 g,8.75,20.75,8
demersal,10^1 g,8.75,21.25,7
demersal,10^1 g,8.75,21.75,3
demersal,10^1 g,8.75,22.25,1
demersal,10^1 g,9.25,1.75,1
demersal,10^1 g,9.25,2.75,1
demersal,10^1 g,9.25,5.25,1
demersal,10^1 g,9.25,7.75,1
demersal,10^1 g,9.25,9.75,3
demersal,10^1 g,9.25,11.25,2
demersal,10^1 g,9.25,11.75,1
demersal,10^1 g,9.25,12.75,1
demersal,10^1 g,9.25,13.75,2
demersal,10^1 g,9.25,14.25,1
demersal,10^1 g,9.25,14.75,2
demersal,10^1 g,9.25,15.25,5
demersal,10^1 g,9.25,15.75,4
demersal,10^1 g,9.25,16.75,7
demersal,10^1 g,9.25,17.25,16
demersal,10^1 g,9.25,17.75,5
demersal,10^1 g,9.25,18.25,5
demersal,10^1 g,9.25,18.75,4
demersal,10^1 g,9.25,19.25,1
demersal,10^1 g,9.25,19.75,1
demersal,10^1 g,9.25,20.25,7
demersal,10^1 g,9.25,20.75,6
demersal,10^1 g,9.25,21.25,6
demersal,10^1 g,9.25,21.75,7
demersal,10^1 g,9.25,22.25,3
demersal,10^1 g,9.75,4.75,1
demersal,10^1 g,9.75,9.25,1
demersal,10^1 g,9.75,9.75,1
demersal,10^1 g,9.75,10.25,2
demersal,10^1 g,9.75,10.75,1
demersal,10^1 g,9.75,11.75,1
demersal,10^1 g,9.75,12.75,1
demersal,10^1 g,9.75,13.25,1
demersal,10^1 g,9.75,14.25,1
demersal,10^1 g,9.75,14.75,5
demersal,10^1 g,9.75,15.25,6
demersal,10^1 g,9.75,15.75,6
demersal,10^1 g,9.75,16.25,1
demersal,10^1 g,9.75,16.75,2
demersal,10^1 g,9.75,17.25,8
demersal,10^1 g,9.75,17.75,13
demersal,10^1 g,9.75,18.25,2
demersal,10^1 g,9.75,19.25,2
demersal,10^1 g,9.75,19.75,3
demersal,10^1 g,9.75,20.25,4
demersal,10^1 g,9.75,20.75,9
demersal,10^1 g,9.75,21.25,6
demersal,10^1 g,9.75,21.75,11
demersal,10^1 g,9.75,22.25,2
demersal,10^1 g,10.25,2.25,1
demersal,10^1 g,10.25,5.75,1
demersal,10^1 g,10.25,8.25,1
demersal,10^1 g,10.25,8.75,1
demersal,10^1 g,10.25,9.75,1
demersal,10^1 g,10.25,11.75,3
demersal,10^1 g,10.25,12.25,1
demersal,10^1 g,10.25,12.75,1
demersal,10^1 g,10.25,13.25,2
demersal,10^1 g,10.25,13.75,1
demersal,10^1 g,10.25,14.25,3
demersal,10^1 g,10.25,14.75,1
demersal,10^1 g,10.25,15.25,7
demersal,10^1 g,10.25,15.75,8
demersal,10^1 g,10.25,16.25,5
demersal,10^1 g,10.25,16.75,3
demersal,10^1 g,10.25,17.25,6
demersal,10^1 g,10.25,17.75,5
demersal,10^1 g,10.25,18.25,8
demersal,10^1 g,10.25,19.25,1
demersal,10^1 g,10.25,19.75,4
demersal,10^1 g,10.25,20.25,2
demersal,10^1 g,10.25,20.75,5
demersal,10^1 g,10.25,21.25,7
demersal,10^1 g,10.25,21.75,22
demersal,10^1 g,10.25,22.25,5
demersal,10^1 g,10.75,2.25,1
demersal,10^1 g,10.75,6.25,2
demersal,10^1 g,10.75,8.75,1
demersal,10^1 g,10.75,9.25,3
demersal,10^1 g,10.75,9.75,2
demersal,10^1 g,10.75,10.75,1
demersal,10^1 g,10.75,11.25,1
demersal,10^1 g,10.75,12.75,1
demersal,10^1 g,10.75,13.75,1
demersal,10^1 g,10.75,14.25,1
demersal,10^1 g,10.75,14.75,3
demersal,10^1 g,10.75,15.25,5
demersal,10^1 g,10.75,15.75,4
demersal,10^1 g,10.75,16.25,2
demersal,10^1 g,10.75,16.75,2
demersal,10^1 g,10.75,17.25,2
demersal,10^1 g,10.75,17.75,2
demersal,10^1 g,10.75,18.25,10
demersal,10^1 g,10.75,18.75,2
demersal,10^1 g,10.75,19.25,3
demersal,10^1 g,10.75,19.75,6
demersal,10^1 g,10.75,20.25,9
demersal,10^1 g,10.75,20.75,7
demersal,10^1 g,10.75,21.25,12
demersal,10^1 g,10.75,21.75,22
demersal,10^1 g,10.75,22.75,1
demersal,10^1 g,11.25,4.75,2
demersal,10^1 g,11.25,6.75,1
demersal,10^1 g,11.25,7.25,1
demersal,10^1 g,11.25,12.75,1
demersal,10^1 g,11.25,13.25,1
demersal,10^1 g,11.25,14.25,1
demersal,10^1 g,11.25,15.25,4
demersal,10^1 g,11.25,15.75,4
demersal,10^1 g,11.25,16.25,6
demersal,10^1 g,11.25,16.75,1
demersal,10^1 g,11.25,17.25,7
demersal,10^1 g,11.25,17.75,2
demersal,10^1 g,11.25,18.25,4
demersal,10^1 g,11.25,18.75,7
demersal,10^1 g,11.25,19.25,2
demersal,10^1 g,11.25,19.75,1
demersal,10^1 g,11.25,20.25,8
demersal,10^1 g,11.25,20.75,5
demersal,10^1 g,11.25,21.25,11
demersal,10^1 g,11.25,21.75,24
demersal,10^1 g,11.25,22.25,5
demersal,10^1 g,11.25,22.75,1
demersal,10^1 g,11.75,3.75,1
demersal,10^1 g,11.75,4.25,1
demersal,10^1 g,11.75,6.25,1
demersal,10^1 g,11.75,8.75,1
demersal,10^1 g,11.75,9.75,1
demersal,10^1 g,11.75,10.25,1
demersal,10^1 g,11.75,11.75,1
demersal,10^1 g,11.75,12.75,2
demersal,10^1 g,11.75,13.25,1
demersal,10^1 g,11.75,13.75,1
demersal,10^1 g,11.75,14.25,2
demersal,10^1 g,11.75,14.75,1
demersal,10^1 g,11.75,15.25,3
demersal,10^1 g,11.75,15.75,3
demersal,10^1 g,11.75,16.25,2
demersal,10^1 g,11.75,16.75,5
demersal,10^1 g,11.75,17.25,1
demersal,10^1 g,11.75,17.75,3
demersal,10^1 g,11.75,18.25,1
demersal,10^1 g,11.75,18.75,3
demersal,10^1 g,11.75,19.25,5
demersal,10^1 g,11.75,19.75,4
demersal,10^1 g,11.75,20.25,3
demersal,10^1 g,11.75,20.75,2
demersal,10^1 g,11.75,21.25,10
demersal,10^1 g,11.75,21.75,8
demersal,10^1 g,11.75,22.25,2
demersal,10^1 g,12.25,2.25,1
demersal,10^1 g,12.25,3.75,2
demersal,10^1 g,12.25,5.25,1
demersal,10^1 g,12.25,5.75,1
demersal,10^1 g,12.25,9.25,1
demersal,10^1 g,12.25,9.75,1
demersal,10^1 g,12.25,10.75,1
demersal,10^1 g,12.25,11.25,1
demersal,10^1 g,12.25,13.75,1
demersal,10^1 g,12.25,15.25,3
demersal,10^1 g,12.25,15.75,2
demersal,10^1 g,12.25,16.25,5
demersal,10^1 g,12.25,16.75,3
demersal,10^1 g,12.25,17.25,5
demersal,10^1 g,12.25,17.75,1
demersal,10^1 g,12.25,18.25,2
demersal,10^1 g,12.25,19.25,1
demersal,10^1 g,12.25,19.75,4
demersal,10^1 g,12.25,20.25,3
demersal,10^1 g,12.25,20.75,1
demersal,10^1 g,12.25,21.25,14
demersal,10^1 g,12.25,21.75,8
demersal,10^1 g,12.25,22.25,4
demersal,10^1 g,12.75,2.75,2
demersal,10^1 g,12.75,9.75,2
demersal,10^1 g,12.75,13.75,1
demersal,10^1 g,12.75,14.25,2
demersal,10^1 g,12.75,14.75,1
demersal,10^1 g,12.75,15.25,1
demersal,10^1 g,12.75,15.75,1
demersal,10^1 g,12.75,16.25,2
demersal,10^1 g,12.75,16.75,3
demersal,10^1 g,12.75,17.25,4
demersal,10^1 g,12.75,17.75,4
demersal,10^1 g,12.75,18.25,2
demersal,10^1 g,12.75,18.75,2
demersal,10^1 g,12.75,19.25,3
demersal,10^1 g,12.75,19.75,1
demersal,10^1 g,12.75,20.25,3
demersal,10^1 g,12.75,20.75,3
demersal,10^1 g,12.75,21.75,6
demersal,10^1 g,12.75,22.25,9
demersal,10^1 g,13.25,2.75,1
demersal,10^1 g,13.25,6.75,1
demersal,10^1 g,13.25,7.75,1
demersal,10^1 g,13.25,9.25,1
demersal,10^1 g,13.25,9.75,1
demersal,10^1 g,13.25,10.25,1
demersal,10^1 g,13.25,11.25,2
demersal,10^1 g,13.25,12.75,2
demersal,10^1 g,13.25,13.75,1
demersal,10^1 g,13.25,15.75,7
demersal,10^1 g,13.25,16.25,2
demersal,10^1 g,13.25,16.75,4
demersal,10^1 g,13.25,17.25,5
demersal,10^1 g,13.25,17.75,9
demersal,10^1 g,13.25,18.25,4
demersal,10^1 g,13.25,18.75,2
demersal,10^1 g,13.25,19.25,10
demersal,10^1 g,13.25,19.75,2
demersal,10^1 g,13.25,20.75,2
demersal,10^1 g,13.25,21.25,1
demersal,10^1 g,13.25,21.75,1
demersal,10^1 g,13.25,22.25,1
demersal,10^1 g,13.75,1.75,1
demersal,10^1 g,13.75,5.25,1
demersal,10^1 g,13.75,8.25,1
demersal,10^1 g,13.75,10.75,1
demersal,10^1 g,13.75,13.75,2
demersal,10^1 g,13.75,15.25,2
demersal,10^1 g,13.75,15.75,1
demersal,10^1 g,13.75,16.25,3
demersal,10^1 g,13.75,16.75,1
demersal,10^1 g,13.75,17.25,5
demersal,10^1 g,13.75,17.75,2
demersal,10^1 g,13.75,18.25,3
demersal,10^1 g,13.75,18.75,4
demersal,10^1 g,13.75,19.25,4
demersal,10^1 g,13.75,19.75,14
demersal,10^1 g,13.75,20.25,9
demersal,10^1 g,13.75,20.75,2
demersal,10^1 g,13.75,21.25,1
demersal,10^1 g,13.75,21.75,1
demersal,10^1 g,13.75,22.25,1
demersal,10^1 g,14.25,3.25,1
demersal,10^1 g,14.25,9.25,1
demersal,10^1 g,14.25,10.25,2
demersal,10^1 g,14.25,11.25,2
demersal,10^1 g,14.25,11.75,1
demersal,10^1 g,14.25,12.75,2
demersal,10^1 g,14.25,13.25,1
demersal,10^1 g,14.25,14.75,1
demersal,10^1 g,14.25,15.25,1
demersal,10^1 g,14.25,15.75,2
demersal,10^1 g,14.25,16.75,2
demersal,10^1 g,14.25,17.25,1
demersal,10^1 g,14.25,17.75,2
demersal,10^1 g,14.25,18.25,4
demersal,10^1 g,14.25,18.75,3
demersal,10^1 g,14.25,19.25,7
demersal,10^1 g,14.25,19.75,7
demersal,10^1 g,14.25,20.25,11
demersal,10^1 g,14.25,20.75,12
demersal,10^1 g,14.25,21.25,3
demersal,10^1 g,14.25,21.75,3
demersal,10^1 g,14.25,22.25,1
demersal,10^1 g,14.75,2.75,1
demersal,10^1 g,14.75,3.75,1
demersal,10^1 g,14.75,7.75,1
demersal,10^1 g,14.75,9.75,1
demersal,10^1 g,14.75,12.25,1
demersal,10^1 g,14.75,13.25,1
demersal,10^1 g,14.75,14.25,1
demersal,10^1 g,14.75,14.75,2
demersal,10^1 g,14.75,15.25,1
demersal,10^1 g,14.75,15.75,2
demersal,10^1 g,14.75,16.75,2
demersal,10^1 g,14.75,17.25,1
demersal,10^1 g,14.75,18.25,3
demersal,10^1 g,14.75,18.75,1
demersal,10^1 g,14.75,19.25,4
demersal,10^1 g,14.75,19.75,10
demersal,10^1 g,14.75,20.25,8
demersal,10^1 g,14.75,20.75,13
demersal,10^1 g,14.75,21.25,15
demersal,10^1 g,14.75,21.75,3
demersal,10^1 g,15.25,3.75,1
demersal,10^1 g,15.25,4.25,1
demersal,10^1 g,15.25,8.25,1
demersal,10^1 g,15.25,11.75,1
demersal,10^1 g,15.25,12.75,3
demersal,10^1 g,15.25,13.75,1
demersal,10^1 g,15.25,14.75,1
demersal,10^1 g,15.25,15.75,1
demersal,10^1 g,15.25,16.25,1
demersal,10^1 g,15.25,16.75,2
demersal,10^1 g,15.25,18.75,4
demersal,10^1 g,15.25,19.25,4
demersal,10^1 g,15.25,19.75,5
demersal,10^1 g,15.25,20.25,4
demersal,10^1 g,15.25,20.75,4
demersal,10^1 g,15.25,21.25,7
demersal,10^1 g,15.25,21.75,5
demersal,10^1 g,15.25,22.25,1
demersal,10^1 g,15.75,4.25,1
demersal,10^1 g,15.75,4.75,1
demersal,10^1 g,15.75,6.75,1
demersal,10^1 g,15.75,7.75,1
demersal,10^1 g,15.75,8.75,1
demersal,10^1 g,15.75,9.25,1
demersal,10^1 g,15.75,9.75,2
demersal,10^1 g,15.75,10.75,1
demersal,10^1 g,15.75,12.25,1
demersal,10^1 g,15.75,12.75,1
demersal,10^1 g,15.75,15.25,1
demersal,10^1 g,15.75,16.25,3
demersal,10^1 g,15.75,16.75,1
demersal,10^1 g,15.75,17.75,3
demersal,10^1 g,15.75,18.75,4
demersal,10^1 g,15.75,19.25,3
demersal,10^1 g,15.75,19.75,3
demersal,10^1 g,15.75,20.75,4
demersal,10^1 g,15.75,21.25,4
demersal,10^1 g,15.75,21.75,4
demersal,10^1 g,15.75,22.25,1
demersal,10^1 g,16.25,6.75,1
demersal,10^1 g,16.25,8.25,1
demersal,10^1 g,16.25,8.75,1
demersal,10^1 g,16.25,9.75,1
demersal,10^1 g,16.25,10.25,1
demersal,10^1 g,16.25,13.25,1
demersal,10^1 g,16.25,14.25,1
demersal,10^1 g,16.25,14.75,1
demersal,10^1 g,16.25,15.25,1
demersal,10^1 g,16.25,15.75,1
demersal,10^1 g,16.25,16.25,3
demersal,10^1 g,16.25,16.75,1
demersal,10^1 g,16.25,19.25,1
demersal,10^1 g,16.25,20.25,5
demersal,10^1 g,16.25,20.75,2
demersal,10^1 g,16.25,21.25,7
demersal,10^1 g,16.25,22.75,1
demersal,10^1 g,16.75,10.25,1
demersal,10^1 g,16.75,11.25,1
demersal,10^1 g,16.75,11.75,2
demersal,10^1 g,16.75,12.75,2
demersal,10^1 g,16.75,13.25,1
demersal,10^1 g,16.75,13.75,1
demersal,10^1 g,16.75,14.25,1
demersal,10^1 g,16.75,15.25,1
demersal,10^1 g,16.75,15.75,1
demersal,10^1 g,16.75,16.25,1
demersal,10^1 g,16.75,16.75,4
demersal,10^1 g,16.75,17.25,1
demersal,10^1 g,16.75,17.75,1
demersal,10^1 g,16.75,18.75,2
demersal,10^1 g,16.75,19.25,1
demersal,10^1 g,16.75,19.75,1
demersal,10^1 g,16.75,20.25,10
demersal,10^1 g,16.75,20.75,4
demersal,10^1 g,16.75,21.25,1
demersal,10^1 g,16.75,21.75,2
demersal,10^1 g,16.75,22.25,2
demersal,10^1 g,16.75,22.75,2
demersal,10^1 g,17.25,11.75,1
demersal,10^1 g,17.25,12.75,1
demersal,10^1 g,17.25,14.75,1
demersal,10^1 g,17.25,15.25,1
demersal,10^1 g,17.25,15.75,1
demersal,10^1 g,17.25,16.25,2
demersal,10^1 g,17.25,16.75,2
demersal,10^1 g,17.25,17.25,6
demersal,10^1 g,17.25,18.25,1
demersal,10^1 g,17.25,19.25,1
demersal,10^1 g,17.25,20.25,4
demersal,10^1 g,17.25,20.75,5
demersal,10^1 g,17.25,21.25,6
demersal,10^1 g,17.25,21.75,1
demersal,10^1 g,17.25,22.25,1
demersal,10^1 g,17.75,14.25,1
demersal,10^1 g,17.75,15.25,2
demersal,10^1 g,17.75,15.75,1
demersal,10^1 g,17.75,16.25,2
demersal,10^1 g,17.75,17.25,3
demersal,10^1 g,17.75,17.75,2
demersal,10^1 g,17.75,18.25,1
demersal,10^1 g,17.75,19.25,1
demersal,10^1 g,17.75,20.75,4
demersal,10^1 g,17.75,21.25,8
demersal,10^1 g,17.75,21.75,1
demersal,10^1 g,18.25,5.25,1
demersal,10^1 g,18.25,10.75,3
demersal,10^1 g,18.25,11.25,1
demersal,10^1 g,18.25,13.25,1
demersal,10^1 g,18.25,13.75,2
demersal,10^1 g,18.25,14.75,1
demersal,10^1 g,18.25,15.25,1
demersal,10^1 g,18.25,16.75,3
demersal,10^1 g,18.25,17.25,2
demersal,10^1 g,18.25,17.75,3
demersal,10^1 g,18.25,18.25,2
demersal,10^1 g,18.25,19.75,2
demersal,10^1 g,18.25,20.75,6
demersal,10^1 g,18.25,21.25,6
demersal,10^1 g,18.25,21.75,7
demersal,10^1 g,18.25,22.25,1
demersal,10^1 g,18.75,10.25,1
demersal,10^1 g,18.75,11.25,1
demersal,10^1 g,18.75,12.25,1
demersal,10^1 g,18.75,12.75,1
demersal,10^1 g,18.75,13.25,1
demersal,10^1 g,18.75,14.75,1
demersal,10^1 g,18.75,15.25,1
demersal,10^1 g,18.75,16.75,3
demersal,10^1 g,18.75,17.75,4
demersal,10^1 g,18.75,18.75,1
demersal,10^1 g,18.75,19.25,1
demersal,10^1 g,18.75,20.25,1
demersal,10^1 g,18.75,21.25,18
demersal,10^1 g,18.75,21.75,5
demersal,10^1 g,18.75,22.25,2
demersal,10^1 g,19.25,5.75,1
demersal,10^1 g,19.25,11.75,1
demersal,10^1 g,19.25,13.25,1
demersal,10^1 g,19.25,14.25,1
demersal,10^1 g,19.25,14.75,1
demersal,10^1 g,19.25,15.75,1
demersal,10^1 g,19.25,17.75,1
demersal,10^1 g,19.25,18.75,2
demersal,10^1 g,19.25,19.25,1
demersal,10^1 g,19.25,21.25,4
demersal,10^1 g,19.25,21.75,2
demersal,10^1 g,19.25,22.25,4
demersal,10^1 g,19.25,22.75,1
demersal,10^1 g,19.75,11.75,1
demersal,10^1 g,19.75,15.75,1
demersal,10^1 g,19.75,16.75,1
demersal,10^1 g,19.75,17.75,1
demersal,10^1 g,19.75,18.25,1
demersal,10^1 g,19.75,19.25,1
demersal,10^1 g,19.75,21.75,3
demersal,10^1 g,19.75,22.25,3
demersal,10^1 g,19.75,22.75,1
demersal,10^1 g,20.25,11.75,1
demersal,10^1 g,20.25,12.25,2
demersal,10^1 g,20.25,12.75,2
demersal,10^1 g,20.25,14.75,1
demersal,10^1 g,20.25,15.75,1
demersal,10^1 g,20.25,16.25,1
demersal,10^1 g,20.25,16.75,1
demersal,10^1 g,20.25,17.75,1
demersal,10^1 g,20.25,18.25,1
demersal,10^1 g,20.25,19.25,1
demersal,10^1 g,20.25,20.25,2
demersal,10^1 g,20.25,20.75,1
demersal,10^1 g,20.25,21.25,8
demersal,10^1 g,20.25,21.75,3
demersal,10^1 g,20.25,22.25,2
demersal,10^1 g,20.25,22.75,1
demersal,10^1 g,20.75,10.75,1
demersal,10^1 g,20.75,13.75,1
demersal,10^1 g,20.75,14.25,1
demersal,10^1 g,20.75,15.75,1
demersal,10^1 g,20.75,16.25,1
demersal,10^1 g,20.75,17.25,1
demersal,10^1 g,20.75,18.25,2
demersal,10^1 g,20.75,19.25,1
demersal,10^1 g,20.75,19.75,1
demersal,10^1 g,20.75,20.75,1
demersal,10^1 g,20.75,21.25,1
demersal,10^1 g,20.75,21.75,2
demersal,10^1 g,20.75,22.25,3
demersal,10^1 g,20.75,22.75,1
demersal,10^1 g,21.25,15.75,1
demersal,10^1 g,21.25,16.25,1
demersal,10^1 g,21.25,17.25,1
demersal,10^1 g,21.25,18.25,1
demersal,10^1 g,21.25,18.75,1
demersal,10^1 g,21.25,19.75,1
demersal,10^1 g,21.25,20.75,1
demersal,10^1 g,21.25,21.25,3
demersal,10^1 g,21.25,21.75,2
demersal,10^1 g,21.25,22.25,4
demersal,10^1 g,21.75,7.25,1
demersal,10^1 g,21.75,11.25,1
demersal,10^1 g,21.75,13.75,3
demersal,10^1 g,21.75,14.25,1
demersal,10^1 g,21.75,16.25,1
demersal,10^1 g,21.75,18.75,2
demersal,10^1 g,21.75,19.25,1
demersal,10^1 g,21.75,20.25,3
demersal,10^1 g,21.75,21.25,6
demersal,10^1 g,21.75,21.75,7
demersal,10^1 g,21.75,22.25,1
demersal,10^1 g,22.25,12.25,2
demersal,10^1 g,22.25,13.75,1
demersal,10^1 g,22.25,15.75,1
demersal,10^1 g,22.25,16.75,1
demersal,10^1 g,22.25,17.25,1
demersal,10^1 g,22.25,17.75,1
demersal,10^1 g,22.25,19.75,1
demersal,10^1 g,22.25,20.25,2
demersal,10^1 g,22.25,20.75,6
demersal,10^1 g,22.25,21.75,2
demersal,10^1 g,22.25,22.25,1
demersal,10^1 g,22.25,25.25,1
demersal,10^1 g,22.75,10.25,1
demersal,10^1 g,22.75,14.25,1
demersal,10^1 g,22.75,16.75,1
demersal,10^1 g,22.75,17.25,2
demersal,10^1 g,22.75,17.75,2
demersal,10^1 g,22.75,19.25,1
demersal,10^1 g,22.75,20.75,7
demersal,10^1 g,22.75,21.25,1
demersal,10^1 g,22.75,21.75,5
demersal,10^1 g,22.75,23.25,1
demersal,10^1 g,23.25,7.75,1
demersal,10^1 g,23.25,9.75,1
demersal,10^1 g,23.25,10.75,1
demersal,10^1 g,23.25,12.25,2
demersal,10^1 g,23.25,16.25,2
demersal,10^1 g,23.25,17.25,2
demersal,10^1 g,23.25,17.75,2
demersal,10^1 g,23.25,19.25,3
demersal,10^1 g,23.25,19.75,2
demersal,10^1 g,23.25,20.75,3
demersal,10^1 g,23.25,21.25,12
demersal,10^1 g,23.25,21.75,2
demersal,10^1 g,23.25,22.25,3
demersal,10^1 g,23.25,22.75,2
demersal,10^1 g,23.75,11.25,1
demersal,10^1 g,23.75,12.75,1
demersal,10^1 g,23.75,16.25,3
demersal,10^1 g,23.75,16.75,3
demersal,10^1 g,23.75,17.75,3
demersal,10^1 g,23.75,18.25,3
demersal,10^1 g,23.75,18.75,2
demersal,10^1 g,23.75,19.75,2
demersal,10^1 g,23.75,20.25,2
demersal,10^1 g,23.75,20.75,7
demersal,10^1 g,23.75,21.25,1
demersal,10^1 g,23.75,21.75,1
demersal,10^1 g,23.75,22.25,2
demersal,10^1 g,23.75,22.75,3
demersal,10^1 g,24.25,10.25,2
demersal,10^1 g,24.25,16.25,2
demersal,10^1 g,24.25,16.75,2
demersal,10^1 g,24.25,17.25,3
demersal,10^1 g,24.25,17.75,4
demersal,10^1 g,24.25,18.25,2
demersal,10^1 g,24.25,18.75,1
demersal,10^1 g,24.25,19.25,3
demersal,10^1 g,24.25,19.75,5
demersal,10^1 g,24.25,20.25,5
demersal,10^1 g,24.25,20.75,9
demersal,10^1 g,24.25,21.25,5
demersal,10^1 g,24.25,21.75,6
demersal,10^1 g,24.25,22.25,1
demersal,10^1 g,24.75,8.75,1
demersal,10^1 g,24.75,10.75,1
demersal,10^1 g,24.75,11.25,2
demersal,10^1 g,24.75,11.75,1
demersal,10^1 g,24.75,13.75,1
demersal,10^1 g,24.75,14.25,1
demersal,10^1 g,24.75,15.75,1
demersal,10^1 g,24.75,16.25,3
demersal,10^1 g,24.75,16.75,1
demersal,10^1 g,24.75,17.75,4
demersal,10^1 g,24.75,18.25,2
demersal,10^1 g,24.75,18.75,4
demersal,10^1 g,24.75,19.25,1
demersal,10^1 g,24.75,19.75,5
demersal,10^1 g,24.75,20.25,14
demersal,10^1 g,24.75,20.75,20
demersal,10^1 g,24.75,21.25,10
demersal,10^1 g,24.75,21.75,20
demersal,10^1 g,24.75,22.25,1
demersal,10^1 g,25.25,9.25,2
demersal,10^1 g,25.25,11.25,1
demersal,10^1 g,25.25,12.25,1
demersal,10^1 g,25.25,13.75,1
demersal,10^1 g,25.25,15.75,1
demersal,10^1 g,25.25,16.25,1
demersal,10^1 g,25.25,16.75,2
demersal,10^1 g,25.25,17.25,1
demersal,10^1 g,25.25,17.75,1
demersal,10^1 g,25.25,18.25,4
demersal,10^1 g,25.25,18.75,1
demersal,10^1 g,25.25,19.25,3
demersal,10^1 g,25.25,19.75,2
demersal,10^1 g,25.25,20.25,1
demersal,10^1 g,25.25,20.75,16
demersal,10^1 g,25.25,21.25,31
demersal,10^1 g,25.25,21.75,16
demersal,10^1 g,25.25,22.25,3
demersal,10^1 g,25.75,10.25,1
demersal,10^1 g,25.75,11.25,1
demersal,10^1 g,25.75,12.25,1
demersal,10^1 g,25.75,12.75,1
demersal,10^1 g,25.75,14.25,1
demersal,10^1 g,25.75,15.25,2
demersal,10^1 g,25.75,16.25,1
demersal,10^1 g,25.75,16.75,1
demersal,10^1 g,25.75,17.25,2
demersal,10^1 g,25.75,18.25,1
demersal,10^1 g,25.75,18.75,4
demersal,10^1 g,25.75,19.25,5
demersal,10^1 g,25.75,19.75,4
demersal,10^1 g,25.75,20.25,6
demersal,10^1 g,25.75,20.75,13
demersal,10^1 g,25.75,21.25,20
demersal,10^1 g,25.75,21.75,14
demersal,10^1 g,25.75,22.25,3
demersal,10^1 g,26.25,13.75,3
demersal,10^1 g,26.25,14.75,2
demersal,10^1 g,26.25,15.75,3
demersal,10^1 g,26.25,16.25,3
demersal,10^1 g,26.25,16.75,3
demersal,10^1 g,26.25,17.25,1
demersal,10^1 g,26.25,17.75,2
demersal,10^1 g,26.25,18.25,1
demersal,10^1 g,26.25,19.25,4
demersal,10^1 g,26.25,19.75,4
demersal,10^1 g,26.25,20.25,5
demersal,10^1 g,26.25,20.75,3
demersal,10^1 g,26.25,21.25,23
demersal,10^1 g,26.25,21.75,10
demersal,10^1 g,26.25,22.25,6
demersal,10^1 g,26.75,11.25,1
demersal,10^1 g,26.75,12.25,1
demersal,10^1 g,26.75,12.75,1
demersal,10^1 g,26.75,14.25,1
demersal,10^1 g,26.75,14.75,1
demersal,10^1 g,26.75,15.75,1
demersal,10^1 g,26.75,16.25,1
demersal,10^1 g,26.75,16.75,1
demersal,10^1 g,26.75,17.25,3
demersal,10^1 g,26.75,17.75,4
demersal,10^1 g,26.75,18.25,3
demersal,10^1 g,26.75,18.75,2
demersal,10^1 g,26.75,19.25,1
demersal,10^1 g,26.75,19.75,4
demersal,10^1 g,26.75,20.25,6
demersal,10^1 g,26.75,20.75,14
demersal,10^1 g,26.75,21.25,21
demersal,10^1 g,26.75,21.75,16
demersal,10^1 g,27.25,10.25,1
demersal,10^1 g,27.25,10.75,2
demersal,10^1 g,27.25,13.25,1
demersal,10^1 g,27.25,13.75,2
demersal,10^1 g,27.25,15.25,1
demersal,10^1 g,27.25,16.25,2
demersal,10^1 g,27.25,16.75,2
demersal,10^1 g,27.25,17.25,2
demersal,10^1 g,27.25,17.75,5
demersal,10^1 g,27.25,18.25,1
demersal,10^1 g,27.25,18.75,4
demersal,10^1 g,27.25,19.25,5
demersal,10^1 g,27.25,19.75,7
demersal,10^1 g,27.25,20.25,7
demersal,10^1 g,27.25,20.75,14
demersal,10^1 g,27.25,21.25,33
demersal,10^1 g,27.25,21.75,24
demersal,10^1 g,27.25,22.25,1
demersal,10^1 g,27.75,11.25,1
demersal,10^1 g,27.75,12.75,1
demersal,10^1 g,27.75,14.25,1
demersal,10^1 g,27.75,16.25,2
demersal,10^1 g,27.75,16.75,1
demersal,10^1 g,27.75,17.25,1
demersal,10^1 g,27.75,17.75,3
demersal,10^1 g,27.75,18.25,6
demersal,10^1 g,27.75,18.75,2
demersal,10^1 g,27.75,19.25,5
demersal,10^1 g,27.75,19.75,9
demersal,10^1 g,27.75,20.25,8
demersal,10^1 g,27.75,20.75,9
demersal,10^1 g,27.75,21.25,18
demersal,10^1 g,27.75,21.75,37
demersal,10^1 g,27.75,22.25,5
demersal,10^1 g,28.25,18.25,1
demersal,10^1 g,28.25,18.75,2
demersal,10^1 g,28.25,19.25,1
demersal,10^1 g,28.25,19.75,2
demersal,10^1 g,28.25,20.25,8
demersal,10^1 g,28.25,20.75,2
demersal,10^1 g,28.25,21.25,15
demersal,10^1 g,28.25,21.75,12
demersal,10^1 g,28.25,22.25,1
demersal,10^1 g,28.75,19.75,1
demersal,10^1 g,28.75,20.25,4
demersal,10^1 g,28.75,20.75,14
demersal,10^1 g,28.75,21.25,12
demersal,10^1 g,28.75,21.75,4
demersal,10^1 g,28.75,22.25,1
demersal,10^1 g,29.25,19.75,1
demersal,10^1 g,29.25,21.25,5
demersal,10^1 g,29.25,21.75,14
demersal,10^1 g,29.25,22.25,4
demersal,10^1 g,29.75,20.75,1
demersal,10^1 g,29.75,21.75,5
demersal,10^2 g,0.25,8.75,1
demersal,10^2 g,0.25,12.25,2
demersal,10^2 g,0.25,12.75,3
demersal,10^2 g,0.25,13.25,18
demersal,10^2 g,0.25,13.75,11
demersal,10^2 g,0.25,14.25,7
demersal,10^2 g,0.25,14.75,9
demersal,10^2 g,0.25,15.25,8
demersal,10^2 g,0.25,15.75,14
demersal,10^2 g,0.25,16.25,17
demersal,10^2 g,0.25,16.75,13
demersal,10^2 g,0.25,17.25,25
demersal,10^2 g,0.25,17.75,31
demersal,10^2 g,0.25,18.25,65
demersal,10^2 g,0.25,18.75,75
demersal,10^2 g,0.25,19.25,102
demersal,10^2 g,0.25,19.75,140
demersal,10^2 g,0.25,20.25,55
demersal,10^2 g,0.25,20.75,46
demersal,10^2 g,0.25,21.25,40
demersal,10^2 g,0.25,21.75,12
demersal,10^2 g,0.25,22.25,4
demersal,10^2 g,0.25,22.75,2
demersal,10^2 g,0.75,11.75,1
demersal,10^2 g,0.75,12.25,1
demersal,10^2 g,0.75,12.75,13
demersal,10^2 g,0.75,13.25,6
demersal,10^2 g,0.75,13.75,6
demersal,10^2 g,0.75,14.25,5
demersal,10^2 g,0.75,14.75,5
demersal,10^2 g,0.75,15.25,2
demersal,10^2 g,0.75,16.25,1
demersal,10^2 g,0.75,16.75,1
demersal,10^2 g,0.75,17.25,3
demersal,10^2 g,0.75,17.75,13
demersal,10^2 g,0.75,18.25,13
demersal,10^2 g,0.75,18.75,21
demersal,10^2 g,0.75,19.25,19
demersal,10^2 g,0.75,19.75,48
demersal,10^2 g,0.75,20.25,24
demersal,10^2 g,0.75,20.75,17
demersal,10^2 g,0.75,21.25,2
demersal,10^2 g,0.75,21.75,1
demersal,10^2 g,0.75,22.25,1
demersal,10^2 g,1.25,9.25,1
demersal,10^2 g,1.25,11.75,3
demersal,10^2 g,1.25,12.25,4
demersal,10^2 g,1.25,12.75,6
demersal,10^2 g,1.25,13.25,3
demersal,10^2 g,1.25,13.75,2
demersal,10^2 g,1.25,14.25,4
demersal,10^2 g,1.25,14.75,2
demersal,10^2 g,1.25,15.25,1
demersal,10^2 g,1.25,15.75,1
demersal,10^2 g,1.25,16.75,3
demersal,10^2 g,1.25,17.25,2
demersal,10^2 g,1.25,17.75,6
demersal,10^2 g,1.25,18.25,7
demersal,10^2 g,1.25,18.75,17
demersal,10^2 g,1.25,19.25,42
demersal,10^2 g,1.25,19.75,53
demersal,10^2 g,1.25,20.25,35
demersal,10^2 g,1.25,20.75,10
demersal,10^2 g,1.25,21.25,6
demersal,10^2 g,1.25,21.75,1
demersal,10^2 g,1.25,22.25,1
demersal,10^2 g,1.25,22.75,1
demersal,10^2 g,1.75,4.75,1
demersal,10^2 g,1.75,5.25,2
demersal,10^2 g,1.75,5.75,1
demersal,10^2 g,1.75,6.75,4
demersal,10^2 g,1.75,7.25,1
demersal,10^2 g,1.75,9.75,1
demersal,10^2 g,1.75,10.25,1
demersal,10^2 g,1.75,11.25,3
demersal,10^2 g,1.75,11.75,9
demersal,10^2 g,1.75,12.25,8
demersal,10^2 g,1.75,12.75,6
demersal,10^2 g,1.75,13.25,5
demersal,10^2 g,1.75,13.75,1
demersal,10^2 g,1.75,15.75,2
demersal,10^2 g,1.75,17.25,1
demersal,10^2 g,1.75,17.75,6
demersal,10^2 g,1.75,18.25,6
demersal,10^2 g,1.75,18.75,13
demersal,10^2 g,1.75,19.25,25
demersal,10^2 g,1.75,19.75,39
demersal,10^2 g,1.75,20.25,44
demersal,10^2 g,1.75,20.75,32
demersal,10^2 g,1.75,21.25,2
demersal,10^2 g,1.75,21.75,5
demersal,10^2 g,2.25,2.75,1
demersal,10^2 g,2.25,3.25,1
demersal,10^2 g,2.25,4.75,1
demersal,10^2 g,2.25,5.25,1
demersal,10^2 g,2.25,6.25,2
demersal,10^2 g,2.25,6.75,1
demersal,10^2 g,2.25,7.25,1
demersal,10^2 g,2.25,9.75,3
demersal,10^2 g,2.25,10.25,1
demersal,10^2 g,2.25,10.75,1
demersal,10^2 g,2.25,11.25,4
demersal,10^2 g,2.25,11.75,5
demersal,10^2 g,2.25,12.25,5
demersal,10^2 g,2.25,12.75,1
demersal,10^2 g,2.25,13.25,3
demersal,10^2 g,2.25,13.75,4
demersal,10^2 g,2.25,14.75,1
demersal,10^2 g,2.25,15.25,4
demersal,10^2 g,2.25,15.75,2
demersal,10^2 g,2.25,16.75,1
demersal,10^2 g,2.25,17.25,2
demersal,10^2 g,2.25,17.75,8
demersal,10^2 g,2.25,18.25,9
demersal,10^2 g,2.25,18.75,9
demersal,10^2 g,2.25,19.25,8
demersal,10^2 g,2.25,19.75,22
demersal,10^2 g,2.25,20.25,60
demersal,10^2 g,2.25,20.75,13
demersal,10^2 g,2.25,21.25,9
demersal,10^2 g,2.25,21.75,4
demersal,10^2 g,2.25,22.25,1
demersal,10^2 g,2.25,22.75,1
demersal,10^2 g,2.25,23.25,1
demersal,10^2 g,2.75,2.75,2
demersal,10^2 g,2.75,3.75,1
demersal,10^2 g,2.75,7.25,1
demersal,10^2 g,2.75,8.75,1
demersal,10^2 g,2.75,9.75,1
demersal,10^2 g,2.75,10.25,2
demersal,10^2 g,2.75,10.75,2
demersal,10^2 g,2.75,11.25,1
demersal,10^2 g,2.75,11.75,2
demersal,10^2 g,2.75,12.25,6
demersal,10^2 g,2.75,12.75,2
demersal,10^2 g,2.75,13.25,3
demersal,10^2 g,2.75,13.75,3
demersal,10^2 g,2.75,14.25,3
demersal,10^2 g,2.75,14.75,1
demersal,10^2 g,2.75,15.75,1
demersal,10^2 g,2.75,16.25,8
demersal,10^2 g,2.75,16.75,1
demersal,10^2 g,2.75,17.25,1
demersal,10^2 g,2.75,17.75,4
demersal,10^2 g,2.75,18.25,7
demersal,10^2 g,2.75,18.75,16
demersal,10^2 g,2.75,19.25,20
demersal,10^2 g,2.75,19.75,15
demersal,10^2 g,2.75,20.25,51
demersal,10^2 g,2.75,20.75,9
demersal,10^2 g,2.75,21.25,3
demersal,10^2 g,2.75,21.75,6
demersal,10^2 g,2.75,22.25,2
demersal,10^2 g,3.25,2.25,2
demersal,10^2 g,3.25,2.75,2
demersal,10^2 g,3.25,3.75,1
demersal,10^2 g,3.25,5.75,1
demersal,10^2 g,3.25,6.75,1
demersal,10^2 g,3.25,8.25,2
demersal,10^2 g,3.25,8.75,1
demersal,10^2 g,3.25,9.25,1
demersal,10^2 g,3.25,9.75,2
demersal,10^2 g,3.25,10.25,3
demersal,10^2 g,3.25,10.75,2
demersal,10^2 g,3.25,11.25,4
demersal,10^2 g,3.25,11.75,4
demersal,10^2 g,3.25,12.25,2
demersal,10^2 g,3.25,12.75,6
demersal,10^2 g,3.25,13.25,5
demersal,10^2 g,3.25,13.75,2
demersal,10^2 g,3.25,14.25,2
demersal,10^2 g,3.25,14.75,1
demersal,10^2 g,3.25,15.25,2
demersal,10^2 g,3.25,15.75,6
demersal,10^2 g,3.25,16.25,5
demersal,10^2 g,3.25,16.75,5
demersal,10^2 g,3.25,17.25,5
demersal,10^2 g,3.25,17.75,13
demersal,10^2 g,3.25,18.25,21
demersal,10^2 g,3.25,18.75,56
demersal,10^2 g,3.25,19.25,163
demersal,10^2 g,3.25,19.75,66
demersal,10^2 g,3.25,20.25,58
demersal,10^2 g,3.25,20.75,12
demersal,10^2 g,3.25,21.25,15
demersal,10^2 g,3.25,21.75,26
demersal,10^2 g,3.25,22.25,14
demersal,10^2 g,3.75,1.75,1
demersal,10^2 g,3.75,3.75,1
demersal,10^2 g,3.75,4.25,1
demersal,10^2 g,3.75,5.25,1
demersal,10^2 g,3.75,5.75,1
demersal,10^2 g,3.75,6.25,1
demersal,10^2 g,3.75,6.75,1
demersal,10^2 g,3.75,7.25,1
demersal,10^2 g,3.75,9.25,1
demersal,10^2 g,3.75,9.75,1
demersal,10^2 g,3.75,10.25,1
demersal,10^2 g,3.75,10.75,8
demersal,10^2 g,3.75,11.25,10
demersal,10^2 g,3.75,11.75,6
demersal,10^2 g,3.75,12.25,2
demersal,10^2 g,3.75,12.75,4
demersal,10^2 g,3.75,13.25,4
demersal,10^2 g,3.75,13.75,4
demersal,10^2 g,3.75,14.25,6
demersal,10^2 g,3.75,14.75,1
demersal,10^2 g,3.75,15.25,3
demersal,10^2 g,3.75,15.75,2
demersal,10^2 g,3.75,16.25,3
demersal,10^2 g,3.75,16.75,2
demersal,10^2 g,3.75,17.25,4
demersal,10^2 g,3.75,17.75,9
demersal,10^2 g,3.75,18.25,21
demersal,10^2 g,3.75,18.75,14
demersal,10^2 g,3.75,19.25,56
demersal,10^2 g,3.75,19.75,35
demersal,10^2 g,3.75,20.25,16
demersal,10^2 g,3.75,20.75,12
demersal,10^2 g,3.75,21.25,3
demersal,10^2 g,3.75,21.75,19
demersal,10^2 g,3.75,22.25,15
demersal,10^2 g,4.25,5.75,1
demersal,10^2 g,4.25,7.25,1
demersal,10^2 g,4.25,7.75,1
demersal,10^2 g,4.25,8.75,2
demersal,10^2 g,4.25,9.75,1
demersal,10^2 g,4.25,10.75,1
demersal,10^2 g,4.25,11.25,3
demersal,10^2 g,4.25,11.75,9
demersal,10^2 g,4.25,12.25,9
demersal,10^2 g,4.25,12.75,9
demersal,10^2 g,4.25,13.25,9
demersal,10^2 g,4.25,13.75,7
demersal,10^2 g,4.25,14.25,10
demersal,10^2 g,4.25,14.75,22
demersal,10^2 g,4.25,15.25,1
demersal,10^2 g,4.25,15.75,1
demersal,10^2 g,4.25,16.25,1
demersal,10^2 g,4.25,17.25,6
demersal,10^2 g,4.25,17.75,6
demersal,10^2 g,4.25,18.25,8
demersal,10^2 g,4.25,18.75,2
demersal,10^2 g,4.25,19.25,5
demersal,10^2 g,4.25,19.75,6
demersal,10^2 g,4.25,20.25,16
demersal,10^2 g,4.25,20.75,21
demersal,10^2 g,4.25,21.25,6
demersal,10^2 g,4.25,21.75,16
demersal,10^2 g,4.25,22.25,9
demersal,10^2 g,4.75,2.75,1
demersal,10^2 g,4.75,7.75,1
demersal,10^2 g,4.75,9.25,2
demersal,10^2 g,4.75,11.25,2
demersal,10^2 g,4.75,11.75,7
demersal,10^2 g,4.75,12.25,22
demersal,10^2 g,4.75,12.75,8
demersal,10^2 g,4.75,13.25,8
demersal,10^2 g,4.75,13.75,3
demersal,10^2 g,4.75,14.25,4
demersal,10^2 g,4.75,14.75,3
demersal,10^2 g,4.75,15.25,7
demersal,10^2 g,4.75,15.75,4
demersal,10^2 g,4.75,16.75,1
demersal,10^2 g,4.75,17.25,4
demersal,10^2 g,4.75,17.75,3
demersal,10^2 g,4.75,18.25,1
demersal,10^2 g,4.75,18.75,3
demersal,10^2 g,4.75,19.25,2
demersal,10^2 g,4.75,19.75,6
demersal,10^2 g,4.75,20.25,8
demersal,10^2 g,4.75,20.75,14
demersal,10^2 g,4.75,21.25,4
demersal,10^2 g,4.75,21.75,25
demersal,10^2 g,4.75,22.25,15
demersal,10^2 g,4.75,22.75,2
demersal,10^2 g,5.25,2.75,1
demersal,10^2 g,5.25,3.25,1
demersal,10^2 g,5.25,3.75,1
demersal,10^2 g,5.25,6.75,2
demersal,10^2 g,5.25,7.25,2
demersal,10^2 g,5.25,8.25,1
demersal,10^2 g,5.25,9.25,1
demersal,10^2 g,5.25,9.75,4
demersal,10^2 g,5.25,10.25,1
demersal,10^2 g,5.25,10.75,5
demersal,10^2 g,5.25,11.25,4
demersal,10^2 g,5.25,11.75,4
demersal,10^2 g,5.25,12.25,12
demersal,10^2 g,5.25,12.75,18
demersal,10^2 g,5.25,13.25,12
demersal,10^2 g,5.25,13.75,1
demersal,10^2 g,5.25,14.25,3
demersal,10^2 g,5.25,15.25,6
demersal,10^2 g,5.25,15.75,6
demersal,10^2 g,5.25,16.25,2
demersal,10^2 g,5.25,16.75,6
demersal,10^2 g,5.25,17.25,5
demersal,10^2 g,5.25,17.75,4
demersal,10^2 g,5.25,18.25,5
demersal,10^2 g,5.25,18.75,3
demersal,10^2 g,5.25,19.25,5
demersal,10^2 g,5.25,19.75,4
demersal,10^2 g,5.25,20.25,14
demersal,10^2 g,5.25,20.75,14
demersal,10^2 g,5.25,21.25,7
demersal,10^2 g,5.25,21.75,22
demersal,10^2 g,5.25,22.25,7
demersal,10^2 g,5.25,23.25,1
demersal,10^2 g,5.75,1.75,1
demersal,10^2 g,5.75,4.25,1
demersal,10^2 g,5.75,5.25,1
demersal,10^2 g,5.75,5.75,2
demersal,10^2 g,5.75,6.25,3
demersal,10^2 g,5.75,6.75,1
demersal,10^2 g,5.75,8.75,1
demersal,10^2 g,5.75,9.75,2
demersal,10^2 g,5.75,10.25,1
demersal,10^2 g,5.75,10.75,5
demersal,10^2 g,5.75,11.25,3
demersal,10^2 g,5.75,11.75,2
demersal,10^2 g,5.75,12.25,3
demersal,10^2 g,5.75,12.75,11
demersal,10^2 g,5.75,13.25,21
demersal,10^2 g,5.75,13.75,11
demersal,10^2 g,5.75,14.25,5
demersal,10^2 g,5.75,14.75,2
demersal,10^2 g,5.75,15.25,2
demersal,10^2 g,5.75,15.75,5
demersal,10^2 g,5.75,16.25,5
demersal,10^2 g,5.75,16.75,8
demersal,10^2 g,5.75,17.25,1
demersal,10^2 g,5.75,17.75,6
demersal,10^2 g,5.75,18.25,4
demersal,10^2 g,5.75,19.25,5
demersal,10^2 g,5.75,19.75,4
demersal,10^2 g,5.75,20.25,10
demersal,10^2 g,5.75,20.75,28
demersal,10^2 g,5.75,21.25,17
demersal,10^2 g,5.75,21.75,37
demersal,10^2 g,5.75,22.25,11
demersal,10^2 g,6.25,4.75,3
demersal,10^2 g,6.25,5.25,1
demersal,10^2 g,6.25,5.75,1
demersal,10^2 g,6.25,6.25,1
demersal,10^2 g,6.25,6.75,1
demersal,10^2 g,6.25,7.25,2
demersal,10^2 g,6.25,7.75,1
demersal,10^2 g,6.25,8.25,1
demersal,10^2 g,6.25,8.75,5
demersal,10^2 g,6.25,9.25,3
demersal,10^2 g,6.25,9.75,5
demersal,10^2 g,6.25,10.25,2
demersal,10^2 g,6.25,11.25,1
demersal,10^2 g,6.25,12.25,2
demersal,10^2 g,6.25,12.75,4
demersal,10^2 g,6.25,13.25,10
demersal,10^2 g,6.25,13.75,10
demersal,10^2 g,6.25,14.25,16
demersal,10^2 g,6.25,14.75,3
demersal,10^2 g,6.25,15.25,2
demersal,10^2 g,6.25,16.25,2
demersal,10^2 g,6.25,16.75,3
demersal,10^2 g,6.25,17.25,5
demersal,10^2 g,6.25,17.75,10
demersal,10^2 g,6.25,18.25,8
demersal,10^2 g,6.25,18.75,10
demersal,10^2 g,6.25,19.25,9
demersal,10^2 g,6.25,19.75,14
demersal,10^2 g,6.25,20.25,10
demersal,10^2 g,6.25,20.75,27
demersal,10^2 g,6.25,21.25,20
demersal,10^2 g,6.25,21.75,10
demersal,10^2 g,6.25,22.25,3
demersal,10^2 g,6.25,22.75,1
demersal,10^2 g,6.75,1.25,1
demersal,10^2 g,6.75,2.75,1
demersal,10^2 g,6.75,3.25,1
demersal,10^2 g,6.75,8.25,3
demersal,10^2 g,6.75,8.75,1
demersal,10^2 g,6.75,9.25,4
demersal,10^2 g,6.75,9.75,2
demersal,10^2 g,6.75,10.25,1
demersal,10^2 g,6.75,10.75,4
demersal,10^2 g,6.75,12.75,5
demersal,10^2 g,6.75,13.25,6
demersal,10^2 g,6.75,13.75,4
demersal,10^2 g,6.75,14.25,16
demersal,10^2 g,6.75,14.75,11
demersal,10^2 g,6.75,15.25,6
demersal,10^2 g,6.75,15.75,6
demersal,10^2 g,6.75,16.25,8
demersal,10^2 g,6.75,16.75,6
demersal,10^2 g,6.75,17.25,4
demersal,10^2 g,6.75,17.75,9
demersal,10^2 g,6.75,18.25,13
demersal,10^2 g,6.75,18.75,22
demersal,10^2 g,6.75,19.25,9
demersal,10^2 g,6.75,19.75,3
demersal,10^2 g,6.75,20.25,22
demersal,10^2 g,6.75,20.75,19
demersal,10^2 g,6.75,21.25,16
demersal,10^2 g,6.75,21.75,8
demersal,10^2 g,6.75,22.25,6
demersal,10^2 g,7.25,3.75,2
demersal,10^2 g,7.25,5.75,1
demersal,10^2 g,7.25,7.25,1
demersal,10^2 g,7.25,7.75,2
demersal,10^2 g,7.25,9.25,4
demersal,10^2 g,7.25,9.75,2
demersal,10^2 g,7.25,10.25,1
demersal,10^2 g,7.25,10.75,2
demersal,10^2 g,7.25,11.25,1
demersal,10^2 g,7.25,12.25,2
demersal,10^2 g,7.25,12.75,1
demersal,10^2 g,7.25,13.25,3
demersal,10^2 g,7.25,13.75,5
demersal,10^2 g,7.25,14.25,7
demersal,10^2 g,7.25,14.75,7
demersal,10^2 g,7.25,15.25,11
demersal,10^2 g,7.25,15.75,6
demersal,10^2 g,7.25,16.25,7
demersal,10^2 g,7.25,16.75,5
demersal,10^2 g,7.25,17.25,6
demersal,10^2 g,7.25,17.75,9
demersal,10^2 g,7.25,18.25,7
demersal,10^2 g,7.25,18.75,24
demersal,10^2 g,7.25,19.25,29
demersal,10^2 g,7.25,19.75,48
demersal,10^2 g,7.25,20.25,18
demersal,10^2 g,7.25,20.75,34
demersal,10^2 g,7.25,21.25,6
demersal,10^2 g,7.25,21.75,28
demersal,10^2 g,7.25,22.25,6
demersal,10^2 g,7.25,22.75,2
demersal,10^2 g,7.75,3.25,1
demersal,10^2 g,7.75,3.75,1
demersal,10^2 g,7.75,5.25,1
demersal,10^2 g,7.75,7.25,1
demersal,10^2 g,7.75,8.25,2
demersal,10^2 g,7.75,8.75,2
demersal,10^2 g,7.75,9.25,5
demersal,10^2 g,7.75,9.75,4
demersal,10^2 g,7.75,10.25,1
demersal,10^2 g,7.75,10.75,2
demersal,10^2 g,7.75,11.25,1
demersal,10^2 g,7.75,11.75,1
demersal,10^2 g,7.75,12.75,2
demersal,10^2 g,7.75,13.25,1
demersal,10^2 g,7.75,13.75,5
demersal,10^2 g,7.75,14.25,11
demersal,10^2 g,7.75,14.75,15
demersal,10^2 g,7.75,15.25,12
demersal,10^2 g,7.75,15.75,13
demersal,10^2 g,7.75,16.25,6
demersal,10^2 g,7.75,16.75,5
demersal,10^2 g,7.75,17.25,18
demersal,10^2 g,7.75,17.75,7
demersal,10^2 g,7.75,18.25,13
demersal,10^2 g,7.75,18.75,4
demersal,10^2 g,7.75,19.25,8
demersal,10^2 g,7.75,19.75,40
demersal,10^2 g,7.75,20.25,69
demersal,10^2 g,7.75,20.75,15
demersal,10^2 g,7.75,21.25,17
demersal,10^2 g,7.75,21.75,14
demersal,10^2 g,7.75,22.25,12
demersal,10^2 g,7.75,22.75,4
demersal,10^2 g,8.25,2.75,2
demersal,10^2 g,8.25,3.75,1
demersal,10^2 g,8.25,5.25,1
demersal,10^2 g,8.25,6.25,3
demersal,10^2 g,8.25,8.25,1
demersal,10^2 g,8.25,8.75,1
demersal,10^2 g,8.25,9.25,4
demersal,10^2 g,8.25,9.75,2
demersal,10^2 g,8.25,10.25,2
demersal,10^2 g,8.25,10.75,1
demersal,10^2 g,8.25,11.75,3
demersal,10^2 g,8.25,12.25,1
demersal,10^2 g,8.25,12.75,2
demersal,10^2 g,8.25,13.25,2
demersal,10^2 g,8.25,13.75,2
demersal,10^2 g,8.25,14.25,4
demersal,10^2 g,8.25,14.75,6
demersal,10^2 g,8.25,15.25,7
demersal,10^2 g,8.25,15.75,9
demersal,10^2 g,8.25,16.25,18
demersal,10^2 g,8.25,16.75,23
demersal,10^2 g,8.25,17.25,14
demersal,10^2 g,8.25,17.75,12
demersal,10^2 g,8.25,18.25,3
demersal,10^2 g,8.25,18.75,6
demersal,10^2 g,8.25,19.25,4
demersal,10^2 g,8.25,19.75,9
demersal,10^2 g,8.25,20.25,46
demersal,10^2 g,8.25,20.75,49
demersal,10^2 g,8.25,21.25,10
demersal,10^2 g,8.25,21.75,10
demersal,10^2 g,8.25,22.25,4
demersal,10^2 g,8.25,22.75,3
demersal,10^2 g,8.75,0.25,1
demersal,10^2 g,8.75,1.25,1
demersal,10^2 g,8.75,1.75,1
demersal,10^2 g,8.75,2.25,1
demersal,10^2 g,8.75,2.75,2
demersal,10^2 g,8.75,3.25,1
demersal,10^2 g,8.75,3.75,1
demersal,10^2 g,8.75,4.25,2
demersal,10^2 g,8.75,4.75,2
demersal,10^2 g,8.75,5.25,2
demersal,10^2 g,8.75,6.25,1
demersal,10^2 g,8.75,6.75,1
demersal,10^2 g,8.75,7.75,1
demersal,10^2 g,8.75,8.25,1
demersal,10^2 g,8.75,9.25,2
demersal,10^2 g,8.75,9.75,3
demersal,10^2 g,8.75,10.25,1
demersal,10^2 g,8.75,11.25,2
demersal,10^2 g,8.75,12.75,3
demersal,10^2 g,8.75,13.25,1
demersal,10^2 g,8.75,13.75,3
demersal,10^2 g,8.75,14.25,8
demersal,10^2 g,8.75,14.75,8
demersal,10^2 g,8.75,15.25,6
demersal,10^2 g,8.75,15.75,4
demersal,10^2 g,8.75,16.25,7
demersal,10^2 g,8.75,16.75,16
demersal,10^2 g,8.75,17.25,27
demersal,10^2 g,8.75,17.75,14
demersal,10^2 g,8.75,18.25,10
demersal,10^2 g,8.75,18.75,9
demersal,10^2 g,8.75,19.25,8
demersal,10^2 g,8.75,19.75,10
demersal,10^2 g,8.75,20.25,26
demersal,10^2 g,8.75,20.75,68
demersal,10^2 g,8.75,21.25,21
demersal,10^2 g,8.75,21.75,15
demersal,10^2 g,8.75,22.25,1
demersal,10^2 g,9.25,0.75,1
demersal,10^2 g,9.25,1.75,2
demersal,10^2 g,9.25,3.75,2
demersal,10^2 g,9.25,4.25,1
demersal,10^2 g,9.25,4.75,1
demersal,10^2 g,9.25,5.75,1
demersal,10^2 g,9.25,7.25,1
demersal,10^2 g,9.25,7.75,1
demersal,10^2 g,9.25,8.25,2
demersal,10^2 g,9.25,8.75,1
demersal,10^2 g,9.25,9.25,4
demersal,10^2 g,9.25,9.75,5
demersal,10^2 g,9.25,10.75,1
demersal,10^2 g,9.25,11.25,3
demersal,10^2 g,9.25,11.75,1
demersal,10^2 g,9.25,12.75,1
demersal,10^2 g,9.25,13.25,2
demersal,10^2 g,9.25,13.75,3
demersal,10^2 g,9.25,14.25,5
demersal,10^2 g,9.25,14.75,8
demersal,10^2 g,9.25,15.25,9
demersal,10^2 g,9.25,15.75,5
demersal,10^2 g,9.25,16.25,1
demersal,10^2 g,9.25,16.75,8
demersal,10^2 g,9.25,17.25,24
demersal,10^2 g,9.25,17.75,10
demersal,10^2 g,9.25,18.25,9
demersal,10^2 g,9.25,18.75,4
demersal,10^2 g,9.25,19.25,2
demersal,10^2 g,9.25,19.75,5
demersal,10^2 g,9.25,20.25,28
demersal,10^2 g,9.25,20.75,38
demersal,10^2 g,9.25,21.25,35
demersal,10^2 g,9.25,21.75,21
demersal,10^2 g,9.25,22.25,3
demersal,10^2 g,9.75,1.75,2
demersal,10^2 g,9.75,3.25,1
demersal,10^2 g,9.75,4.75,2
demersal,10^2 g,9.75,8.25,1
demersal,10^2 g,9.75,9.25,2
demersal,10^2 g,9.75,9.75,3
demersal,10^2 g,9.75,10.25,2
demersal,10^2 g,9.75,10.75,1
demersal,10^2 g,9.75,11.25,1
demersal,10^2 g,9.75,11.75,2
demersal,10^2 g,9.75,12.75,1
demersal,10^2 g,9.75,13.75,1
demersal,10^2 g,9.75,14.25,3
demersal,10^2 g,9.75,14.75,7
demersal,10^2 g,9.75,15.25,11
demersal,10^2 g,9.75,15.75,7
demersal,10^2 g,9.75,16.25,2
demersal,10^2 g,9.75,16.75,3
demersal,10^2 g,9.75,17.25,8
demersal,10^2 g,9.75,17.75,18
demersal,10^2 g,9.75,18.25,6
demersal,10^2 g,9.75,18.75,5
demersal,10^2 g,9.75,19.25,5
demersal,10^2 g,9.75,19.75,10
demersal,10^2 g,9.75,20.25,37
demersal,10^2 g,9.75,20.75,44
demersal,10^2 g,9.75,21.25,33
demersal,10^2 g,9.75,21.75,31
demersal,10^2 g,9.75,22.25,4
demersal,10^2 g,9.75,22.75,2
demersal,10^2 g,10.25,1.75,1
demersal,10^2 g,10.25,2.25,1
demersal,10^2 g,10.25,2.75,2
demersal,10^2 g,10.25,4.25,1
demersal,10^2 g,10.25,6.25,2
demersal,10^2 g,10.25,7.75,1
demersal,10^2 g,10.25,8.25,1
demersal,10^2 g,10.25,9.75,5
demersal,10^2 g,10.25,10.25,1
demersal,10^2 g,10.25,11.25,1
demersal,10^2 g,10.25,11.75,2
demersal,10^2 g,10.25,12.25,2
demersal,10^2 g,10.25,12.75,1
demersal,10^2 g,10.25,13.25,2
demersal,10^2 g,10.25,13.75,5
demersal,10^2 g,10.25,14.25,4
demersal,10^2 g,10.25,14.75,4
demersal,10^2 g,10.25,15.25,12
demersal,10^2 g,10.25,15.75,10
demersal,10^2 g,10.25,16.25,5
demersal,10^2 g,10.25,16.75,5
demersal,10^2 g,10.25,17.25,7
demersal,10^2 g,10.25,17.75,9
demersal,10^2 g,10.25,18.25,7
demersal,10^2 g,10.25,18.75,5
demersal,10^2 g,10.25,19.25,5
demersal,10^2 g,10.25,19.75,34
demersal,10^2 g,10.25,20.25,60
demersal,10^2 g,10.25,20.75,22
demersal,10^2 g,10.25,21.25,26
demersal,10^2 g,10.25,21.75,59
demersal,10^2 g,10.25,22.25,13
demersal,10^2 g,10.75,0.75,1
demersal,10^2 g,10.75,1.75,1
demersal,10^2 g,10.75,3.75,1
demersal,10^2 g,10.75,4.25,1
demersal,10^2 g,10.75,5.75,1
demersal,10^2 g,10.75,6.25,1
demersal,10^2 g,10.75,6.75,1
demersal,10^2 g,10.75,7.75,1
demersal,10^2 g,10.75,8.75,1
demersal,10^2 g,10.75,9.25,2
demersal,10^2 g,10.75,9.75,2
demersal,10^2 g,10.75,10.75,1
demersal,10^2 g,10.75,11.25,2
demersal,10^2 g,10.75,12.75,1
demersal,10^2 g,10.75,14.25,3
demersal,10^2 g,10.75,14.75,4
demersal,10^2 g,10.75,15.25,6
demersal,10^2 g,10.75,15.75,6
demersal,10^2 g,10.75,16.25,5
demersal,10^2 g,10.75,16.75,5
demersal,10^2 g,10.75,17.25,7
demersal,10^2 g,10.75,17.75,1
demersal,10^2 g,10.75,18.25,12
demersal,10^2 g,10.75,18.75,5
demersal,10^2 g,10.75,19.25,6
demersal,10^2 g,10.75,19.75,16
demersal,10^2 g,10.75,20.25,49
demersal,10^2 g,10.75,20.75,30
demersal,10^2 g,10.75,21.25,33
demersal,10^2 g,10.75,21.75,48
demersal,10^2 g,10.75,22.25,6
demersal,10^2 g,10.75,22.75,1
demersal,10^2 g,11.25,1.75,1
demersal,10^2 g,11.25,2.75,3
demersal,10^2 g,11.25,3.25,1
demersal,10^2 g,11.25,4.75,3
demersal,10^2 g,11.25,6.75,1
demersal,10^2 g,11.25,7.25,1
demersal,10^2 g,11.25,10.75,1
demersal,10^2 g,11.25,11.75,2
demersal,10^2 g,11.25,12.25,1
demersal,10^2 g,11.25,13.25,2
demersal,10^2 g,11.25,13.75,1
demersal,10^2 g,11.25,14.25,2
demersal,10^2 g,11.25,14.75,3
demersal,10^2 g,11.25,15.25,7
demersal,10^2 g,11.25,15.75,8
demersal,10^2 g,11.25,16.25,8
demersal,10^2 g,11.25,16.75,3
demersal,10^2 g,11.25,17.25,10
demersal,10^2 g,11.25,17.75,2
demersal,10^2 g,11.25,18.25,6
demersal,10^2 g,11.25,18.75,12
demersal,10^2 g,11.25,19.25,1
demersal,10^2 g,11.25,19.75,3
demersal,10^2 g,11.25,20.25,16
demersal,10^2 g,11.25,20.75,15
demersal,10^2 g,11.25,21.25,26
demersal,10^2 g,11.25,21.75,34
demersal,10^2 g,11.25,22.25,10
demersal,10^2 g,11.25,22.75,2
demersal,10^2 g,11.75,3.75,1
demersal,10^2 g,11.75,4.25,1
demersal,10^2 g,11.75,6.25,2
demersal,10^2 g,11.75,6.75,1
demersal,10^2 g,11.75,9.75,1
demersal,10^2 g,11.75,10.25,3
demersal,10^2 g,11.75,11.25,1
demersal,10^2 g,11.75,11.75,1
demersal,10^2 g,11.75,12.75,2
demersal,10^2 g,11.75,13.75,1
demersal,10^2 g,11.75,14.25,4
demersal,10^2 g,11.75,14.75,1
demersal,10^2 g,11.75,15.25,3
demersal,10^2 g,11.75,15.75,7
demersal,10^2 g,11.75,16.25,3
demersal,10^2 g,11.75,16.75,9
demersal,10^2 g,11.75,17.25,3
demersal,10^2 g,11.75,17.75,9
demersal,10^2 g,11.75,18.25,2
demersal,10^2 g,11.75,18.75,5
demersal,10^2 g,11.75,19.25,5
demersal,10^2 g,11.75,19.75,5
demersal,10^2 g,11.75,20.25,10
demersal,10^2 g,11.75,20.75,13
demersal,10^2 g,11.75,21.25,15
demersal,10^2 g,11.75,21.75,12
demersal,10^2 g,11.75,22.25,7
demersal,10^2 g,11.75,22.75,1
demersal,10^2 g,12.25,1.75,2
demersal,10^2 g,12.25,2.25,1
demersal,10^2 g,12.25,2.75,1
demersal,10^2 g,12.25,5.75,1
demersal,10^2 g,12.25,8.25,1
demersal,10^2 g,12.25,9.75,2
demersal,10^2 g,12.25,10.25,1
demersal,10^2 g,12.25,10.75,1
demersal,10^2 g,12.25,11.25,1
demersal,10^2 g,12.25,11.75,1
demersal,10^2 g,12.25,13.25,1
demersal,10^2 g,12.25,13.75,2
demersal,10^2 g,12.25,14.75,1
demersal,10^2 g,12.25,15.25,1
demersal,10^2 g,12.25,15.75,6
demersal,10^2 g,12.25,16.25,6
demersal,10^2 g,12.25,16.75,5
demersal,10^2 g,12.25,17.25,8
demersal,10^2 g,12.25,17.75,2
demersal,10^2 g,12.25,18.25,2
demersal,10^2 g,12.25,18.75,1
demersal,10^2 g,12.25,19.25,2
demersal,10^2 g,12.25,19.75,7
demersal,10^2 g,12.25,20.25,4
demersal,10^2 g,12.25,20.75,2
demersal,10^2 g,12.25,21.25,17
demersal,10^2 g,12.25,21.75,15
demersal,10^2 g,12.25,22.25,14
demersal,10^2 g,12.75,2.75,3
demersal,10^2 g,12.75,8.25,1
demersal,10^2 g,12.75,11.75,1
demersal,10^2 g,12.75,13.25,1
demersal,10^2 g,12.75,13.75,1
demersal,10^2 g,12.75,14.25,3
demersal,10^2 g,12.75,14.75,4
demersal,10^2 g,12.75,15.25,4
demersal,10^2 g,12.75,15.75,3
demersal,10^2 g,12.75,16.25,5
demersal,10^2 g,12.75,16.75,7
demersal,10^2 g,12.75,17.25,5
demersal,10^2 g,12.75,17.75,3
demersal,10^2 g,12.75,18.25,2
demersal,10^2 g,12.75,18.75,1
demersal,10^2 g,12.75,19.25,2
demersal,10^2 g,12.75,20.25,9
demersal,10^2 g,12.75,20.75,4
demersal,10^2 g,12.75,21.25,1
demersal,10^2 g,12.75,21.75,13
demersal,10^2 g,12.75,22.25,12
demersal,10^2 g,12.75,22.75,1
demersal,10^2 g,13.25,1.75,1
demersal,10^2 g,13.25,2.75,2
demersal,10^2 g,13.25,3.75,1
demersal,10^2 g,13.25,6.25,1
demersal,10^2 g,13.25,6.75,2
demersal,10^2 g,13.25,7.25,1
demersal,10^2 g,13.25,7.75,1
demersal,10^2 g,13.25,10.25,1
demersal,10^2 g,13.25,11.25,2
demersal,10^2 g,13.25,12.75,2
demersal,10^2 g,13.25,13.75,2
demersal,10^2 g,13.25,14.25,2
demersal,10^2 g,13.25,15.25,2
demersal,10^2 g,13.25,15.75,8
demersal,10^2 g,13.25,16.25,10
demersal,10^2 g,13.25,16.75,12
demersal,10^2 g,13.25,17.25,15
demersal,10^2 g,13.25,17.75,11
demersal,10^2 g,13.25,18.25,8
demersal,10^2 g,13.25,18.75,3
demersal,10^2 g,13.25,19.25,11
demersal,10^2 g,13.25,19.75,3
demersal,10^2 g,13.25,20.25,1
demersal,10^2 g,13.25,20.75,2
demersal,10^2 g,13.25,21.25,2
demersal,10^2 g,13.25,21.75,3
demersal,10^2 g,13.25,22.25,1
demersal,10^2 g,13.75,1.75,1
demersal,10^2 g,13.75,3.25,1
demersal,10^2 g,13.75,4.75,1
demersal,10^2 g,13.75,8.25,1
demersal,10^2 g,13.75,10.25,2
demersal,10^2 g,13.75,10.75,1
demersal,10^2 g,13.75,13.25,1
demersal,10^2 g,13.75,13.75,2
demersal,10^2 g,13.75,14.25,1
demersal,10^2 g,13.75,15.25,3
demersal,10^2 g,13.75,15.75,2
demersal,10^2 g,13.75,16.25,7
demersal,10^2 g,13.75,16.75,4
demersal,10^2 g,13.75,17.25,6
demersal,10^2 g,13.75,17.75,2
demersal,10^2 g,13.75,18.25,3
demersal,10^2 g,13.75,18.75,7
demersal,10^2 g,13.75,19.25,10
demersal,10^2 g,13.75,19.75,16
demersal,10^2 g,13.75,20.25,7
demersal,10^2 g,13.75,20.75,2
demersal,10^2 g,13.75,21.25,1
demersal,10^2 g,13.75,21.75,3
demersal,10^2 g,13.75,22.25,4
demersal,10^2 g,14.25,2.25,2
demersal,10^2 g,14.25,2.75,1
demersal,10^2 g,14.25,3.25,1
demersal,10^2 g,14.25,7.25,3
demersal,10^2 g,14.25,7.75,1
demersal,10^2 g,14.25,8.25,1
demersal,10^2 g,14.25,8.75,1
demersal,10^2 g,14.25,9.25,1
demersal,10^2 g,14.25,10.25,1
demersal,10^2 g,14.25,11.25,1
demersal,10^2 g,14.25,11.75,1
demersal,10^2 g,14.25,13.75,2
demersal,10^2 g,14.25,15.25,2
demersal,10^2 g,14.25,15.75,2
demersal,10^2 g,14.25,16.25,1
demersal,10^2 g,14.25,16.75,5
demersal,10^2 g,14.25,17.25,5
demersal,10^2 g,14.25,17.75,6
demersal,10^2 g,14.25,18.25,6
demersal,10^2 g,14.25,18.75,5
demersal,10^2 g,14.25,19.25,6
demersal,10^2 g,14.25,19.75,13
demersal,10^2 g,14.25,20.25,21
demersal,10^2 g,14.25,20.75,8
demersal,10^2 g,14.25,21.25,4
demersal,10^2 g,14.25,21.75,4
demersal,10^2 g,14.25,22.25,2
demersal,10^2 g,14.75,2.75,1
demersal,10^2 g,14.75,3.75,1
demersal,10^2 g,14.75,5.25,1
demersal,10^2 g,14.75,7.75,1
demersal,10^2 g,14.75,9.75,1
demersal,10^2 g,14.75,12.25,3
demersal,10^2 g,14.75,13.25,1
demersal,10^2 g,14.75,14.25,2
demersal,10^2 g,14.75,14.75,2
demersal,10^2 g,14.75,15.25,4
demersal,10^2 g,14.75,15.75,3
demersal,10^2 g,14.75,16.25,2
demersal,10^2 g,14.75,16.75,2
demersal,10^2 g,14.75,17.25,4
demersal,10^2 g,14.75,18.25,4
demersal,10^2 g,14.75,18.75,6
demersal,10^2 g,14.75,19.25,4
demersal,10^2 g,14.75,19.75,11
demersal,10^2 g,14.75,20.25,9
demersal,10^2 g,14.75,20.75,14
demersal,10^2 g,14.75,21.25,18
demersal,10^2 g,14.75,21.75,7
demersal,10^2 g,14.75,22.25,1
demersal,10^2 g,15.25,3.25,1
demersal,10^2 g,15.25,3.75,1
demersal,10^2 g,15.25,4.25,1
demersal,10^2 g,15.25,8.25,1
demersal,10^2 g,15.25,12.25,1
demersal,10^2 g,15.25,12.75,2
demersal,10^2 g,15.25,14.25,1
demersal,10^2 g,15.25,14.75,1
demersal,10^2 g,15.25,15.25,1
demersal,10^2 g,15.25,15.75,3
demersal,10^2 g,15.25,16.25,4
demersal,10^2 g,15.25,16.75,2
demersal,10^2 g,15.25,17.25,5
demersal,10^2 g,15.25,17.75,3
demersal,10^2 g,15.25,18.25,2
demersal,10^2 g,15.25,18.75,6
demersal,10^2 g,15.25,19.25,6
demersal,10^2 g,15.25,19.75,4
demersal,10^2 g,15.25,20.25,9
demersal,10^2 g,15.25,20.75,3
demersal,10^2 g,15.25,21.25,12
demersal,10^2 g,15.25,21.75,7
demersal,10^2 g,15.25,22.25,1
demersal,10^2 g,15.75,2.75,1
demersal,10^2 g,15.75,4.25,1
demersal,10^2 g,15.75,6.75,1
demersal,10^2 g,15.75,7.25,1
demersal,10^2 g,15.75,7.75,1
demersal,10^2 g,15.75,8.75,1
demersal,10^2 g,15.75,9.25,1
demersal,10^2 g,15.75,9.75,2
demersal,10^2 g,15.75,10.75,1
demersal,10^2 g,15.75,12.75,1
demersal,10^2 g,15.75,15.25,4
demersal,10^2 g,15.75,15.75,4
demersal,10^2 g,15.75,16.25,3
demersal,10^2 g,15.75,16.75,4
demersal,10^2 g,15.75,17.25,2
demersal,10^2 g,15.75,17.75,4
demersal,10^2 g,15.75,18.25,1
demersal,10^2 g,15.75,18.75,7
demersal,10^2 g,15.75,19.25,5
demersal,10^2 g,15.75,19.75,3
demersal,10^2 g,15.75,20.25,9
demersal,10^2 g,15.75,20.75,11
demersal,10^2 g,15.75,21.25,8
demersal,10^2 g,15.75,21.75,5
demersal,10^2 g,15.75,22.25,1
demersal,10^2 g,16.25,4.25,1
demersal,10^2 g,16.25,5.25,3
demersal,10^2 g,16.25,8.75,3
demersal,10^2 g,16.25,9.75,2
demersal,10^2 g,16.25,10.25,1
demersal,10^2 g,16.25,13.25,2
demersal,10^2 g,16.25,14.25,2
demersal,10^2 g,16.25,14.75,2
demersal,10^2 g,16.25,15.25,2
demersal,10^2 g,16.25,15.75,3
demersal,10^2 g,16.25,16.25,8
demersal,10^2 g,16.25,16.75,5
demersal,10^2 g,16.25,17.25,3
demersal,10^2 g,16.25,17.75,2
demersal,10^2 g,16.25,18.25,1
demersal,10^2 g,16.25,18.75,1
demersal,10^2 g,16.25,19.25,4
demersal,10^2 g,16.25,20.25,7
demersal,10^2 g,16.25,20.75,9
demersal,10^2 g,16.25,21.25,13
demersal,10^2 g,16.25,21.75,4
demersal,10^2 g,16.25,22.25,2
demersal,10^2 g,16.25,22.75,1
demersal,10^2 g,16.75,8.25,1
demersal,10^2 g,16.75,9.75,1
demersal,10^2 g,16.75,10.25,2
demersal,10^2 g,16.75,11.25,2
demersal,10^2 g,16.75,11.75,3
demersal,10^2 g,16.75,12.75,1
demersal,10^2 g,16.75,13.25,2
demersal,10^2 g,16.75,13.75,1
demersal,10^2 g,16.75,14.25,2
demersal,10^2 g,16.75,15.25,2
demersal,10^2 g,16.75,15.75,2
demersal,10^2 g,16.75,16.25,7
demersal,10^2 g,16.75,16.75,6
demersal,10^2 g,16.75,17.25,4
demersal,10^2 g,16.75,17.75,3
demersal,10^2 g,16.75,18.75,3
demersal,10^2 g,16.75,19.75,1
demersal,10^2 g,16.75,20.25,10
demersal,10^2 g,16.75,20.75,3
demersal,10^2 g,16.75,21.25,5
demersal,10^2 g,16.75,21.75,6
demersal,10^2 g,16.75,22.25,3
demersal,10^2 g,16.75,22.75,2
demersal,10^2 g,17.25,6.25,2
demersal,10^2 g,17.25,7.25,1
demersal,10^2 g,17.25,8.25,1
demersal,10^2 g,17.25,9.75,1
demersal,10^2 g,17.25,10.75,1
demersal,10^2 g,17.25,11.75,1
demersal,10^2 g,17.25,12.75,1
demersal,10^2 g,17.25,14.75,2
demersal,10^2 g,17.25,15.25,2
demersal,10^2 g,17.25,15.75,1
demersal,10^2 g,17.25,16.25,7
demersal,10^2 g,17.25,16.75,2
demersal,10^2 g,17.25,17.25,9
demersal,10^2 g,17.25,17.75,1
demersal,10^2 g,17.25,18.25,4
demersal,10^2 g,17.25,18.75,1
demersal,10^2 g,17.25,19.25,6
demersal,10^2 g,17.25,19.75,1
demersal,10^2 g,17.25,20.25,4
demersal,10^2 g,17.25,20.75,8
demersal,10^2 g,17.25,21.25,9
demersal,10^2 g,17.25,21.75,1
demersal,10^2 g,17.25,22.25,4
demersal,10^2 g,17.75,6.25,1
demersal,10^2 g,17.75,7.25,1
demersal,10^2 g,17.75,8.75,1
demersal,10^2 g,17.75,10.25,1
demersal,10^2 g,17.75,11.25,1
demersal,10^2 g,17.75,12.25,1
demersal,10^2 g,17.75,12.75,1
demersal,10^2 g,17.75,13.25,1
demersal,10^2 g,17.75,13.75,1
demersal,10^2 g,17.75,14.25,1
demersal,10^2 g,17.75,15.25,3
demersal,10^2 g,17.75,16.25,2
demersal,10^2 g,17.75,16.75,4
demersal,10^2 g,17.75,17.25,3
demersal,10^2 g,17.75,17.75,2
demersal,10^2 g,17.75,18.25,4
demersal,10^2 g,17.75,18.75,2
demersal,10^2 g,17.75,19.25,2
demersal,10^2 g,17.75,19.75,3
demersal,10^2 g,17.75,20.25,3
demersal,10^2 g,17.75,20.75,9
demersal,10^2 g,17.75,21.25,10
demersal,10^2 g,17.75,21.75,5
demersal,10^2 g,17.75,22.25,3
demersal,10^2 g,18.25,9.75,1
demersal,10^2 g,18.25,10.75,3
demersal,10^2 g,18.25,11.25,1
demersal,10^2 g,18.25,13.75,2
demersal,10^2 g,18.25,14.25,1
demersal,10^2 g,18.25,15.25,1
demersal,10^2 g,18.25,16.25,1
demersal,10^2 g,18.25,16.75,5
demersal,10^2 g,18.25,17.25,3
demersal,10^2 g,18.25,17.75,2
demersal,10^2 g,18.25,18.25,3
demersal,10^2 g,18.25,18.75,1
demersal,10^2 g,18.25,19.25,6
demersal,10^2 g,18.25,19.75,1
demersal,10^2 g,18.25,20.75,6
demersal,10^2 g,18.25,21.25,11
demersal,10^2 g,18.25,21.75,11
demersal,10^2 g,18.25,22.25,4
demersal,10^2 g,18.75,10.25,1
demersal,10^2 g,18.75,11.25,2
demersal,10^2 g,18.75,12.25,1
demersal,10^2 g,18.75,12.75,1
demersal,10^2 g,18.75,13.25,1
demersal,10^2 g,18.75,13.75,1
demersal,10^2 g,18.75,14.25,1
demersal,10^2 g,18.75,14.75,1
demersal,10^2 g,18.75,16.75,2
demersal,10^2 g,18.75,17.25,2
demersal,10^2 g,18.75,17.75,3
demersal,10^2 g,18.75,18.25,3
demersal,10^2 g,18.75,18.75,1
demersal,10^2 g,18.75,19.25,3
demersal,10^2 g,18.75,19.75,3
demersal,10^2 g,18.75,20.25,2
demersal,10^2 g,18.75,20.75,2
demersal,10^2 g,18.75,21.25,22
demersal,10^2 g,18.75,21.75,8
demersal,10^2 g,18.75,22.25,5
demersal,10^2 g,19.25,4.75,1
demersal,10^2 g,19.25,5.75,1
demersal,10^2 g,19.25,11.25,1
demersal,10^2 g,19.25,11.75,1
demersal,10^2 g,19.25,13.25,1
demersal,10^2 g,19.25,14.25,4
demersal,10^2 g,19.25,14.75,1
demersal,10^2 g,19.25,15.25,1
demersal,10^2 g,19.25,15.75,2
demersal,10^2 g,19.25,17.25,1
demersal,10^2 g,19.25,17.75,2
demersal,10^2 g,19.25,18.25,1
demersal,10^2 g,19.25,18.75,3
demersal,10^2 g,19.25,19.75,3
demersal,10^2 g,19.25,20.25,3
demersal,10^2 g,19.25,21.25,8
demersal,10^2 g,19.25,21.75,2
demersal,10^2 g,19.25,22.25,5
demersal,10^2 g,19.75,10.25,2
demersal,10^2 g,19.75,11.75,1
demersal,10^2 g,19.75,12.25,1
demersal,10^2 g,19.75,13.75,1
demersal,10^2 g,19.75,14.25,2
demersal,10^2 g,19.75,15.25,2
demersal,10^2 g,19.75,15.75,2
demersal,10^2 g,19.75,16.75,1
demersal,10^2 g,19.75,17.75,1
demersal,10^2 g,19.75,18.25,1
demersal,10^2 g,19.75,18.75,1
demersal,10^2 g,19.75,19.25,5
demersal,10^2 g,19.75,19.75,3
demersal,10^2 g,19.75,20.25,5
demersal,10^2 g,19.75,20.75,2
demersal,10^2 g,19.75,21.25,2
demersal,10^2 g,19.75,21.75,2
demersal,10^2 g,19.75,22.25,3
demersal,10^2 g,19.75,22.75,1
demersal,10^2 g,20.25,11.75,1
demersal,10^2 g,20.25,12.25,1
demersal,10^2 g,20.25,12.75,2
demersal,10^2 g,20.25,13.25,1
demersal,10^2 g,20.25,13.75,1
demersal,10^2 g,20.25,14.75,2
demersal,10^2 g,20.25,15.75,1
demersal,10^2 g,20.25,16.25,1
demersal,10^2 g,20.25,17.75,1
demersal,10^2 g,20.25,18.25,2
demersal,10^2 g,20.25,18.75,4
demersal,10^2 g,20.25,19.25,4
demersal,10^2 g,20.25,19.75,5
demersal,10^2 g,20.25,20.25,4
demersal,10^2 g,20.25,20.75,9
demersal,10^2 g,20.25,21.25,9
demersal,10^2 g,20.25,21.75,1
demersal,10^2 g,20.25,22.25,3
demersal,10^2 g,20.25,22.75,1
demersal,10^2 g,20.75,9.25,1
demersal,10^2 g,20.75,10.75,1
demersal,10^2 g,20.75,11.25,2
demersal,10^2 g,20.75,13.25,2
demersal,10^2 g,20.75,13.75,2
demersal,10^2 g,20.75,14.25,1
demersal,10^2 g,20.75,15.25,1
demersal,10^2 g,20.75,15.75,2
demersal,10^2 g,20.75,16.75,1
demersal,10^2 g,20.75,18.25,2
demersal,10^2 g,20.75,18.75,1
demersal,10^2 g,20.75,19.25,3
demersal,10^2 g,20.75,19.75,3
demersal,10^2 g,20.75,20.25,4
demersal,10^2 g,20.75,20.75,5
demersal,10^2 g,20.75,21.25,4
demersal,10^2 g,20.75,21.75,2
demersal,10^2 g,20.75,22.25,6
demersal,10^2 g,20.75,22.75,2
demersal,10^2 g,21.25,13.25,1
demersal,10^2 g,21.25,15.75,1
demersal,10^2 g,21.25,16.25,1
demersal,10^2 g,21.25,16.75,1
demersal,10^2 g,21.25,17.75,1
demersal,10^2 g,21.25,18.25,1
demersal,10^2 g,21.25,18.75,2
demersal,10^2 g,21.25,19.75,3
demersal,10^2 g,21.25,20.25,3
demersal,10^2 g,21.25,20.75,8
demersal,10^2 g,21.25,21.25,9
demersal,10^2 g,21.25,21.75,6
demersal,10^2 g,21.25,22.25,8
demersal,10^2 g,21.25,22.75,1
demersal,10^2 g,21.75,2.75,1
demersal,10^2 g,21.75,6.25,1
demersal,10^2 g,21.75,12.75,1
demersal,10^2 g,21.75,13.75,3
demersal,10^2 g,21.75,14.25,2
demersal,10^2 g,21.75,17.25,1
demersal,10^2 g,21.75,18.25,3
demersal,10^2 g,21.75,18.75,2
demersal,10^2 g,21.75,19.25,2
demersal,10^2 g,21.75,19.75,5
demersal,10^2 g,21.75,20.25,1
demersal,10^2 g,21.75,20.75,4
demersal,10^2 g,21.75,21.25,7
demersal,10^2 g,21.75,21.75,13
demersal,10^2 g,21.75,22.25,9
demersal,10^2 g,22.25,11.75,1
demersal,10^2 g,22.25,13.25,1
demersal,10^2 g,22.25,13.75,2
demersal,10^2 g,22.25,15.25,1
demersal,10^2 g,22.25,15.75,1
demersal,10^2 g,22.25,16.25,1
demersal,10^2 g,22.25,16.75,1
demersal,10^2 g,22.25,17.25,2
demersal,10^2 g,22.25,19.25,2
demersal,10^2 g,22.25,19.75,2
demersal,10^2 g,22.25,20.25,4
demersal,10^2 g,22.25,20.75,8
demersal,10^2 g,22.25,21.25,8
demersal,10^2 g,22.25,21.75,8
demersal,10^2 g,22.25,22.25,2
demersal,10^2 g,22.25,25.25,1
demersal,10^2 g,22.75,10.25,1
demersal,10^2 g,22.75,12.75,1
demersal,10^2 g,22.75,13.25,1
demersal,10^2 g,22.75,14.25,2
demersal,10^2 g,22.75,14.75,1
demersal,10^2 g,22.75,16.75,1
demersal,10^2 g,22.75,17.25,2
demersal,10^2 g,22.75,17.75,4
demersal,10^2 g,22.75,19.25,1
demersal,10^2 g,22.75,19.75,1
demersal,10^2 g,22.75,20.25,8
demersal,10^2 g,22.75,20.75,7
demersal,10^2 g,22.75,21.25,5
demersal,10^2 g,22.75,21.75,3
demersal,10^2 g,22.75,22.25,1
demersal,10^2 g,23.25,7.75,1
demersal,10^2 g,23.25,9.75,1
demersal,10^2 g,23.25,12.25,2
demersal,10^2 g,23.25,15.25,1
demersal,10^2 g,23.25,15.75,1
demersal,10^2 g,23.25,16.25,2
demersal,10^2 g,23.25,17.25,2
demersal,10^2 g,23.25,17.75,3
demersal,10^2 g,23.25,18.25,2
demersal,10^2 g,23.25,19.25,3
demersal,10^2 g,23.25,19.75,3
demersal,10^2 g,23.25,20.25,1
demersal,10^2 g,23.25,20.75,7
demersal,10^2 g,23.25,21.25,17
demersal,10^2 g,23.25,21.75,5
demersal,10^2 g,23.25,22.25,3
demersal,10^2 g,23.25,22.75,3
demersal,10^2 g,23.75,11.25,2
demersal,10^2 g,23.75,12.75,1
demersal,10^2 g,23.75,14.75,1
demersal,10^2 g,23.75,16.25,4
demersal,10^2 g,23.75,16.75,2
demersal,10^2 g,23.75,17.25,1
demersal,10^2 g,23.75,17.75,3
demersal,10^2 g,23.75,18.25,4
demersal,10^2 g,23.75,18.75,3
demersal,10^2 g,23.75,19.25,1
demersal,10^2 g,23.75,19.75,2
demersal,10^2 g,23.75,20.25,6
demersal,10^2 g,23.75,20.75,12
demersal,10^2 g,23.75,21.25,3
demersal,10^2 g,23.75,21.75,4
demersal,10^2 g,23.75,22.25,4
demersal,10^2 g,23.75,22.75,2
demersal,10^2 g,24.25,10.25,3
demersal,10^2 g,24.25,10.75,1
demersal,10^2 g,24.25,16.25,2
demersal,10^2 g,24.25,16.75,4
demersal,10^2 g,24.25,17.25,3
demersal,10^2 g,24.25,17.75,5
demersal,10^2 g,24.25,18.25,4
demersal,10^2 g,24.25,18.75,2
demersal,10^2 g,24.25,19.25,3
demersal,10^2 g,24.25,19.75,7
demersal,10^2 g,24.25,20.25,5
demersal,10^2 g,24.25,20.75,7
demersal,10^2 g,24.25,21.25,11
demersal,10^2 g,24.25,21.75,11
demersal,10^2 g,24.25,22.25,2
demersal,10^2 g,24.75,10.75,1
demersal,10^2 g,24.75,11.25,2
demersal,10^2 g,24.75,11.75,1
demersal,10^2 g,24.75,13.25,1
demersal,10^2 g,24.75,13.75,1
demersal,10^2 g,24.75,14.25,1
demersal,10^2 g,24.75,15.75,1
demersal,10^2 g,24.75,16.25,3
demersal,10^2 g,24.75,16.75,4
demersal,10^2 g,24.75,17.25,2
demersal,10^2 g,24.75,17.75,6
demersal,10^2 g,24.75,18.25,2
demersal,10^2 g,24.75,18.75,3
demersal,10^2 g,24.75,19.25,2
demersal,10^2 g,24.75,19.75,6
demersal,10^2 g,24.75,20.25,18
demersal,10^2 g,24.75,20.75,30
demersal,10^2 g,24.75,21.25,7
demersal,10^2 g,24.75,21.75,20
demersal,10^2 g,24.75,22.25,2
demersal,10^2 g,25.25,9.25,3
demersal,10^2 g,25.25,12.25,1
demersal,10^2 g,25.25,13.25,1
demersal,10^2 g,25.25,13.75,1
demersal,10^2 g,25.25,14.25,1
demersal,10^2 g,25.25,15.75,1
demersal,10^2 g,25.25,16.25,1
demersal,10^2 g,25.25,16.75,2
demersal,10^2 g,25.25,17.25,3
demersal,10^2 g,25.25,17.75,3
demersal,10^2 g,25.25,18.25,5
demersal,10^2 g,25.25,18.75,2
demersal,10^2 g,25.25,19.25,2
demersal,10^2 g,25.25,19.75,3
demersal,10^2 g,25.25,20.25,3
demersal,10^2 g,25.25,20.75,19
demersal,10^2 g,25.25,21.25,25
demersal,10^2 g,25.25,21.75,13
demersal,10^2 g,25.25,22.25,5
demersal,10^2 g,25.75,10.25,1
demersal,10^2 g,25.75,11.25,1
demersal,10^2 g,25.75,12.25,1
demersal,10^2 g,25.75,12.75,1
demersal,10^2 g,25.75,13.25,1
demersal,10^2 g,25.75,15.25,2
demersal,10^2 g,25.75,16.25,2
demersal,10^2 g,25.75,16.75,1
demersal,10^2 g,25.75,17.25,3
demersal,10^2 g,25.75,17.75,2
demersal,10^2 g,25.75,18.25,4
demersal,10^2 g,25.75,18.75,5
demersal,10^2 g,25.75,19.25,5
demersal,10^2 g,25.75,19.75,6
demersal,10^2 g,25.75,20.25,4
demersal,10^2 g,25.75,20.75,18
demersal,10^2 g,25.75,21.25,30
demersal,10^2 g,25.75,21.75,11
demersal,10^2 g,25.75,22.25,4
demersal,10^2 g,26.25,9.25,1
demersal,10^2 g,26.25,11.25,1
demersal,10^2 g,26.25,13.75,3
demersal,10^2 g,26.25,14.75,3
demersal,10^2 g,26.25,15.75,3
demersal,10^2 g,26.25,16.25,3
demersal,10^2 g,26.25,16.75,4
demersal,10^2 g,26.25,17.25,1
demersal,10^2 g,26.25,17.75,4
demersal,10^2 g,26.25,18.25,3
demersal,10^2 g,26.25,18.75,2
demersal,10^2 g,26.25,19.25,6
demersal,10^2 g,26.25,19.75,3
demersal,10^2 g,26.25,20.25,8
demersal,10^2 g,26.25,20.75,7
demersal,10^2 g,26.25,21.25,31
demersal,10^2 g,26.25,21.75,17
demersal,10^2 g,26.25,22.25,7
demersal,10^2 g,26.75,11.25,1
demersal,10^2 g,26.75,12.25,1
demersal,10^2 g,26.75,12.75,1
demersal,10^2 g,26.75,14.25,1
demersal,10^2 g,26.75,14.75,1
demersal,10^2 g,26.75,15.75,1
demersal,10^2 g,26.75,16.25,1
demersal,10^2 g,26.75,16.75,1
demersal,10^2 g,26.75,17.25,4
demersal,10^2 g,26.75,17.75,5
demersal,10^2 g,26.75,18.25,2
demersal,10^2 g,26.75,18.75,3
demersal,10^2 g,26.75,19.25,1
demersal,10^2 g,26.75,19.75,3
demersal,10^2 g,26.75,20.25,7
demersal,10^2 g,26.75,20.75,15
demersal,10^2 g,26.75,21.25,29
demersal,10^2 g,26.75,21.75,13
demersal,10^2 g,26.75,22.25,1
demersal,10^2 g,27.25,10.25,1
demersal,10^2 g,27.25,10.75,2
demersal,10^2 g,27.25,13.25,1
demersal,10^2 g,27.25,13.75,2
demersal,10^2 g,27.25,15.25,1
demersal,10^2 g,27.25,15.75,1
demersal,10^2 g,27.25,16.25,2
demersal,10^2 g,27.25,16.75,1
demersal,10^2 g,27.25,17.25,2
demersal,10^2 g,27.25,17.75,6
demersal,10^2 g,27.25,18.25,3
demersal,10^2 g,27.25,18.75,5
demersal,10^2 g,27.25,19.25,6
demersal,10^2 g,27.25,19.75,8
demersal,10^2 g,27.25,20.25,7
demersal,10^2 g,27.25,20.75,24
demersal,10^2 g,27.25,21.25,44
demersal,10^2 g,27.25,21.75,30
demersal,10^2 g,27.25,22.25,1
demersal,10^2 g,27.75,12.75,1
demersal,10^2 g,27.75,14.25,1
demersal,10^2 g,27.75,16.25,2
demersal,10^2 g,27.75,16.75,1
demersal,10^2 g,27.75,17.25,1
demersal,10^2 g,27.75,17.75,4
demersal,10^2 g,27.75,18.25,6
demersal,10^2 g,27.75,19.25,7
demersal,10^2 g,27.75,19.75,9
demersal,10^2 g,27.75,20.25,11
demersal,10^2 g,27.75,20.75,11
demersal,10^2 g,27.75,21.25,18
demersal,10^2 g,27.75,21.75,24
demersal,10^2 g,27.75,22.25,7
demersal,10^2 g,28.25,18.25,1
demersal,10^2 g,28.25,18.75,2
demersal,10^2 g,28.25,19.25,2
demersal,10^2 g,28.25,19.75,2
demersal,10^2 g,28.25,20.25,11
demersal,10^2 g,28.25,20.75,3
demersal,10^2 g,28.25,21.25,13
demersal,10^2 g,28.25,21.75,14
demersal,10^2 g,28.25,22.25,3
demersal,10^2 g,28.75,19.75,5
demersal,10^2 g,28.75,20.25,3
demersal,10^2 g,28.75,20.75,9
demersal,10^2 g,28.75,21.25,12
demersal,10^2 g,28.75,21.75,6
demersal,10^2 g,28.75,22.25,1
demersal,10^2 g,29.25,21.25,5
demersal,10^2 g,29.25,21.75,17
demersal,10^2 g,29.25,22.25,2
demersal,10^2 g,29.75,21.75,2
demersal,10^3 g,0.25,12.25,1
demersal,10^3 g,0.25,12.75,3
demersal,10^3 g,0.25,13.25,20
demersal,10^3 g,0.25,13.75,15
demersal,10^3 g,0.25,14.25,6
demersal,10^3 g,0.25,14.75,9
demersal,10^3 g,0.25,15.25,5
demersal,10^3 g,0.25,15.75,14
demersal,10^3 g,0.25,16.25,24
demersal,10^3 g,0.25,16.75,11
demersal,10^3 g,0.25,17.25,20
demersal,10^3 g,0.25,17.75,97
demersal,10^3 g,0.25,18.25,105
demersal,10^3 g,0.25,18.75,92
demersal,10^3 g,0.25,19.25,108
demersal,10^3 g,0.25,19.75,131
demersal,10^3 g,0.25,20.25,58
demersal,10^3 g,0.25,20.75,39
demersal,10^3 g,0.25,21.25,46
demersal,10^3 g,0.25,21.75,30
demersal,10^3 g,0.25,22.25,8
demersal,10^3 g,0.25,22.75,1
demersal,10^3 g,0.25,24.25,1
demersal,10^3 g,0.75,12.25,2
demersal,10^3 g,0.75,12.75,8
demersal,10^3 g,0.75,13.25,13
demersal,10^3 g,0.75,13.75,2
demersal,10^3 g,0.75,14.25,7
demersal,10^3 g,0.75,14.75,9
demersal,10^3 g,0.75,15.25,6
demersal,10^3 g,0.75,15.75,1
demersal,10^3 g,0.75,16.25,4
demersal,10^3 g,0.75,16.75,4
demersal,10^3 g,0.75,17.25,4
demersal,10^3 g,0.75,17.75,15
demersal,10^3 g,0.75,18.25,14
demersal,10^3 g,0.75,18.75,24
demersal,10^3 g,0.75,19.25,22
demersal,10^3 g,0.75,19.75,49
demersal,10^3 g,0.75,20.25,25
demersal,10^3 g,0.75,20.75,15
demersal,10^3 g,0.75,21.25,2
demersal,10^3 g,0.75,21.75,3
demersal,10^3 g,1.25,11.25,1
demersal,10^3 g,1.25,11.75,4
demersal,10^3 g,1.25,12.25,9
demersal,10^3 g,1.25,12.75,7
demersal,10^3 g,1.25,13.25,5
demersal,10^3 g,1.25,13.75,5
demersal,10^3 g,1.25,14.25,6
demersal,10^3 g,1.25,14.75,3
demersal,10^3 g,1.25,15.25,2
demersal,10^3 g,1.25,15.75,2
demersal,10^3 g,1.25,16.25,1
demersal,10^3 g,1.25,16.75,4
demersal,10^3 g,1.25,17.25,2
demersal,10^3 g,1.25,17.75,9
demersal,10^3 g,1.25,18.25,8
demersal,10^3 g,1.25,18.75,20
demersal,10^3 g,1.25,19.25,47
demersal,10^3 g,1.25,19.75,51
demersal,10^3 g,1.25,20.25,35
demersal,10^3 g,1.25,20.75,16
demersal,10^3 g,1.25,21.25,5
demersal,10^3 g,1.25,21.75,1
demersal,10^3 g,1.25,22.25,1
demersal,10^3 g,1.25,22.75,1
demersal,10^3 g,1.75,3.75,1
demersal,10^3 g,1.75,4.25,1
demersal,10^3 g,1.75,4.75,1
demersal,10^3 g,1.75,5.25,2
demersal,10^3 g,1.75,5.75,2
demersal,10^3 g,1.75,6.25,1
demersal,10^3 g,1.75,8.25,1
demersal,10^3 g,1.75,10.25,2
demersal,10^3 g,1.75,10.75,1
demersal,10^3 g,1.75,11.25,5
demersal,10^3 g,1.75,11.75,7
demersal,10^3 g,1.75,12.25,6
demersal,10^3 g,1.75,12.75,4
demersal,10^3 g,1.75,13.25,5
demersal,10^3 g,1.75,13.75,2
demersal,10^3 g,1.75,14.25,1
demersal,10^3 g,1.75,14.75,2
demersal,10^3 g,1.75,15.75,5
demersal,10^3 g,1.75,16.25,5
demersal,10^3 g,1.75,17.25,1
demersal,10^3 g,1.75,17.75,6
demersal,10^3 g,1.75,18.25,8
demersal,10^3 g,1.75,18.75,14
demersal,10^3 g,1.75,19.25,26
demersal,10^3 g,1.75,19.75,36
demersal,10^3 g,1.75,20.25,38
demersal,10^3 g,1.75,20.75,31
demersal,10^3 g,1.75,21.25,3
demersal,10^3 g,1.75,21.75,7
demersal,10^3 g,1.75,22.25,4
demersal,10^3 g,2.25,2.25,1
demersal,10^3 g,2.25,3.25,3
demersal,10^3 g,2.25,3.75,3
demersal,10^3 g,2.25,6.25,1
demersal,10^3 g,2.25,6.75,1
demersal,10^3 g,2.25,7.25,5
demersal,10^3 g,2.25,9.25,1
demersal,10^3 g,2.25,9.75,3
demersal,10^3 g,2.25,10.25,1
demersal,10^3 g,2.25,10.75,1
demersal,10^3 g,2.25,11.25,3
demersal,10^3 g,2.25,11.75,7
demersal,10^3 g,2.25,12.25,6
demersal,10^3 g,2.25,12.75,4
demersal,10^3 g,2.25,13.25,1
demersal,10^3 g,2.25,13.75,3
demersal,10^3 g,2.25,14.25,3
demersal,10^3 g,2.25,14.75,5
demersal,10^3 g,2.25,15.25,4
demersal,10^3 g,2.25,15.75,1
demersal,10^3 g,2.25,16.25,2
demersal,10^3 g,2.25,16.75,1
demersal,10^3 g,2.25,17.25,5
demersal,10^3 g,2.25,17.75,12
demersal,10^3 g,2.25,18.25,9
demersal,10^3 g,2.25,18.75,9
demersal,10^3 g,2.25,19.25,10
demersal,10^3 g,2.25,19.75,26
demersal,10^3 g,2.25,20.25,63
demersal,10^3 g,2.25,20.75,17
demersal,10^3 g,2.25,21.25,9
demersal,10^3 g,2.25,21.75,6
demersal,10^3 g,2.25,22.75,1
demersal,10^3 g,2.25,23.25,1
demersal,10^3 g,2.75,1.75,1
demersal,10^3 g,2.75,2.25,1
demersal,10^3 g,2.75,2.75,1
demersal,10^3 g,2.75,3.25,2
demersal,10^3 g,2.75,5.75,1
demersal,10^3 g,2.75,6.75,2
demersal,10^3 g,2.75,9.75,1
demersal,10^3 g,2.75,10.25,2
demersal,10^3 g,2.75,10.75,2
demersal,10^3 g,2.75,11.25,1
demersal,10^3 g,2.75,11.75,4
demersal,10^3 g,2.75,12.25,8
demersal,10^3 g,2.75,12.75,2
demersal,10^3 g,2.75,13.25,2
demersal,10^3 g,2.75,13.75,2
demersal,10^3 g,2.75,14.25,3
demersal,10^3 g,2.75,14.75,4
demersal,10^3 g,2.75,15.25,2
demersal,10^3 g,2.75,15.75,4
demersal,10^3 g,2.75,16.25,9
demersal,10^3 g,2.75,16.75,2
demersal,10^3 g,2.75,17.25,5
demersal,10^3 g,2.75,17.75,7
demersal,10^3 g,2.75,18.25,7
demersal,10^3 g,2.75,18.75,18
demersal,10^3 g,2.75,19.25,25
demersal,10^3 g,2.75,19.75,16
demersal,10^3 g,2.75,20.25,54
demersal,10^3 g,2.75,20.75,11
demersal,10^3 g,2.75,21.25,10
demersal,10^3 g,2.75,21.75,10
demersal,10^3 g,2.75,22.25,3
demersal,10^3 g,3.25,1.75,2
demersal,10^3 g,3.25,2.25,3
demersal,10^3 g,3.25,2.75,2
demersal,10^3 g,3.25,3.75,4
demersal,10^3 g,3.25,4.25,3
demersal,10^3 g,3.25,4.75,2
demersal,10^3 g,3.25,5.25,4
demersal,10^3 g,3.25,5.75,1
demersal,10^3 g,3.25,6.25,1
demersal,10^3 g,3.25,6.75,1
demersal,10^3 g,3.25,7.75,3
demersal,10^3 g,3.25,8.25,2
demersal,10^3 g,3.25,8.75,3
demersal,10^3 g,3.25,9.25,2
demersal,10^3 g,3.25,9.75,4
demersal,10^3 g,3.25,10.25,4
demersal,10^3 g,3.25,10.75,6
demersal,10^3 g,3.25,11.25,6
demersal,10^3 g,3.25,11.75,9
demersal,10^3 g,3.25,12.25,5
demersal,10^3 g,3.25,12.75,11
demersal,10^3 g,3.25,13.25,9
demersal,10^3 g,3.25,13.75,2
demersal,10^3 g,3.25,14.25,2
demersal,10^3 g,3.25,14.75,3
demersal,10^3 g,3.25,15.25,3
demersal,10^3 g,3.25,15.75,9
demersal,10^3 g,3.25,16.25,6
demersal,10^3 g,3.25,16.75,6
demersal,10^3 g,3.25,17.25,8
demersal,10^3 g,3.25,17.75,19
demersal,10^3 g,3.25,18.25,19
demersal,10^3 g,3.25,18.75,83
demersal,10^3 g,3.25,19.25,209
demersal,10^3 g,3.25,19.75,73
demersal,10^3 g,3.25,20.25,59
demersal,10^3 g,3.25,20.75,10
demersal,10^3 g,3.25,21.25,20
demersal,10^3 g,3.25,21.75,26
demersal,10^3 g,3.25,22.25,10
demersal,10^3 g,3.75,1.75,4
demersal,10^3 g,3.75,2.25,1
demersal,10^3 g,3.75,2.75,2
demersal,10^3 g,3.75,3.75,1
demersal,10^3 g,3.75,4.25,4
demersal,10^3 g,3.75,5.25,3
demersal,10^3 g,3.75,5.75,1
demersal,10^3 g,3.75,6.25,2
demersal,10^3 g,3.75,6.75,3
demersal,10^3 g,3.75,7.25,1
demersal,10^3 g,3.75,8.25,1
demersal,10^3 g,3.75,8.75,2
demersal,10^3 g,3.75,9.25,2
demersal,10^3 g,3.75,9.75,1
demersal,10^3 g,3.75,10.25,2
demersal,10^3 g,3.75,10.75,9
demersal,10^3 g,3.75,11.25,25
demersal,10^3 g,3.75,11.75,9
demersal,10^3 g,3.75,12.25,6
demersal,10^3 g,3.75,12.75,6
demersal,10^3 g,3.75,13.25,5
demersal,10^3 g,3.75,13.75,13
demersal,10^3 g,3.75,14.25,8
demersal,10^3 g,3.75,14.75,1
demersal,10^3 g,3.75,15.25,6
demersal,10^3 g,3.75,15.75,4
demersal,10^3 g,3.75,16.25,4
demersal,10^3 g,3.75,16.75,5
demersal,10^3 g,3.75,17.25,5
demersal,10^3 g,3.75,17.75,10
demersal,10^3 g,3.75,18.25,16
demersal,10^3 g,3.75,18.75,15
demersal,10^3 g,3.75,19.25,66
demersal,10^3 g,3.75,19.75,33
demersal,10^3 g,3.75,20.25,20
demersal,10^3 g,3.75,20.75,14
demersal,10^3 g,3.75,21.25,3
demersal,10^3 g,3.75,21.75,25
demersal,10^3 g,3.75,22.25,17
demersal,10^3 g,4.25,0.75,1
demersal,10^3 g,4.25,1.25,2
demersal,10^3 g,4.25,2.25,1
demersal,10^3 g,4.25,4.75,1
demersal,10^3 g,4.25,5.25,1
demersal,10^3 g,4.25,6.25,2
demersal,10^3 g,4.25,6.75,1
demersal,10^3 g,4.25,7.25,2
demersal,10^3 g,4.25,7.75,2
demersal,10^3 g,4.25,8.25,1
demersal,10^3 g,4.25,8.75,2
demersal,10^3 g,4.25,9.25,1
demersal,10^3 g,4.25,10.75,1
demersal,10^3 g,4.25,11.25,8
demersal,10^3 g,4.25,11.75,22
demersal,10^3 g,4.25,12.25,11
demersal,10^3 g,4.25,12.75,11
demersal,10^3 g,4.25,13.25,15
demersal,10^3 g,4.25,13.75,18
demersal,10^3 g,4.25,14.25,12
demersal,10^3 g,4.25,14.75,30
demersal,10^3 g,4.25,15.25,9
demersal,10^3 g,4.25,15.75,2
demersal,10^3 g,4.25,16.25,2
demersal,10^3 g,4.25,17.25,7
demersal,10^3 g,4.25,17.75,10
demersal,10^3 g,4.25,18.25,10
demersal,10^3 g,4.25,18.75,6
demersal,10^3 g,4.25,19.25,6
demersal,10^3 g,4.25,19.75,10
demersal,10^3 g,4.25,20.25,20
demersal,10^3 g,4.25,20.75,22
demersal,10^3 g,4.25,21.25,10
demersal,10^3 g,4.25,21.75,18
demersal,10^3 g,4.25,22.25,12
demersal,10^3 g,4.75,3.25,1
demersal,10^3 g,4.75,4.75,2
demersal,10^3 g,4.75,5.75,2
demersal,10^3 g,4.75,6.25,2
demersal,10^3 g,4.75,6.75,4
demersal,10^3 g,4.75,7.75,3
demersal,10^3 g,4.75,9.25,3
demersal,10^3 g,4.75,9.75,1
demersal,10^3 g,4.75,10.25,1
demersal,10^3 g,4.75,10.75,1
demersal,10^3 g,4.75,11.25,3
demersal,10^3 g,4.75,11.75,14
demersal,10^3 g,4.75,12.25,37
demersal,10^3 g,4.75,12.75,20
demersal,10^3 g,4.75,13.25,9
demersal,10^3 g,4.75,13.75,7
demersal,10^3 g,4.75,14.25,10
demersal,10^3 g,4.75,14.75,8
demersal,10^3 g,4.75,15.25,11
demersal,10^3 g,4.75,15.75,3
demersal,10^3 g,4.75,16.25,2
demersal,10^3 g,4.75,16.75,4
demersal,10^3 g,4.75,17.25,8
demersal,10^3 g,4.75,17.75,1
demersal,10^3 g,4.75,18.25,1
demersal,10^3 g,4.75,18.75,2
demersal,10^3 g,4.75,19.25,6
demersal,10^3 g,4.75,19.75,8
demersal,10^3 g,4.75,20.25,18
demersal,10^3 g,4.75,20.75,18
demersal,10^3 g,4.75,21.25,12
demersal,10^3 g,4.75,21.75,21
demersal,10^3 g,4.75,22.25,14
demersal,10^3 g,5.25,2.25,1
demersal,10^3 g,5.25,2.75,1
demersal,10^3 g,5.25,3.75,1
demersal,10^3 g,5.25,4.25,3
demersal,10^3 g,5.25,4.75,1
demersal,10^3 g,5.25,6.25,1
demersal,10^3 g,5.25,6.75,3
demersal,10^3 g,5.25,7.25,2
demersal,10^3 g,5.25,8.25,1
demersal,10^3 g,5.25,8.75,1
demersal,10^3 g,5.25,9.25,1
demersal,10^3 g,5.25,9.75,2
demersal,10^3 g,5.25,10.25,3
demersal,10^3 g,5.25,10.75,7
demersal,10^3 g,5.25,11.25,11
demersal,10^3 g,5.25,11.75,11
demersal,10^3 g,5.25,12.25,18
demersal,10^3 g,5.25,12.75,34
demersal,10^3 g,5.25,13.25,24
demersal,10^3 g,5.25,13.75,10
demersal,10^3 g,5.25,14.25,8
demersal,10^3 g,5.25,14.75,4
demersal,10^3 g,5.25,15.25,10
demersal,10^3 g,5.25,15.75,12
demersal,10^3 g,5.25,16.25,6
demersal,10^3 g,5.25,16.75,10
demersal,10^3 g,5.25,17.25,8
demersal,10^3 g,5.25,17.75,7
demersal,10^3 g,5.25,18.25,4
demersal,10^3 g,5.25,18.75,6
demersal,10^3 g,5.25,19.25,6
demersal,10^3 g,5.25,19.75,7
demersal,10^3 g,5.25,20.25,22
demersal,10^3 g,5.25,20.75,18
demersal,10^3 g,5.25,21.25,11
demersal,10^3 g,5.25,21.75,27
demersal,10^3 g,5.25,22.25,7
demersal,10^3 g,5.25,23.25,1
demersal,10^3 g,5.75,0.75,1
demersal,10^3 g,5.75,1.75,2
demersal,10^3 g,5.75,2.75,2
demersal,10^3 g,5.75,3.25,1
demersal,10^3 g,5.75,4.25,1
demersal,10^3 g,5.75,5.25,2
demersal,10^3 g,5.75,5.75,3
demersal,10^3 g,5.75,6.25,3
demersal,10^3 g,5.75,6.75,1
demersal,10^3 g,5.75,8.25,1
demersal,10^3 g,5.75,8.75,1
demersal,10^3 g,5.75,9.25,3
demersal,10^3 g,5.75,9.75,4
demersal,10^3 g,5.75,10.25,5
demersal,10^3 g,5.75,10.75,10
demersal,10^3 g,5.75,11.25,6
demersal,10^3 g,5.75,11.75,3
demersal,10^3 g,5.75,12.25,6
demersal,10^3 g,5.75,12.75,23
demersal,10^3 g,5.75,13.25,37
demersal,10^3 g,5.75,13.75,20
demersal,10^3 g,5.75,14.25,12
demersal,10^3 g,5.75,14.75,2
demersal,10^3 g,5.75,15.25,3
demersal,10^3 g,5.75,15.75,5
demersal,10^3 g,5.75,16.25,8
demersal,10^3 g,5.75,16.75,12
demersal,10^3 g,5.75,17.25,4
demersal,10^3 g,5.75,17.75,11
demersal,10^3 g,5.75,18.25,5
demersal,10^3 g,5.75,18.75,3
demersal,10^3 g,5.75,19.25,7
demersal,10^3 g,5.75,19.75,7
demersal,10^3 g,5.75,20.25,10
demersal,10^3 g,5.75,20.75,35
demersal,10^3 g,5.75,21.25,26
demersal,10^3 g,5.75,21.75,39
demersal,10^3 g,5.75,22.25,11
demersal,10^3 g,6.25,2.25,1
demersal,10^3 g,6.25,3.25,1
demersal,10^3 g,6.25,3.75,1
demersal,10^3 g,6.25,4.25,1
demersal,10^3 g,6.25,4.75,3
demersal,10^3 g,6.25,5.25,2
demersal,10^3 g,6.25,5.75,1
demersal,10^3 g,6.25,6.25,1
demersal,10^3 g,6.25,6.75,1
demersal,10^3 g,6.25,7.25,3
demersal,10^3 g,6.25,7.75,2
demersal,10^3 g,6.25,8.25,2
demersal,10^3 g,6.25,8.75,7
demersal,10^3 g,6.25,9.25,5
demersal,10^3 g,6.25,9.75,5
demersal,10^3 g,6.25,10.25,2
demersal,10^3 g,6.25,11.75,1
demersal,10^3 g,6.25,12.25,4
demersal,10^3 g,6.25,12.75,5
demersal,10^3 g,6.25,13.25,19
demersal,10^3 g,6.25,13.75,16
demersal,10^3 g,6.25,14.25,21
demersal,10^3 g,6.25,14.75,6
demersal,10^3 g,6.25,15.25,4
demersal,10^3 g,6.25,15.75,1
demersal,10^3 g,6.25,16.25,2
demersal,10^3 g,6.25,16.75,7
demersal,10^3 g,6.25,17.25,8
demersal,10^3 g,6.25,17.75,13
demersal,10^3 g,6.25,18.25,15
demersal,10^3 g,6.25,18.75,15
demersal,10^3 g,6.25,19.25,18
demersal,10^3 g,6.25,19.75,18
demersal,10^3 g,6.25,20.25,23
demersal,10^3 g,6.25,20.75,41
demersal,10^3 g,6.25,21.25,33
demersal,10^3 g,6.25,21.75,11
demersal,10^3 g,6.25,22.25,8
demersal,10^3 g,6.25,22.75,1
demersal,10^3 g,6.75,1.25,1
demersal,10^3 g,6.75,6.25,1
demersal,10^3 g,6.75,7.25,1
demersal,10^3 g,6.75,8.25,2
demersal,10^3 g,6.75,8.75,3
demersal,10^3 g,6.75,9.25,4
demersal,10^3 g,6.75,9.75,2
demersal,10^3 g,6.75,10.25,1
demersal,10^3 g,6.75,10.75,4
demersal,10^3 g,6.75,11.75,3
demersal,10^3 g,6.75,12.25,1
demersal,10^3 g,6.75,12.75,10
demersal,10^3 g,6.75,13.25,8
demersal,10^3 g,6.75,13.75,9
demersal,10^3 g,6.75,14.25,22
demersal,10^3 g,6.75,14.75,10
demersal,10^3 g,6.75,15.25,9
demersal,10^3 g,6.75,15.75,11
demersal,10^3 g,6.75,16.25,12
demersal,10^3 g,6.75,16.75,10
demersal,10^3 g,6.75,17.25,5
demersal,10^3 g,6.75,17.75,13
demersal,10^3 g,6.75,18.25,17
demersal,10^3 g,6.75,18.75,25
demersal,10^3 g,6.75,19.25,10
demersal,10^3 g,6.75,19.75,12
demersal,10^3 g,6.75,20.25,29
demersal,10^3 g,6.75,20.75,33
demersal,10^3 g,6.75,21.25,21
demersal,10^3 g,6.75,21.75,16
demersal,10^3 g,6.75,22.25,8
demersal,10^3 g,7.25,4.75,1
demersal,10^3 g,7.25,5.75,1
demersal,10^3 g,7.25,7.25,1
demersal,10^3 g,7.25,7.75,2
demersal,10^3 g,7.25,9.25,5
demersal,10^3 g,7.25,9.75,3
demersal,10^3 g,7.25,10.25,3
demersal,10^3 g,7.25,10.75,3
demersal,10^3 g,7.25,11.25,2
demersal,10^3 g,7.25,12.25,2
demersal,10^3 g,7.25,12.75,1
demersal,10^3 g,7.25,13.25,8
demersal,10^3 g,7.25,13.75,7
demersal,10^3 g,7.25,14.25,13
demersal,10^3 g,7.25,14.75,11
demersal,10^3 g,7.25,15.25,14
demersal,10^3 g,7.25,15.75,5
demersal,10^3 g,7.25,16.25,7
demersal,10^3 g,7.25,16.75,6
demersal,10^3 g,7.25,17.25,6
demersal,10^3 g,7.25,17.75,8
demersal,10^3 g,7.25,18.25,7
demersal,10^3 g,7.25,18.75,25
demersal,10^3 g,7.25,19.25,46
demersal,10^3 g,7.25,19.75,72
demersal,10^3 g,7.25,20.25,32
demersal,10^3 g,7.25,20.75,50
demersal,10^3 g,7.25,21.25,8
demersal,10^3 g,7.25,21.75,35
demersal,10^3 g,7.25,22.25,9
demersal,10^3 g,7.25,22.75,1
demersal,10^3 g,7.75,0.75,1
demersal,10^3 g,7.75,3.25,1
demersal,10^3 g,7.75,4.75,1
demersal,10^3 g,7.75,5.25,3
demersal,10^3 g,7.75,7.25,1
demersal,10^3 g,7.75,7.75,1
demersal,10^3 g,7.75,8.25,4
demersal,10^3 g,7.75,8.75,3
demersal,10^3 g,7.75,9.25,4
demersal,10^3 g,7.75,9.75,3
demersal,10^3 g,7.75,10.25,2
demersal,10^3 g,7.75,10.75,2
demersal,10^3 g,7.75,11.25,1
demersal,10^3 g,7.75,11.75,1
demersal,10^3 g,7.75,12.75,3
demersal,10^3 g,7.75,13.25,4
demersal,10^3 g,7.75,13.75,4
demersal,10^3 g,7.75,14.25,11
demersal,10^3 g,7.75,14.75,15
demersal,10^3 g,7.75,15.25,16
demersal,10^3 g,7.75,15.75,15
demersal,10^3 g,7.75,16.25,7
demersal,10^3 g,7.75,16.75,6
demersal,10^3 g,7.75,17.25,17
demersal,10^3 g,7.75,17.75,7
demersal,10^3 g,7.75,18.25,13
demersal,10^3 g,7.75,18.75,4
demersal,10^3 g,7.75,19.25,18
demersal,10^3 g,7.75,19.75,60
demersal,10^3 g,7.75,20.25,99
demersal,10^3 g,7.75,20.75,27
demersal,10^3 g,7.75,21.25,20
demersal,10^3 g,7.75,21.75,17
demersal,10^3 g,7.75,22.25,21
demersal,10^3 g,7.75,22.75,4
demersal,10^3 g,8.25,0.75,1
demersal,10^3 g,8.25,2.75,1
demersal,10^3 g,8.25,4.75,1
demersal,10^3 g,8.25,6.25,2
demersal,10^3 g,8.25,6.75,1
demersal,10^3 g,8.25,8.25,2
demersal,10^3 g,8.25,9.25,3
demersal,10^3 g,8.25,9.75,2
demersal,10^3 g,8.25,10.75,1
demersal,10^3 g,8.25,11.25,1
demersal,10^3 g,8.25,11.75,2
demersal,10^3 g,8.25,12.25,1
demersal,10^3 g,8.25,12.75,1
demersal,10^3 g,8.25,13.25,1
demersal,10^3 g,8.25,13.75,5
demersal,10^3 g,8.25,14.25,10
demersal,10^3 g,8.25,14.75,8
demersal,10^3 g,8.25,15.25,9
demersal,10^3 g,8.25,15.75,9
demersal,10^3 g,8.25,16.25,18
demersal,10^3 g,8.25,16.75,24
demersal,10^3 g,8.25,17.25,15
demersal,10^3 g,8.25,17.75,16
demersal,10^3 g,8.25,18.25,4
demersal,10^3 g,8.25,18.75,9
demersal,10^3 g,8.25,19.25,4
demersal,10^3 g,8.25,19.75,18
demersal,10^3 g,8.25,20.25,67
demersal,10^3 g,8.25,20.75,91
demersal,10^3 g,8.25,21.25,19
demersal,10^3 g,8.25,21.75,17
demersal,10^3 g,8.25,22.25,7
demersal,10^3 g,8.25,22.75,5
demersal,10^3 g,8.75,2.25,2
demersal,10^3 g,8.75,2.75,1
demersal,10^3 g,8.75,4.25,2
demersal,10^3 g,8.75,4.75,1
demersal,10^3 g,8.75,5.25,1
demersal,10^3 g,8.75,6.25,1
demersal,10^3 g,8.75,6.75,2
demersal,10^3 g,8.75,8.25,1
demersal,10^3 g,8.75,9.25,3
demersal,10^3 g,8.75,10.25,2
demersal,10^3 g,8.75,11.25,2
demersal,10^3 g,8.75,11.75,1
demersal,10^3 g,8.75,12.75,2
demersal,10^3 g,8.75,13.25,1
demersal,10^3 g,8.75,13.75,4
demersal,10^3 g,8.75,14.25,6
demersal,10^3 g,8.75,14.75,6
demersal,10^3 g,8.75,15.25,5
demersal,10^3 g,8.75,15.75,7
demersal,10^3 g,8.75,16.25,7
demersal,10^3 g,8.75,16.75,16
demersal,10^3 g,8.75,17.25,27
demersal,10^3 g,8.75,17.75,14
demersal,10^3 g,8.75,18.25,13
demersal,10^3 g,8.75,18.75,12
demersal,10^3 g,8.75,19.25,11
demersal,10^3 g,8.75,19.75,19
demersal,10^3 g,8.75,20.25,35
demersal,10^3 g,8.75,20.75,93
demersal,10^3 g,8.75,21.25,33
demersal,10^3 g,8.75,21.75,30
demersal,10^3 g,8.75,22.25,4
demersal,10^3 g,9.25,4.25,1
demersal,10^3 g,9.25,4.75,1
demersal,10^3 g,9.25,5.25,1
demersal,10^3 g,9.25,6.25,1
demersal,10^3 g,9.25,6.75,1
demersal,10^3 g,9.25,7.25,2
demersal,10^3 g,9.25,7.75,1
demersal,10^3 g,9.25,8.25,2
demersal,10^3 g,9.25,8.75,1
demersal,10^3 g,9.25,9.25,5
demersal,10^3 g,9.25,9.75,5
demersal,10^3 g,9.25,10.75,1
demersal,10^3 g,9.25,11.25,4
demersal,10^3 g,9.25,11.75,1
demersal,10^3 g,9.25,12.25,2
demersal,10^3 g,9.25,12.75,3
demersal,10^3 g,9.25,13.25,1
demersal,10^3 g,9.25,13.75,2
demersal,10^3 g,9.25,14.25,7
demersal,10^3 g,9.25,14.75,8
demersal,10^3 g,9.25,15.25,7
demersal,10^3 g,9.25,15.75,11
demersal,10^3 g,9.25,16.25,4
demersal,10^3 g,9.25,16.75,10
demersal,10^3 g,9.25,17.25,27
demersal,10^3 g,9.25,17.75,11
demersal,10^3 g,9.25,18.25,9
demersal,10^3 g,9.25,18.75,8
demersal,10^3 g,9.25,19.25,7
demersal,10^3 g,9.25,19.75,10
demersal,10^3 g,9.25,20.25,41
demersal,10^3 g,9.25,20.75,51
demersal,10^3 g,9.25,21.25,47
demersal,10^3 g,9.25,21.75,34
demersal,10^3 g,9.25,22.25,11
demersal,10^3 g,9.75,1.25,1
demersal,10^3 g,9.75,1.75,2
demersal,10^3 g,9.75,2.25,1
demersal,10^3 g,9.75,3.25,2
demersal,10^3 g,9.75,4.25,2
demersal,10^3 g,9.75,4.75,1
demersal,10^3 g,9.75,6.25,2
demersal,10^3 g,9.75,7.25,1
demersal,10^3 g,9.75,8.25,1
demersal,10^3 g,9.75,9.25,3
demersal,10^3 g,9.75,9.75,4
demersal,10^3 g,9.75,10.25,2
demersal,10^3 g,9.75,10.75,1
demersal,10^3 g,9.75,11.25,1
demersal,10^3 g,9.75,11.75,2
demersal,10^3 g,9.75,12.75,3
demersal,10^3 g,9.75,13.75,1
demersal,10^3 g,9.75,14.25,3
demersal,10^3 g,9.75,14.75,6
demersal,10^3 g,9.75,15.25,11
demersal,10^3 g,9.75,15.75,10
demersal,10^3 g,9.75,16.25,5
demersal,10^3 g,9.75,16.75,4
demersal,10^3 g,9.75,17.25,9
demersal,10^3 g,9.75,17.75,18
demersal,10^3 g,9.75,18.25,6
demersal,10^3 g,9.75,18.75,5
demersal,10^3 g,9.75,19.25,8
demersal,10^3 g,9.75,19.75,15
demersal,10^3 g,9.75,20.25,51
demersal,10^3 g,9.75,20.75,49
demersal,10^3 g,9.75,21.25,35
demersal,10^3 g,9.75,21.75,34
demersal,10^3 g,9.75,22.25,8
demersal,10^3 g,9.75,22.75,3
demersal,10^3 g,10.25,1.75,1
demersal,10^3 g,10.25,2.25,1
demersal,10^3 g,10.25,2.75,1
demersal,10^3 g,10.25,3.25,1
demersal,10^3 g,10.25,3.75,1
demersal,10^3 g,10.25,4.25,3
demersal,10^3 g,10.25,6.25,3
demersal,10^3 g,10.25,7.25,1
demersal,10^3 g,10.25,7.75,1
demersal,10^3 g,10.25,8.25,1
demersal,10^3 g,10.25,9.75,4
demersal,10^3 g,10.25,10.25,3
demersal,10^3 g,10.25,11.25,2
demersal,10^3 g,10.25,11.75,3
demersal,10^3 g,10.25,12.25,2
demersal,10^3 g,10.25,12.75,1
demersal,10^3 g,10.25,13.25,2
demersal,10^3 g,10.25,13.75,3
demersal,10^3 g,10.25,14.25,5
demersal,10^3 g,10.25,14.75,3
demersal,10^3 g,10.25,15.25,10
demersal,10^3 g,10.25,15.75,10
demersal,10^3 g,10.25,16.25,5
demersal,10^3 g,10.25,16.75,5
demersal,10^3 g,10.25,17.25,8
demersal,10^3 g,10.25,17.75,10
demersal,10^3 g,10.25,18.25,9
demersal,10^3 g,10.25,18.75,5
demersal,10^3 g,10.25,19.25,7
demersal,10^3 g,10.25,19.75,44
demersal,10^3 g,10.25,20.25,63
demersal,10^3 g,10.25,20.75,23
demersal,10^3 g,10.25,21.25,32
demersal,10^3 g,10.25,21.75,61
demersal,10^3 g,10.25,22.25,15
demersal,10^3 g,10.75,1.25,1
demersal,10^3 g,10.75,1.75,1
demersal,10^3 g,10.75,4.25,4
demersal,10^3 g,10.75,4.75,3
demersal,10^3 g,10.75,6.25,2
demersal,10^3 g,10.75,7.25,1
demersal,10^3 g,10.75,8.25,1
demersal,10^3 g,10.75,8.75,1
demersal,10^3 g,10.75,9.25,3
demersal,10^3 g,10.75,9.75,5
demersal,10^3 g,10.75,10.75,1
demersal,10^3 g,10.75,11.25,2
demersal,10^3 g,10.75,12.25,2
demersal,10^3 g,10.75,12.75,2
demersal,10^3 g,10.75,14.25,3
demersal,10^3 g,10.75,14.75,3
demersal,10^3 g,10.75,15.25,9
demersal,10^3 g,10.75,15.75,6
demersal,10^3 g,10.75,16.25,5
demersal,10^3 g,10.75,16.75,5
demersal,10^3 g,10.75,17.25,5
demersal,10^3 g,10.75,17.75,3
demersal,10^3 g,10.75,18.25,15
demersal,10^3 g,10.75,18.75,4
demersal,10^3 g,10.75,19.25,11
demersal,10^3 g,10.75,19.75,18
demersal,10^3 g,10.75,20.25,52
demersal,10^3 g,10.75,20.75,33
demersal,10^3 g,10.75,21.25,27
demersal,10^3 g,10.75,21.75,54
demersal,10^3 g,10.75,22.25,11
demersal,10^3 g,10.75,22.75,1
demersal,10^3 g,11.25,1.75,1
demersal,10^3 g,11.25,2.25,1
demersal,10^3 g,11.25,2.75,1
demersal,10^3 g,11.25,3.25,1
demersal,10^3 g,11.25,4.25,2
demersal,10^3 g,11.25,4.75,2
demersal,10^3 g,11.25,6.75,1
demersal,10^3 g,11.25,7.25,1
demersal,10^3 g,11.25,10.25,1
demersal,10^3 g,11.25,10.75,1
demersal,10^3 g,11.25,11.75,2
demersal,10^3 g,11.25,12.25,1
demersal,10^3 g,11.25,13.25,1
demersal,10^3 g,11.25,13.75,1
demersal,10^3 g,11.25,14.25,2
demersal,10^3 g,11.25,14.75,2
demersal,10^3 g,11.25,15.25,8
demersal,10^3 g,11.25,15.75,7
demersal,10^3 g,11.25,16.25,10
demersal,10^3 g,11.25,16.75,3
demersal,10^3 g,11.25,17.25,8
demersal,10^3 g,11.25,17.75,2
demersal,10^3 g,11.25,18.25,5
demersal,10^3 g,11.25,18.75,15
demersal,10^3 g,11.25,19.25,2
demersal,10^3 g,11.25,19.75,2
demersal,10^3 g,11.25,20.25,15
demersal,10^3 g,11.25,20.75,15
demersal,10^3 g,11.25,21.25,32
demersal,10^3 g,11.25,21.75,35
demersal,10^3 g,11.25,22.25,9
demersal,10^3 g,11.25,22.75,1
demersal,10^3 g,11.75,3.75,1
demersal,10^3 g,11.75,4.25,2
demersal,10^3 g,11.75,6.75,2
demersal,10^3 g,11.75,9.75,1
demersal,10^3 g,11.75,10.25,2
demersal,10^3 g,11.75,11.25,1
demersal,10^3 g,11.75,11.75,1
demersal,10^3 g,11.75,12.75,2
demersal,10^3 g,11.75,13.25,1
demersal,10^3 g,11.75,14.25,5
demersal,10^3 g,11.75,14.75,2
demersal,10^3 g,11.75,15.25,2
demersal,10^3 g,11.75,15.75,10
demersal,10^3 g,11.75,16.25,4
demersal,10^3 g,11.75,16.75,8
demersal,10^3 g,11.75,17.25,3
demersal,10^3 g,11.75,17.75,10
demersal,10^3 g,11.75,18.25,2
demersal,10^3 g,11.75,18.75,6
demersal,10^3 g,11.75,19.25,9
demersal,10^3 g,11.75,19.75,7
demersal,10^3 g,11.75,20.25,11
demersal,10^3 g,11.75,20.75,13
demersal,10^3 g,11.75,21.25,17
demersal,10^3 g,11.75,21.75,13
demersal,10^3 g,11.75,22.25,6
demersal,10^3 g,12.25,2.75,1
demersal,10^3 g,12.25,4.25,1
demersal,10^3 g,12.25,5.25,2
demersal,10^3 g,12.25,5.75,1
demersal,10^3 g,12.25,9.75,1
demersal,10^3 g,12.25,13.25,1
demersal,10^3 g,12.25,13.75,1
demersal,10^3 g,12.25,15.25,3
demersal,10^3 g,12.25,15.75,7
demersal,10^3 g,12.25,16.25,8
demersal,10^3 g,12.25,16.75,4
demersal,10^3 g,12.25,17.25,7
demersal,10^3 g,12.25,17.75,3
demersal,10^3 g,12.25,18.25,3
demersal,10^3 g,12.25,18.75,1
demersal,10^3 g,12.25,19.25,4
demersal,10^3 g,12.25,19.75,11
demersal,10^3 g,12.25,20.25,9
demersal,10^3 g,12.25,20.75,2
demersal,10^3 g,12.25,21.25,19
demersal,10^3 g,12.25,21.75,13
demersal,10^3 g,12.25,22.25,11
demersal,10^3 g,12.25,22.75,1
demersal,10^3 g,12.75,2.75,3
demersal,10^3 g,12.75,5.75,1
demersal,10^3 g,12.75,7.25,1
demersal,10^3 g,12.75,7.75,1
demersal,10^3 g,12.75,9.75,1
demersal,10^3 g,12.75,12.25,1
demersal,10^3 g,12.75,13.25,1
demersal,10^3 g,12.75,13.75,3
demersal,10^3 g,12.75,14.25,1
demersal,10^3 g,12.75,14.75,3
demersal,10^3 g,12.75,15.25,2
demersal,10^3 g,12.75,15.75,3
demersal,10^3 g,12.75,16.25,4
demersal,10^3 g,12.75,16.75,4
demersal,10^3 g,12.75,17.25,7
demersal,10^3 g,12.75,17.75,5
demersal,10^3 g,12.75,18.25,4
demersal,10^3 g,12.75,18.75,2
demersal,10^3 g,12.75,19.25,3
demersal,10^3 g,12.75,19.75,4
demersal,10^3 g,12.75,20.25,16
demersal,10^3 g,12.75,20.75,14
demersal,10^3 g,12.75,21.25,3
demersal,10^3 g,12.75,21.75,16
demersal,10^3 g,12.75,22.25,15
demersal,10^3 g,12.75,22.75,1
demersal,10^3 g,13.25,2.25,1
demersal,10^3 g,13.25,2.75,1
demersal,10^3 g,13.25,3.75,1
demersal,10^3 g,13.25,4.75,1
demersal,10^3 g,13.25,5.25,1
demersal,10^3 g,13.25,6.75,3
demersal,10^3 g,13.25,7.25,2
demersal,10^3 g,13.25,7.75,2
demersal,10^3 g,13.25,10.25,1
demersal,10^3 g,13.25,10.75,1
demersal,10^3 g,13.25,11.25,2
demersal,10^3 g,13.25,11.75,1
demersal,10^3 g,13.25,12.75,1
demersal,10^3 g,13.25,13.75,3
demersal,10^3 g,13.25,15.25,2
demersal,10^3 g,13.25,15.75,8
demersal,10^3 g,13.25,16.25,16
demersal,10^3 g,13.25,16.75,11
demersal,10^3 g,13.25,17.25,12
demersal,10^3 g,13.25,17.75,13
demersal,10^3 g,13.25,18.25,9
demersal,10^3 g,13.25,18.75,5
demersal,10^3 g,13.25,19.25,15
demersal,10^3 g,13.25,19.75,2
demersal,10^3 g,13.25,20.25,1
demersal,10^3 g,13.25,20.75,2
demersal,10^3 g,13.25,21.25,12
demersal,10^3 g,13.25,21.75,11
demersal,10^3 g,13.25,22.25,2
demersal,10^3 g,13.75,0.75,1
demersal,10^3 g,13.75,3.25,1
demersal,10^3 g,13.75,4.75,1
demersal,10^3 g,13.75,6.25,1
demersal,10^3 g,13.75,8.25,1
demersal,10^3 g,13.75,12.25,1
demersal,10^3 g,13.75,12.75,1
demersal,10^3 g,13.75,13.25,1
demersal,10^3 g,13.75,14.25,1
demersal,10^3 g,13.75,15.25,3
demersal,10^3 g,13.75,15.75,5
demersal,10^3 g,13.75,16.25,7
demersal,10^3 g,13.75,16.75,1
demersal,10^3 g,13.75,17.25,5
demersal,10^3 g,13.75,17.75,2
demersal,10^3 g,13.75,18.25,3
demersal,10^3 g,13.75,18.75,7
demersal,10^3 g,13.75,19.25,10
demersal,10^3 g,13.75,19.75,20
demersal,10^3 g,13.75,20.25,13
demersal,10^3 g,13.75,20.75,6
demersal,10^3 g,13.75,21.25,4
demersal,10^3 g,13.75,21.75,5
demersal,10^3 g,13.75,22.25,11
demersal,10^3 g,14.25,2.75,1
demersal,10^3 g,14.25,3.25,1
demersal,10^3 g,14.25,7.25,3
demersal,10^3 g,14.25,8.75,1
demersal,10^3 g,14.25,9.25,1
demersal,10^3 g,14.25,10.25,1
demersal,10^3 g,14.25,11.25,1
demersal,10^3 g,14.25,11.75,1
demersal,10^3 g,14.25,12.75,1
demersal,10^3 g,14.25,13.25,1
demersal,10^3 g,14.25,13.75,1
demersal,10^3 g,14.25,14.25,1
demersal,10^3 g,14.25,14.75,1
demersal,10^3 g,14.25,16.25,1
demersal,10^3 g,14.25,16.75,3
demersal,10^3 g,14.25,17.25,5
demersal,10^3 g,14.25,17.75,7
demersal,10^3 g,14.25,18.25,5
demersal,10^3 g,14.25,18.75,8
demersal,10^3 g,14.25,19.25,5
demersal,10^3 g,14.25,19.75,16
demersal,10^3 g,14.25,20.25,18
demersal,10^3 g,14.25,20.75,19
demersal,10^3 g,14.25,21.25,5
demersal,10^3 g,14.25,21.75,7
demersal,10^3 g,14.25,22.25,6
demersal,10^3 g,14.75,1.75,1
demersal,10^3 g,14.75,2.75,1
demersal,10^3 g,14.75,5.25,1
demersal,10^3 g,14.75,6.25,1
demersal,10^3 g,14.75,7.75,1
demersal,10^3 g,14.75,8.75,1
demersal,10^3 g,14.75,9.75,1
demersal,10^3 g,14.75,12.25,1
demersal,10^3 g,14.75,13.25,1
demersal,10^3 g,14.75,14.25,2
demersal,10^3 g,14.75,15.25,2
demersal,10^3 g,14.75,15.75,1
demersal,10^3 g,14.75,16.25,1
demersal,10^3 g,14.75,16.75,1
demersal,10^3 g,14.75,17.25,4
demersal,10^3 g,14.75,18.25,5
demersal,10^3 g,14.75,18.75,3
demersal,10^3 g,14.75,19.25,7
demersal,10^3 g,14.75,19.75,13
demersal,10^3 g,14.75,20.25,10
demersal,10^3 g,14.75,20.75,15
demersal,10^3 g,14.75,21.25,23
demersal,10^3 g,14.75,21.75,19
demersal,10^3 g,14.75,22.25,2
demersal,10^3 g,15.25,0.75,1
demersal,10^3 g,15.25,3.75,2
demersal,10^3 g,15.25,4.75,1
demersal,10^3 g,15.25,8.25,2
demersal,10^3 g,15.25,12.75,1
demersal,10^3 g,15.25,13.75,1
demersal,10^3 g,15.25,14.75,1
demersal,10^3 g,15.25,15.25,2
demersal,10^3 g,15.25,15.75,2
demersal,10^3 g,15.25,16.25,1
demersal,10^3 g,15.25,16.75,1
demersal,10^3 g,15.25,17.25,4
demersal,10^3 g,15.25,17.75,2
demersal,10^3 g,15.25,18.25,3
demersal,10^3 g,15.25,18.75,5
demersal,10^3 g,15.25,19.25,7
demersal,10^3 g,15.25,19.75,6
demersal,10^3 g,15.25,20.25,15
demersal,10^3 g,15.25,20.75,8
demersal,10^3 g,15.25,21.25,18
demersal,10^3 g,15.25,21.75,8
demersal,10^3 g,15.25,22.25,2
demersal,10^3 g,15.25,22.75,2
demersal,10^3 g,15.75,2.75,1
demersal,10^3 g,15.75,4.25,2
demersal,10^3 g,15.75,5.75,1
demersal,10^3 g,15.75,7.25,1
demersal,10^3 g,15.75,7.75,1
demersal,10^3 g,15.75,8.75,1
demersal,10^3 g,15.75,9.75,1
demersal,10^3 g,15.75,10.75,1
demersal,10^3 g,15.75,12.75,2
demersal,10^3 g,15.75,14.25,1
demersal,10^3 g,15.75,15.25,3
demersal,10^3 g,15.75,15.75,2
demersal,10^3 g,15.75,16.25,2
demersal,10^3 g,15.75,16.75,2
demersal,10^3 g,15.75,17.25,2
demersal,10^3 g,15.75,17.75,4
demersal,10^3 g,15.75,18.25,2
demersal,10^3 g,15.75,18.75,7
demersal,10^3 g,15.75,19.25,4
demersal,10^3 g,15.75,19.75,2
demersal,10^3 g,15.75,20.25,11
demersal,10^3 g,15.75,20.75,17
demersal,10^3 g,15.75,21.25,14
demersal,10^3 g,15.75,21.75,11
demersal,10^3 g,15.75,22.25,5
demersal,10^3 g,15.75,22.75,1
demersal,10^3 g,16.25,4.25,1
demersal,10^3 g,16.25,5.25,3
demersal,10^3 g,16.25,5.75,1
demersal,10^3 g,16.25,8.25,1
demersal,10^3 g,16.25,9.75,1
demersal,10^3 g,16.25,10.25,1
demersal,10^3 g,16.25,13.25,1
demersal,10^3 g,16.25,14.25,1
demersal,10^3 g,16.25,14.75,3
demersal,10^3 g,16.25,15.25,3
demersal,10^3 g,16.25,15.75,3
demersal,10^3 g,16.25,16.25,7
demersal,10^3 g,16.25,16.75,2
demersal,10^3 g,16.25,17.25,1
demersal,10^3 g,16.25,17.75,2
demersal,10^3 g,16.25,18.25,3
demersal,10^3 g,16.25,18.75,1
demersal,10^3 g,16.25,19.25,5
demersal,10^3 g,16.25,20.25,6
demersal,10^3 g,16.25,20.75,15
demersal,10^3 g,16.25,21.25,17
demersal,10^3 g,16.25,21.75,3
demersal,10^3 g,16.25,22.25,5
demersal,10^3 g,16.25,22.75,1
demersal,10^3 g,16.75,5.75,1
demersal,10^3 g,16.75,9.75,1
demersal,10^3 g,16.75,10.25,1
demersal,10^3 g,16.75,11.25,1
demersal,10^3 g,16.75,12.75,1
demersal,10^3 g,16.75,13.25,1
demersal,10^3 g,16.75,14.25,2
demersal,10^3 g,16.75,15.25,2
demersal,10^3 g,16.75,15.75,5
demersal,10^3 g,16.75,16.25,5
demersal,10^3 g,16.75,16.75,5
demersal,10^3 g,16.75,17.25,2
demersal,10^3 g,16.75,17.75,1
demersal,10^3 g,16.75,18.25,2
demersal,10^3 g,16.75,18.75,3
demersal,10^3 g,16.75,19.25,1
demersal,10^3 g,16.75,19.75,6
demersal,10^3 g,16.75,20.25,12
demersal,10^3 g,16.75,20.75,6
demersal,10^3 g,16.75,21.25,8
demersal,10^3 g,16.75,21.75,10
demersal,10^3 g,16.75,22.25,4
demersal,10^3 g,16.75,22.75,3
demersal,10^3 g,17.25,6.25,2
demersal,10^3 g,17.25,8.25,1
demersal,10^3 g,17.25,10.75,1
demersal,10^3 g,17.25,11.75,1
demersal,10^3 g,17.25,12.75,1
demersal,10^3 g,17.25,14.75,1
demersal,10^3 g,17.25,15.25,1
demersal,10^3 g,17.25,15.75,3
demersal,10^3 g,17.25,16.25,8
demersal,10^3 g,17.25,16.75,1
demersal,10^3 g,17.25,17.25,3
demersal,10^3 g,17.25,17.75,1
demersal,10^3 g,17.25,18.25,4
demersal,10^3 g,17.25,18.75,1
demersal,10^3 g,17.25,19.25,7
demersal,10^3 g,17.25,19.75,3
demersal,10^3 g,17.25,20.25,10
demersal,10^3 g,17.25,20.75,11
demersal,10^3 g,17.25,21.25,14
demersal,10^3 g,17.25,21.75,2
demersal,10^3 g,17.25,22.25,2
demersal,10^3 g,17.25,22.75,1
demersal,10^3 g,17.75,8.75,1
demersal,10^3 g,17.75,11.25,1
demersal,10^3 g,17.75,12.25,1
demersal,10^3 g,17.75,13.25,1
demersal,10^3 g,17.75,14.25,1
demersal,10^3 g,17.75,15.25,2
demersal,10^3 g,17.75,15.75,2
demersal,10^3 g,17.75,16.25,1
demersal,10^3 g,17.75,16.75,2
demersal,10^3 g,17.75,17.25,1
demersal,10^3 g,17.75,17.75,1
demersal,10^3 g,17.75,18.25,3
demersal,10^3 g,17.75,18.75,2
demersal,10^3 g,17.75,19.25,2
demersal,10^3 g,17.75,19.75,3
demersal,10^3 g,17.75,20.25,6
demersal,10^3 g,17.75,20.75,12
demersal,10^3 g,17.75,21.25,14
demersal,10^3 g,17.75,21.75,8
demersal,10^3 g,17.75,22.25,4
demersal,10^3 g,18.25,10.75,3
demersal,10^3 g,18.25,11.25,1
demersal,10^3 g,18.25,12.25,1
demersal,10^3 g,18.25,13.75,2
demersal,10^3 g,18.25,14.75,1
demersal,10^3 g,18.25,15.25,1
demersal,10^3 g,18.25,16.75,1
demersal,10^3 g,18.25,17.25,4
demersal,10^3 g,18.25,17.75,2
demersal,10^3 g,18.25,18.25,2
demersal,10^3 g,18.25,18.75,2
demersal,10^3 g,18.25,19.25,4
demersal,10^3 g,18.25,19.75,4
demersal,10^3 g,18.25,20.25,2
demersal,10^3 g,18.25,20.75,8
demersal,10^3 g,18.25,21.25,14
demersal,10^3 g,18.25,21.75,16
demersal,10^3 g,18.25,22.25,7
demersal,10^3 g,18.75,5.75,1
demersal,10^3 g,18.75,10.25,1
demersal,10^3 g,18.75,11.25,2
demersal,10^3 g,18.75,12.25,1
demersal,10^3 g,18.75,12.75,1
demersal,10^3 g,18.75,14.25,1
demersal,10^3 g,18.75,14.75,1
demersal,10^3 g,18.75,16.75,1
demersal,10^3 g,18.75,17.25,2
demersal,10^3 g,18.75,17.75,5
demersal,10^3 g,18.75,18.25,1
demersal,10^3 g,18.75,18.75,1
demersal,10^3 g,18.75,19.25,5
demersal,10^3 g,18.75,19.75,4
demersal,10^3 g,18.75,20.25,5
demersal,10^3 g,18.75,21.25,24
demersal,10^3 g,18.75,21.75,15
demersal,10^3 g,18.75,22.25,3
demersal,10^3 g,19.25,5.75,1
demersal,10^3 g,19.25,11.75,1
demersal,10^3 g,19.25,13.25,1
demersal,10^3 g,19.25,14.25,3
demersal,10^3 g,19.25,14.75,1
demersal,10^3 g,19.25,15.75,2
demersal,10^3 g,19.25,17.75,1
demersal,10^3 g,19.25,18.25,3
demersal,10^3 g,19.25,18.75,1
demersal,10^3 g,19.25,19.75,4
demersal,10^3 g,19.25,20.25,4
demersal,10^3 g,19.25,21.25,8
demersal,10^3 g,19.25,21.75,7
demersal,10^3 g,19.25,22.25,6
demersal,10^3 g,19.25,22.75,1
demersal,10^3 g,19.75,5.75,1
demersal,10^3 g,19.75,10.25,1
demersal,10^3 g,19.75,11.75,2
demersal,10^3 g,19.75,14.25,1
demersal,10^3 g,19.75,14.75,1
demersal,10^3 g,19.75,15.25,2
demersal,10^3 g,19.75,15.75,3
demersal,10^3 g,19.75,16.75,1
demersal,10^3 g,19.75,17.75,1
demersal,10^3 g,19.75,18.25,1
demersal,10^3 g,19.75,18.75,2
demersal,10^3 g,19.75,19.25,5
demersal,10^3 g,19.75,19.75,2
demersal,10^3 g,19.75,20.25,5
demersal,10^3 g,19.75,20.75,3
demersal,10^3 g,19.75,21.25,3
demersal,10^3 g,19.75,21.75,2
demersal,10^3 g,19.75,22.25,6
demersal,10^3 g,19.75,22.75,1
demersal,10^3 g,20.25,4.75,1
demersal,10^3 g,20.25,10.25,1
demersal,10^3 g,20.25,11.75,1
demersal,10^3 g,20.25,12.25,1
demersal,10^3 g,20.25,12.75,1
demersal,10^3 g,20.25,13.25,1
demersal,10^3 g,20.25,14.25,1
demersal,10^3 g,20.25,14.75,1
demersal,10^3 g,20.25,15.75,3
demersal,10^3 g,20.25,17.25,1
demersal,10^3 g,20.25,17.75,1
demersal,10^3 g,20.25,18.25,2
demersal,10^3 g,20.25,18.75,3
demersal,10^3 g,20.25,19.25,5
demersal,10^3 g,20.25,19.75,2
demersal,10^3 g,20.25,20.25,4
demersal,10^3 g,20.25,20.75,8
demersal,10^3 g,20.25,21.25,9
demersal,10^3 g,20.25,21.75,3
demersal,10^3 g,20.25,22.25,4
demersal,10^3 g,20.25,22.75,1
demersal,10^3 g,20.75,9.25,1
demersal,10^3 g,20.75,10.75,1
demersal,10^3 g,20.75,11.25,2
demersal,10^3 g,20.75,13.25,1
demersal,10^3 g,20.75,13.75,2
demersal,10^3 g,20.75,14.25,1
demersal,10^3 g,20.75,15.75,1
demersal,10^3 g,20.75,16.75,1
demersal,10^3 g,20.75,17.25,1
demersal,10^3 g,20.75,18.25,1
demersal,10^3 g,20.75,18.75,2
demersal,10^3 g,20.75,19.25,6
demersal,10^3 g,20.75,19.75,4
demersal,10^3 g,20.75,20.25,5
demersal,10^3 g,20.75,20.75,6
demersal,10^3 g,20.75,21.25,6
demersal,10^3 g,20.75,21.75,6
demersal,10^3 g,20.75,22.25,7
demersal,10^3 g,20.75,22.75,2
demersal,10^3 g,21.25,13.25,1
demersal,10^3 g,21.25,15.25,1
demersal,10^3 g,21.25,16.75,1
demersal,10^3 g,21.25,17.25,1
demersal,10^3 g,21.25,17.75,1
demersal,10^3 g,21.25,18.25,1
demersal,10^3 g,21.25,18.75,1
demersal,10^3 g,21.25,19.25,1
demersal,10^3 g,21.25,19.75,4
demersal,10^3 g,21.25,20.25,5
demersal,10^3 g,21.25,20.75,8
demersal,10^3 g,21.25,21.25,7
demersal,10^3 g,21.25,21.75,1
demersal,10^3 g,21.25,22.25,9
demersal,10^3 g,21.25,22.75,2
demersal,10^3 g,21.75,5.25,1
demersal,10^3 g,21.75,6.25,1
demersal,10^3 g,21.75,12.75,2
demersal,10^3 g,21.75,13.75,3
demersal,10^3 g,21.75,14.25,1
demersal,10^3 g,21.75,17.25,1
demersal,10^3 g,21.75,17.75,1
demersal,10^3 g,21.75,18.25,3
demersal,10^3 g,21.75,18.75,1
demersal,10^3 g,21.75,19.25,1
demersal,10^3 g,21.75,19.75,4
demersal,10^3 g,21.75,20.25,4
demersal,10^3 g,21.75,20.75,6
demersal,10^3 g,21.75,21.25,6
demersal,10^3 g,21.75,21.75,8
demersal,10^3 g,21.75,22.25,9
demersal,10^3 g,22.25,12.75,1
demersal,10^3 g,22.25,13.75,1
demersal,10^3 g,22.25,15.25,1
demersal,10^3 g,22.25,15.75,1
demersal,10^3 g,22.25,16.25,1
demersal,10^3 g,22.25,16.75,1
demersal,10^3 g,22.25,17.25,1
demersal,10^3 g,22.25,17.75,1
demersal,10^3 g,22.25,19.25,2
demersal,10^3 g,22.25,19.75,1
demersal,10^3 g,22.25,20.25,5
demersal,10^3 g,22.25,20.75,11
demersal,10^3 g,22.25,21.25,5
demersal,10^3 g,22.25,21.75,9
demersal,10^3 g,22.25,22.25,2
demersal,10^3 g,22.25,25.25,1
demersal,10^3 g,22.75,13.25,1
demersal,10^3 g,22.75,14.25,2
demersal,10^3 g,22.75,17.25,2
demersal,10^3 g,22.75,17.75,2
demersal,10^3 g,22.75,19.25,2
demersal,10^3 g,22.75,20.25,3
demersal,10^3 g,22.75,20.75,10
demersal,10^3 g,22.75,21.25,8
demersal,10^3 g,22.75,21.75,2
demersal,10^3 g,22.75,22.25,1
demersal,10^3 g,23.25,7.75,1
demersal,10^3 g,23.25,9.75,1
demersal,10^3 g,23.25,12.25,2
demersal,10^3 g,23.25,16.25,2
demersal,10^3 g,23.25,17.25,2
demersal,10^3 g,23.25,17.75,1
demersal,10^3 g,23.25,18.25,2
demersal,10^3 g,23.25,19.25,3
demersal,10^3 g,23.25,19.75,1
demersal,10^3 g,23.25,20.25,2
demersal,10^3 g,23.25,20.75,4
demersal,10^3 g,23.25,21.25,13
demersal,10^3 g,23.25,21.75,4
demersal,10^3 g,23.25,22.25,3
demersal,10^3 g,23.25,22.75,3
demersal,10^3 g,23.75,11.25,2
demersal,10^3 g,23.75,12.75,1
demersal,10^3 g,23.75,14.75,1
demersal,10^3 g,23.75,15.75,1
demersal,10^3 g,23.75,16.25,4
demersal,10^3 g,23.75,16.75,2
demersal,10^3 g,23.75,17.75,2
demersal,10^3 g,23.75,18.25,4
demersal,10^3 g,23.75,18.75,3
demersal,10^3 g,23.75,19.75,4
demersal,10^3 g,23.75,20.25,5
demersal,10^3 g,23.75,20.75,8
demersal,10^3 g,23.75,21.25,1
demersal,10^3 g,23.75,21.75,1
demersal,10^3 g,23.75,22.25,4
demersal,10^3 g,23.75,22.75,3
demersal,10^3 g,24.25,10.25,3
demersal,10^3 g,24.25,10.75,1
demersal,10^3 g,24.25,15.75,1
demersal,10^3 g,24.25,16.25,3
demersal,10^3 g,24.25,16.75,2
demersal,10^3 g,24.25,17.25,4
demersal,10^3 g,24.25,17.75,3
demersal,10^3 g,24.25,18.25,3
demersal,10^3 g,24.25,18.75,3
demersal,10^3 g,24.25,19.25,4
demersal,10^3 g,24.25,19.75,4
demersal,10^3 g,24.25,20.25,6
demersal,10^3 g,24.25,20.75,3
demersal,10^3 g,24.25,21.25,15
demersal,10^3 g,24.25,21.75,7
demersal,10^3 g,24.75,10.75,1
demersal,10^3 g,24.75,11.25,2
demersal,10^3 g,24.75,11.75,1
demersal,10^3 g,24.75,13.25,1
demersal,10^3 g,24.75,13.75,1
demersal,10^3 g,24.75,14.75,1
demersal,10^3 g,24.75,15.25,1
demersal,10^3 g,24.75,15.75,1
demersal,10^3 g,24.75,16.25,2
demersal,10^3 g,24.75,16.75,3
demersal,10^3 g,24.75,17.75,5
demersal,10^3 g,24.75,18.25,3
demersal,10^3 g,24.75,18.75,3
demersal,10^3 g,24.75,19.25,2
demersal,10^3 g,24.75,19.75,6
demersal,10^3 g,24.75,20.25,16
demersal,10^3 g,24.75,20.75,25
demersal,10^3 g,24.75,21.25,11
demersal,10^3 g,24.75,21.75,20
demersal,10^3 g,24.75,22.25,2
demersal,10^3 g,25.25,9.25,1
demersal,10^3 g,25.25,12.25,1
demersal,10^3 g,25.25,13.75,1
demersal,10^3 g,25.25,14.25,1
demersal,10^3 g,25.25,15.75,1
demersal,10^3 g,25.25,16.25,1
demersal,10^3 g,25.25,16.75,3
demersal,10^3 g,25.25,17.25,2
demersal,10^3 g,25.25,17.75,1
demersal,10^3 g,25.25,18.25,3
demersal,10^3 g,25.25,18.75,1
demersal,10^3 g,25.25,19.25,1
demersal,10^3 g,25.25,19.75,4
demersal,10^3 g,25.25,20.25,2
demersal,10^3 g,25.25,20.75,17
demersal,10^3 g,25.25,21.25,41
demersal,10^3 g,25.25,21.75,14
demersal,10^3 g,25.25,22.25,5
demersal,10^3 g,25.25,22.75,1
demersal,10^3 g,25.75,11.25,1
demersal,10^3 g,25.75,12.25,1
demersal,10^3 g,25.75,12.75,1
demersal,10^3 g,25.75,13.25,1
demersal,10^3 g,25.75,14.25,1
demersal,10^3 g,25.75,15.25,2
demersal,10^3 g,25.75,16.25,3
demersal,10^3 g,25.75,17.25,3
demersal,10^3 g,25.75,17.75,2
demersal,10^3 g,25.75,18.25,5
demersal,10^3 g,25.75,18.75,7
demersal,10^3 g,25.75,19.25,5
demersal,10^3 g,25.75,19.75,4
demersal,10^3 g,25.75,20.25,6
demersal,10^3 g,25.75,20.75,14
demersal,10^3 g,25.75,21.25,33
demersal,10^3 g,25.75,21.75,15
demersal,10^3 g,25.75,22.25,4
demersal,10^3 g,26.25,9.25,1
demersal,10^3 g,26.25,13.75,3
demersal,10^3 g,26.25,14.75,2
demersal,10^3 g,26.25,15.75,3
demersal,10^3 g,26.25,16.25,4
demersal,10^3 g,26.25,16.75,1
demersal,10^3 g,26.25,17.25,3
demersal,10^3 g,26.25,17.75,4
demersal,10^3 g,26.25,18.25,2
demersal,10^3 g,26.25,18.75,2
demersal,10^3 g,26.25,19.25,5
demersal,10^3 g,26.25,19.75,1
demersal,10^3 g,26.25,20.25,8
demersal,10^3 g,26.25,20.75,5
demersal,10^3 g,26.25,21.25,28
demersal,10^3 g,26.25,21.75,12
demersal,10^3 g,26.25,22.25,2
demersal,10^3 g,26.75,11.25,1
demersal,10^3 g,26.75,12.25,1
demersal,10^3 g,26.75,12.75,1
demersal,10^3 g,26.75,14.25,1
demersal,10^3 g,26.75,14.75,1
demersal,10^3 g,26.75,15.75,1
demersal,10^3 g,26.75,16.25,1
demersal,10^3 g,26.75,16.75,1
demersal,10^3 g,26.75,17.25,4
demersal,10^3 g,26.75,17.75,5
demersal,10^3 g,26.75,18.25,3
demersal,10^3 g,26.75,18.75,2
demersal,10^3 g,26.75,19.25,2
demersal,10^3 g,26.75,19.75,5
demersal,10^3 g,26.75,20.25,11
demersal,10^3 g,26.75,20.75,24
demersal,10^3 g,26.75,21.25,26
demersal,10^3 g,26.75,21.75,10
demersal,10^3 g,26.75,22.25,1
demersal,10^3 g,27.25,10.25,1
demersal,10^3 g,27.25,10.75,1
demersal,10^3 g,27.25,13.25,1
demersal,10^3 g,27.25,13.75,2
demersal,10^3 g,27.25,14.75,1
demersal,10^3 g,27.25,15.25,1
demersal,10^3 g,27.25,15.75,1
demersal,10^3 g,27.25,16.25,2
demersal,10^3 g,27.25,16.75,2
demersal,10^3 g,27.25,17.25,2
demersal,10^3 g,27.25,17.75,6
demersal,10^3 g,27.25,18.25,2
demersal,10^3 g,27.25,18.75,5
demersal,10^3 g,27.25,19.25,7
demersal,10^3 g,27.25,19.75,12
demersal,10^3 g,27.25,20.25,9
demersal,10^3 g,27.25,20.75,25
demersal,10^3 g,27.25,21.25,69
demersal,10^3 g,27.25,21.75,54
demersal,10^3 g,27.75,12.75,1
demersal,10^3 g,27.75,14.25,1
demersal,10^3 g,27.75,16.25,3
demersal,10^3 g,27.75,16.75,2
demersal,10^3 g,27.75,17.25,1
demersal,10^3 g,27.75,17.75,3
demersal,10^3 g,27.75,18.25,8
demersal,10^3 g,27.75,18.75,1
demersal,10^3 g,27.75,19.25,5
demersal,10^3 g,27.75,19.75,8
demersal,10^3 g,27.75,20.25,12
demersal,10^3 g,27.75,20.75,9
demersal,10^3 g,27.75,21.25,19
demersal,10^3 g,27.75,21.75,44
demersal,10^3 g,27.75,22.25,9
demersal,10^3 g,28.25,18.25,1
demersal,10^3 g,28.25,18.75,2
demersal,10^3 g,28.25,19.25,1
demersal,10^3 g,28.25,19.75,3
demersal,10^3 g,28.25,20.25,10
demersal,10^3 g,28.25,20.75,2
demersal,10^3 g,28.25,21.25,10
demersal,10^3 g,28.25,21.75,13
demersal,10^3 g,28.25,22.25,5
demersal,10^3 g,28.75,18.25,1
demersal,10^3 g,28.75,19.75,1
demersal,10^3 g,28.75,20.75,6
demersal,10^3 g,28.75,21.25,9
demersal,10^3 g,28.75,21.75,4
demersal,10^3 g,28.75,22.25,1
demersal,10^3 g,29.25,19.75,1
demersal,10^3 g,29.25,21.25,6
demersal,10^3 g,29.25,21.75,9
demersal,10^3 g,29.25,22.25,1
demersal,10^3 g,29.75,21.75,1
demersal,10^4 g,0.25,8.75,1
demersal,10^4 g,0.25,13.25,1
demersal,10^4 g,0.25,13.75,2
demersal,10^4 g,0.25,14.25,4
demersal,10^4 g,0.25,15.75,4
demersal,10^4 g,0.25,16.25,5
demersal,10^4 g,0.25,16.75,4
demersal,10^4 g,0.25,17.25,7
demersal,10^4 g,0.25,17.75,110
demersal,10^4 g,0.25,18.25,71
demersal,10^4 g,0.25,18.75,71
demersal,10^4 g,0.25,19.25,78
demersal,10^4 g,0.25,19.75,125
demersal,10^4 g,0.25,20.25,30
demersal,10^4 g,0.25,20.75,20
demersal,10^4 g,0.25,21.25,12
demersal,10^4 g,0.25,21.75,1
demersal,10^4 g,0.25,22.25,1
demersal,10^4 g,0.75,12.75,3
demersal,10^4 g,0.75,13.25,2
demersal,10^4 g,0.75,13.75,4
demersal,10^4 g,0.75,14.25,6
demersal,10^4 g,0.75,14.75,3
demersal,10^4 g,0.75,15.25,5
demersal,10^4 g,0.75,15.75,1
demersal,10^4 g,0.75,16.25,1
demersal,10^4 g,0.75,16.75,2
demersal,10^4 g,0.75,17.25,3
demersal,10^4 g,0.75,17.75,9
demersal,10^4 g,0.75,18.25,13
demersal,10^4 g,0.75,18.75,23
demersal,10^4 g,0.75,19.25,17
demersal,10^4 g,0.75,19.75,48
demersal,10^4 g,0.75,20.25,24
demersal,10^4 g,0.75,20.75,19
demersal,10^4 g,0.75,21.25,1
demersal,10^4 g,0.75,21.75,2
demersal,10^4 g,0.75,22.25,1
demersal,10^4 g,0.75,24.25,1
demersal,10^4 g,1.25,11.25,1
demersal,10^4 g,1.25,11.75,1
demersal,10^4 g,1.25,12.25,2
demersal,10^4 g,1.25,12.75,5
demersal,10^4 g,1.25,13.25,3
demersal,10^4 g,1.25,13.75,2
demersal,10^4 g,1.25,14.25,4
demersal,10^4 g,1.25,14.75,1
demersal,10^4 g,1.25,15.25,1
demersal,10^4 g,1.25,15.75,1
demersal,10^4 g,1.25,16.75,5
demersal,10^4 g,1.25,17.25,2
demersal,10^4 g,1.25,17.75,5
demersal,10^4 g,1.25,18.25,8
demersal,10^4 g,1.25,18.75,20
demersal,10^4 g,1.25,19.25,36
demersal,10^4 g,1.25,19.75,48
demersal,10^4 g,1.25,20.25,35
demersal,10^4 g,1.25,20.75,14
demersal,10^4 g,1.25,21.25,1
demersal,10^4 g,1.25,21.75,1
demersal,10^4 g,1.25,22.25,7
demersal,10^4 g,1.75,3.75,1
demersal,10^4 g,1.75,4.25,1
demersal,10^4 g,1.75,5.25,1
demersal,10^4 g,1.75,5.75,1
demersal,10^4 g,1.75,8.25,1
demersal,10^4 g,1.75,8.75,1
demersal,10^4 g,1.75,11.25,2
demersal,10^4 g,1.75,11.75,9
demersal,10^4 g,1.75,12.25,4
demersal,10^4 g,1.75,12.75,3
demersal,10^4 g,1.75,13.25,3
demersal,10^4 g,1.75,15.75,2
demersal,10^4 g,1.75,17.25,2
demersal,10^4 g,1.75,17.75,5
demersal,10^4 g,1.75,18.25,7
demersal,10^4 g,1.75,18.75,13
demersal,10^4 g,1.75,19.25,24
demersal,10^4 g,1.75,19.75,44
demersal,10^4 g,1.75,20.25,47
demersal,10^4 g,1.75,20.75,26
demersal,10^4 g,1.75,21.25,3
demersal,10^4 g,1.75,21.75,3
demersal,10^4 g,1.75,22.25,6
demersal,10^4 g,1.75,23.25,1
demersal,10^4 g,2.25,3.25,5
demersal,10^4 g,2.25,3.75,3
demersal,10^4 g,2.25,4.75,1
demersal,10^4 g,2.25,7.25,1
demersal,10^4 g,2.25,9.75,3
demersal,10^4 g,2.25,10.25,1
demersal,10^4 g,2.25,10.75,1
demersal,10^4 g,2.25,11.25,3
demersal,10^4 g,2.25,11.75,3
demersal,10^4 g,2.25,12.25,4
demersal,10^4 g,2.25,12.75,5
demersal,10^4 g,2.25,13.25,1
demersal,10^4 g,2.25,13.75,3
demersal,10^4 g,2.25,14.25,1
demersal,10^4 g,2.25,14.75,1
demersal,10^4 g,2.25,15.25,1
demersal,10^4 g,2.25,15.75,1
demersal,10^4 g,2.25,16.25,1
demersal,10^4 g,2.25,16.75,2
demersal,10^4 g,2.25,17.25,4
demersal,10^4 g,2.25,17.75,10
demersal,10^4 g,2.25,18.25,9
demersal,10^4 g,2.25,18.75,11
demersal,10^4 g,2.25,19.25,8
demersal,10^4 g,2.25,19.75,28
demersal,10^4 g,2.25,20.25,72
demersal,10^4 g,2.25,20.75,13
demersal,10^4 g,2.25,21.25,11
demersal,10^4 g,2.25,21.75,2
demersal,10^4 g,2.25,22.25,2
demersal,10^4 g,2.25,22.75,2
demersal,10^4 g,2.25,23.25,2
demersal,10^4 g,2.75,3.25,2
demersal,10^4 g,2.75,9.75,1
demersal,10^4 g,2.75,10.25,2
demersal,10^4 g,2.75,10.75,3
demersal,10^4 g,2.75,11.25,3
demersal,10^4 g,2.75,11.75,5
demersal,10^4 g,2.75,12.25,3
demersal,10^4 g,2.75,12.75,3
demersal,10^4 g,2.75,13.75,1
demersal,10^4 g,2.75,14.25,2
demersal,10^4 g,2.75,14.75,2
demersal,10^4 g,2.75,15.25,1
demersal,10^4 g,2.75,16.25,6
demersal,10^4 g,2.75,16.75,2
demersal,10^4 g,2.75,17.25,5
demersal,10^4 g,2.75,17.75,5
demersal,10^4 g,2.75,18.25,9
demersal,10^4 g,2.75,18.75,18
demersal,10^4 g,2.75,19.25,22
demersal,10^4 g,2.75,19.75,15
demersal,10^4 g,2.75,20.25,73
demersal,10^4 g,2.75,20.75,15
demersal,10^4 g,2.75,21.25,8
demersal,10^4 g,2.75,21.75,7
demersal,10^4 g,2.75,22.25,4
demersal,10^4 g,2.75,22.75,1
demersal,10^4 g,3.25,1.25,2
demersal,10^4 g,3.25,1.75,2
demersal,10^4 g,3.25,2.25,2
demersal,10^4 g,3.25,2.75,2
demersal,10^4 g,3.25,4.75,1
demersal,10^4 g,3.25,5.25,2
demersal,10^4 g,3.25,5.75,1
demersal,10^4 g,3.25,6.75,1
demersal,10^4 g,3.25,7.25,1
demersal,10^4 g,3.25,7.75,1
demersal,10^4 g,3.25,8.25,1
demersal,10^4 g,3.25,8.75,1
demersal,10^4 g,3.25,9.25,1
demersal,10^4 g,3.25,9.75,3
demersal,10^4 g,3.25,10.25,2
demersal,10^4 g,3.25,10.75,2
demersal,10^4 g,3.25,11.25,5
demersal,10^4 g,3.25,11.75,5
demersal,10^4 g,3.25,12.25,5
demersal,10^4 g,3.25,12.75,7
demersal,10^4 g,3.25,13.25,4
demersal,10^4 g,3.25,13.75,1
demersal,10^4 g,3.25,14.25,1
demersal,10^4 g,3.25,14.75,1
demersal,10^4 g,3.25,15.25,1
demersal,10^4 g,3.25,15.75,9
demersal,10^4 g,3.25,16.25,5
demersal,10^4 g,3.25,16.75,9
demersal,10^4 g,3.25,17.25,7
demersal,10^4 g,3.25,17.75,19
demersal,10^4 g,3.25,18.25,16
demersal,10^4 g,3.25,18.75,98
demersal,10^4 g,3.25,19.25,242
demersal,10^4 g,3.25,19.75,73
demersal,10^4 g,3.25,20.25,71
demersal,10^4 g,3.25,20.75,13
demersal,10^4 g,3.25,21.25,20
demersal,10^4 g,3.25,21.75,24
demersal,10^4 g,3.25,22.25,7
demersal,10^4 g,3.75,1.25,1
demersal,10^4 g,3.75,1.75,3
demersal,10^4 g,3.75,3.25,1
demersal,10^4 g,3.75,3.75,2
demersal,10^4 g,3.75,5.25,2
demersal,10^4 g,3.75,5.75,1
demersal,10^4 g,3.75,6.75,1
demersal,10^4 g,3.75,7.75,1
demersal,10^4 g,3.75,8.25,1
demersal,10^4 g,3.75,8.75,1
demersal,10^4 g,3.75,9.25,1
demersal,10^4 g,3.75,10.25,2
demersal,10^4 g,3.75,10.75,7
demersal,10^4 g,3.75,11.25,21
demersal,10^4 g,3.75,11.75,6
demersal,10^4 g,3.75,12.25,4
demersal,10^4 g,3.75,12.75,6
demersal,10^4 g,3.75,13.25,3
demersal,10^4 g,3.75,13.75,10
demersal,10^4 g,3.75,14.25,3
demersal,10^4 g,3.75,14.75,2
demersal,10^4 g,3.75,15.25,4
demersal,10^4 g,3.75,15.75,2
demersal,10^4 g,3.75,16.25,5
demersal,10^4 g,3.75,16.75,2
demersal,10^4 g,3.75,17.25,4
demersal,10^4 g,3.75,17.75,6
demersal,10^4 g,3.75,18.25,18
demersal,10^4 g,3.75,18.75,18
demersal,10^4 g,3.75,19.25,64
demersal,10^4 g,3.75,19.75,40
demersal,10^4 g,3.75,20.25,24
demersal,10^4 g,3.75,20.75,20
demersal,10^4 g,3.75,21.25,9
demersal,10^4 g,3.75,21.75,24
demersal,10^4 g,3.75,22.25,19
demersal,10^4 g,3.75,22.75,1
demersal,10^4 g,4.25,1.25,1
demersal,10^4 g,4.25,9.25,1
demersal,10^4 g,4.25,10.75,1
demersal,10^4 g,4.25,11.25,5
demersal,10^4 g,4.25,11.75,20
demersal,10^4 g,4.25,12.25,10
demersal,10^4 g,4.25,12.75,10
demersal,10^4 g,4.25,13.25,12
demersal,10^4 g,4.25,13.75,12
demersal,10^4 g,4.25,14.25,6
demersal,10^4 g,4.25,14.75,15
demersal,10^4 g,4.25,15.25,5
demersal,10^4 g,4.25,15.75,2
demersal,10^4 g,4.25,16.25,3
demersal,10^4 g,4.25,16.75,1
demersal,10^4 g,4.25,17.25,7
demersal,10^4 g,4.25,17.75,9
demersal,10^4 g,4.25,18.25,9
demersal,10^4 g,4.25,18.75,6
demersal,10^4 g,4.25,19.25,8
demersal,10^4 g,4.25,19.75,7
demersal,10^4 g,4.25,20.25,27
demersal,10^4 g,4.25,20.75,25
demersal,10^4 g,4.25,21.25,10
demersal,10^4 g,4.25,21.75,16
demersal,10^4 g,4.25,22.25,12
demersal,10^4 g,4.25,22.75,1
demersal,10^4 g,4.75,1.25,1
demersal,10^4 g,4.75,1.75,1
demersal,10^4 g,4.75,3.75,1
demersal,10^4 g,4.75,5.75,1
demersal,10^4 g,4.75,7.25,1
demersal,10^4 g,4.75,9.25,1
demersal,10^4 g,4.75,9.75,1
demersal,10^4 g,4.75,10.75,1
demersal,10^4 g,4.75,11.25,3
demersal,10^4 g,4.75,11.75,12
demersal,10^4 g,4.75,12.25,31
demersal,10^4 g,4.75,12.75,17
demersal,10^4 g,4.75,13.25,7
demersal,10^4 g,4.75,13.75,5
demersal,10^4 g,4.75,14.25,8
demersal,10^4 g,4.75,14.75,9
demersal,10^4 g,4.75,15.25,10
demersal,10^4 g,4.75,15.75,3
demersal,10^4 g,4.75,16.25,1
demersal,10^4 g,4.75,16.75,3
demersal,10^4 g,4.75,17.25,4
demersal,10^4 g,4.75,17.75,4
demersal,10^4 g,4.75,18.25,2
demersal,10^4 g,4.75,18.75,5
demersal,10^4 g,4.75,19.25,5
demersal,10^4 g,4.75,19.75,13
demersal,10^4 g,4.75,20.25,20
demersal,10^4 g,4.75,20.75,20
demersal,10^4 g,4.75,21.25,10
demersal,10^4 g,4.75,21.75,32
demersal,10^4 g,4.75,22.25,14
demersal,10^4 g,4.75,22.75,1
demersal,10^4 g,4.75,23.25,1
demersal,10^4 g,5.25,1.25,1
demersal,10^4 g,5.25,2.25,1
demersal,10^4 g,5.25,3.75,2
demersal,10^4 g,5.25,4.25,1
demersal,10^4 g,5.25,4.75,1
demersal,10^4 g,5.25,6.25,1
demersal,10^4 g,5.25,6.75,2
demersal,10^4 g,5.25,8.75,2
demersal,10^4 g,5.25,9.75,1
demersal,10^4 g,5.25,10.75,6
demersal,10^4 g,5.25,11.25,8
demersal,10^4 g,5.25,11.75,4
demersal,10^4 g,5.25,12.25,11
demersal,10^4 g,5.25,12.75,29
demersal,10^4 g,5.25,13.25,23
demersal,10^4 g,5.25,13.75,7
demersal,10^4 g,5.25,14.25,6
demersal,10^4 g,5.25,14.75,2
demersal,10^4 g,5.25,15.25,9
demersal,10^4 g,5.25,15.75,12
demersal,10^4 g,5.25,16.25,6
demersal,10^4 g,5.25,16.75,8
demersal,10^4 g,5.25,17.25,9
demersal,10^4 g,5.25,17.75,9
demersal,10^4 g,5.25,18.25,5
demersal,10^4 g,5.25,18.75,6
demersal,10^4 g,5.25,19.25,5
demersal,10^4 g,5.25,19.75,7
demersal,10^4 g,5.25,20.25,22
demersal,10^4 g,5.25,20.75,26
demersal,10^4 g,5.25,21.25,12
demersal,10^4 g,5.25,21.75,34
demersal,10^4 g,5.25,22.25,9
demersal,10^4 g,5.25,22.75,1
demersal,10^4 g,5.25,23.25,1
demersal,10^4 g,5.75,5.25,1
demersal,10^4 g,5.75,5.75,1
demersal,10^4 g,5.75,6.25,3
demersal,10^4 g,5.75,6.75,1
demersal,10^4 g,5.75,8.25,1
demersal,10^4 g,5.75,8.75,1
demersal,10^4 g,5.75,10.25,1
demersal,10^4 g,5.75,10.75,7
demersal,10^4 g,5.75,11.25,5
demersal,10^4 g,5.75,11.75,2
demersal,10^4 g,5.75,12.25,5
demersal,10^4 g,5.75,12.75,22
demersal,10^4 g,5.75,13.25,36
demersal,10^4 g,5.75,13.75,18
demersal,10^4 g,5.75,14.25,8
demersal,10^4 g,5.75,14.75,3
demersal,10^4 g,5.75,15.25,3
demersal,10^4 g,5.75,15.75,5
demersal,10^4 g,5.75,16.25,6
demersal,10^4 g,5.75,16.75,12
demersal,10^4 g,5.75,17.25,3
demersal,10^4 g,5.75,17.75,8
demersal,10^4 g,5.75,18.25,8
demersal,10^4 g,5.75,18.75,3
demersal,10^4 g,5.75,19.25,9
demersal,10^4 g,5.75,19.75,3
demersal,10^4 g,5.75,20.25,14
demersal,10^4 g,5.75,20.75,48
demersal,10^4 g,5.75,21.25,26
demersal,10^4 g,5.75,21.75,53
demersal,10^4 g,5.75,22.25,9
demersal,10^4 g,5.75,23.25,1
demersal,10^4 g,6.25,4.25,1
demersal,10^4 g,6.25,4.75,1
demersal,10^4 g,6.25,5.25,2
demersal,10^4 g,6.25,5.75,1
demersal,10^4 g,6.25,6.25,1
demersal,10^4 g,6.25,6.75,4
demersal,10^4 g,6.25,7.25,2
demersal,10^4 g,6.25,8.25,1
demersal,10^4 g,6.25,8.75,5
demersal,10^4 g,6.25,9.25,1
demersal,10^4 g,6.25,9.75,2
demersal,10^4 g,6.25,10.75,1
demersal,10^4 g,6.25,11.75,1
demersal,10^4 g,6.25,12.25,4
demersal,10^4 g,6.25,12.75,5
demersal,10^4 g,6.25,13.25,19
demersal,10^4 g,6.25,13.75,16
demersal,10^4 g,6.25,14.25,19
demersal,10^4 g,6.25,14.75,5
demersal,10^4 g,6.25,15.25,6
demersal,10^4 g,6.25,15.75,1
demersal,10^4 g,6.25,16.75,8
demersal,10^4 g,6.25,17.25,6
demersal,10^4 g,6.25,17.75,13
demersal,10^4 g,6.25,18.25,16
demersal,10^4 g,6.25,18.75,15
demersal,10^4 g,6.25,19.25,15
demersal,10^4 g,6.25,19.75,15
demersal,10^4 g,6.25,20.25,19
demersal,10^4 g,6.25,20.75,53
demersal,10^4 g,6.25,21.25,42
demersal,10^4 g,6.25,21.75,24
demersal,10^4 g,6.25,22.25,6
demersal,10^4 g,6.25,22.75,1
demersal,10^4 g,6.75,7.25,2
demersal,10^4 g,6.75,8.25,2
demersal,10^4 g,6.75,8.75,2
demersal,10^4 g,6.75,9.25,2
demersal,10^4 g,6.75,9.75,2
demersal,10^4 g,6.75,10.25,1
demersal,10^4 g,6.75,10.75,4
demersal,10^4 g,6.75,11.75,3
demersal,10^4 g,6.75,12.25,1
demersal,10^4 g,6.75,12.75,10
demersal,10^4 g,6.75,13.25,6
demersal,10^4 g,6.75,13.75,9
demersal,10^4 g,6.75,14.25,18
demersal,10^4 g,6.75,14.75,12
demersal,10^4 g,6.75,15.25,7
demersal,10^4 g,6.75,15.75,10
demersal,10^4 g,6.75,16.25,11
demersal,10^4 g,6.75,16.75,7
demersal,10^4 g,6.75,17.25,4
demersal,10^4 g,6.75,17.75,13
demersal,10^4 g,6.75,18.25,16
demersal,10^4 g,6.75,18.75,24
demersal,10^4 g,6.75,19.25,11
demersal,10^4 g,6.75,19.75,10
demersal,10^4 g,6.75,20.25,27
demersal,10^4 g,6.75,20.75,39
demersal,10^4 g,6.75,21.25,25
demersal,10^4 g,6.75,21.75,31
demersal,10^4 g,6.75,22.25,4
demersal,10^4 g,7.25,3.25,1
demersal,10^4 g,7.25,3.75,2
demersal,10^4 g,7.25,7.25,1
demersal,10^4 g,7.25,7.75,1
demersal,10^4 g,7.25,9.75,1
demersal,10^4 g,7.25,10.25,2
demersal,10^4 g,7.25,10.75,3
demersal,10^4 g,7.25,11.25,2
demersal,10^4 g,7.25,11.75,1
demersal,10^4 g,7.25,12.25,2
demersal,10^4 g,7.25,12.75,1
demersal,10^4 g,7.25,13.25,5
demersal,10^4 g,7.25,13.75,5
demersal,10^4 g,7.25,14.25,11
demersal,10^4 g,7.25,14.75,17
demersal,10^4 g,7.25,15.25,14
demersal,10^4 g,7.25,15.75,6
demersal,10^4 g,7.25,16.25,7
demersal,10^4 g,7.25,16.75,5
demersal,10^4 g,7.25,17.25,5
demersal,10^4 g,7.25,17.75,9
demersal,10^4 g,7.25,18.25,7
demersal,10^4 g,7.25,18.75,27
demersal,10^4 g,7.25,19.25,42
demersal,10^4 g,7.25,19.75,71
demersal,10^4 g,7.25,20.25,38
demersal,10^4 g,7.25,20.75,92
demersal,10^4 g,7.25,21.25,18
demersal,10^4 g,7.25,21.75,40
demersal,10^4 g,7.25,22.25,8
demersal,10^4 g,7.25,22.75,1
demersal,10^4 g,7.75,5.25,1
demersal,10^4 g,7.75,8.25,1
demersal,10^4 g,7.75,8.75,2
demersal,10^4 g,7.75,9.25,1
demersal,10^4 g,7.75,9.75,3
demersal,10^4 g,7.75,10.25,1
demersal,10^4 g,7.75,10.75,1
demersal,10^4 g,7.75,11.25,1
demersal,10^4 g,7.75,12.75,3
demersal,10^4 g,7.75,13.25,3
demersal,10^4 g,7.75,13.75,5
demersal,10^4 g,7.75,14.25,10
demersal,10^4 g,7.75,14.75,15
demersal,10^4 g,7.75,15.25,14
demersal,10^4 g,7.75,15.75,14
demersal,10^4 g,7.75,16.25,7
demersal,10^4 g,7.75,16.75,7
demersal,10^4 g,7.75,17.25,17
demersal,10^4 g,7.75,17.75,9
demersal,10^4 g,7.75,18.25,15
demersal,10^4 g,7.75,18.75,5
demersal,10^4 g,7.75,19.25,15
demersal,10^4 g,7.75,19.75,57
demersal,10^4 g,7.75,20.25,95
demersal,10^4 g,7.75,20.75,39
demersal,10^4 g,7.75,21.25,26
demersal,10^4 g,7.75,21.75,48
demersal,10^4 g,7.75,22.25,14
demersal,10^4 g,7.75,22.75,5
demersal,10^4 g,8.25,2.25,1
demersal,10^4 g,8.25,2.75,1
demersal,10^4 g,8.25,6.25,2
demersal,10^4 g,8.25,6.75,1
demersal,10^4 g,8.25,8.75,1
demersal,10^4 g,8.25,9.25,3
demersal,10^4 g,8.25,9.75,2
demersal,10^4 g,8.25,11.25,1
demersal,10^4 g,8.25,11.75,2
demersal,10^4 g,8.25,12.25,1
demersal,10^4 g,8.25,12.75,1
demersal,10^4 g,8.25,13.25,2
demersal,10^4 g,8.25,13.75,4
demersal,10^4 g,8.25,14.25,11
demersal,10^4 g,8.25,14.75,6
demersal,10^4 g,8.25,15.25,10
demersal,10^4 g,8.25,15.75,9
demersal,10^4 g,8.25,16.25,18
demersal,10^4 g,8.25,16.75,24
demersal,10^4 g,8.25,17.25,15
demersal,10^4 g,8.25,17.75,13
demersal,10^4 g,8.25,18.25,4
demersal,10^4 g,8.25,18.75,5
demersal,10^4 g,8.25,19.25,4
demersal,10^4 g,8.25,19.75,20
demersal,10^4 g,8.25,20.25,62
demersal,10^4 g,8.25,20.75,110
demersal,10^4 g,8.25,21.25,24
demersal,10^4 g,8.25,21.75,38
demersal,10^4 g,8.25,22.25,8
demersal,10^4 g,8.25,22.75,3
demersal,10^4 g,8.75,1.75,1
demersal,10^4 g,8.75,2.25,1
demersal,10^4 g,8.75,4.75,2
demersal,10^4 g,8.75,5.25,1
demersal,10^4 g,8.75,6.25,1
demersal,10^4 g,8.75,6.75,1
demersal,10^4 g,8.75,8.25,1
demersal,10^4 g,8.75,8.75,1
demersal,10^4 g,8.75,9.25,2
demersal,10^4 g,8.75,11.25,2
demersal,10^4 g,8.75,12.75,1
demersal,10^4 g,8.75,13.25,1
demersal,10^4 g,8.75,13.75,1
demersal,10^4 g,8.75,14.25,8
demersal,10^4 g,8.75,14.75,4
demersal,10^4 g,8.75,15.25,6
demersal,10^4 g,8.75,15.75,5
demersal,10^4 g,8.75,16.25,4
demersal,10^4 g,8.75,16.75,17
demersal,10^4 g,8.75,17.25,28
demersal,10^4 g,8.75,17.75,14
demersal,10^4 g,8.75,18.25,12
demersal,10^4 g,8.75,18.75,11
demersal,10^4 g,8.75,19.25,8
demersal,10^4 g,8.75,19.75,22
demersal,10^4 g,8.75,20.25,37
demersal,10^4 g,8.75,20.75,92
demersal,10^4 g,8.75,21.25,39
demersal,10^4 g,8.75,21.75,54
demersal,10^4 g,8.75,22.25,9
demersal,10^4 g,8.75,22.75,1
demersal,10^4 g,9.25,4.25,1
demersal,10^4 g,9.25,6.25,1
demersal,10^4 g,9.25,7.75,1
demersal,10^4 g,9.25,8.75,1
demersal,10^4 g,9.25,9.75,2
demersal,10^4 g,9.25,11.25,4
demersal,10^4 g,9.25,12.75,3
demersal,10^4 g,9.25,13.25,1
demersal,10^4 g,9.25,13.75,1
demersal,10^4 g,9.25,14.25,5
demersal,10^4 g,9.25,14.75,8
demersal,10^4 g,9.25,15.25,9
demersal,10^4 g,9.25,15.75,8
demersal,10^4 g,9.25,16.25,3
demersal,10^4 g,9.25,16.75,9
demersal,10^4 g,9.25,17.25,27
demersal,10^4 g,9.25,17.75,10
demersal,10^4 g,9.25,18.25,10
demersal,10^4 g,9.25,18.75,9
demersal,10^4 g,9.25,19.25,6
demersal,10^4 g,9.25,19.75,8
demersal,10^4 g,9.25,20.25,47
demersal,10^4 g,9.25,20.75,52
demersal,10^4 g,9.25,21.25,43
demersal,10^4 g,9.25,21.75,46
demersal,10^4 g,9.25,22.25,18
demersal,10^4 g,9.75,1.75,2
demersal,10^4 g,9.75,3.25,2
demersal,10^4 g,9.75,4.25,4
demersal,10^4 g,9.75,9.25,2
demersal,10^4 g,9.75,9.75,1
demersal,10^4 g,9.75,11.75,2
demersal,10^4 g,9.75,14.25,2
demersal,10^4 g,9.75,14.75,9
demersal,10^4 g,9.75,15.25,10
demersal,10^4 g,9.75,15.75,11
demersal,10^4 g,9.75,16.25,3
demersal,10^4 g,9.75,16.75,3
demersal,10^4 g,9.75,17.25,8
demersal,10^4 g,9.75,17.75,19
demersal,10^4 g,9.75,18.25,6
demersal,10^4 g,9.75,18.75,6
demersal,10^4 g,9.75,19.25,9
demersal,10^4 g,9.75,19.75,14
demersal,10^4 g,9.75,20.25,51
demersal,10^4 g,9.75,20.75,50
demersal,10^4 g,9.75,21.25,33
demersal,10^4 g,9.75,21.75,30
demersal,10^4 g,9.75,22.25,10
demersal,10^4 g,9.75,22.75,3
demersal,10^4 g,10.25,1.75,2
demersal,10^4 g,10.25,2.75,1
demersal,10^4 g,10.25,4.25,1
demersal,10^4 g,10.25,6.25,1
demersal,10^4 g,10.25,7.75,1
demersal,10^4 g,10.25,8.75,1
demersal,10^4 g,10.25,9.75,1
demersal,10^4 g,10.25,10.25,1
demersal,10^4 g,10.25,11.25,1
demersal,10^4 g,10.25,11.75,2
demersal,10^4 g,10.25,12.25,1
demersal,10^4 g,10.25,12.75,1
demersal,10^4 g,10.25,13.75,1
demersal,10^4 g,10.25,14.25,3
demersal,10^4 g,10.25,14.75,3
demersal,10^4 g,10.25,15.25,10
demersal,10^4 g,10.25,15.75,10
demersal,10^4 g,10.25,16.25,4
demersal,10^4 g,10.25,16.75,5
demersal,10^4 g,10.25,17.25,11
demersal,10^4 g,10.25,17.75,7
demersal,10^4 g,10.25,18.25,9
demersal,10^4 g,10.25,18.75,4
demersal,10^4 g,10.25,19.25,9
demersal,10^4 g,10.25,19.75,51
demersal,10^4 g,10.25,20.25,68
demersal,10^4 g,10.25,20.75,23
demersal,10^4 g,10.25,21.25,34
demersal,10^4 g,10.25,21.75,68
demersal,10^4 g,10.25,22.25,15
demersal,10^4 g,10.75,1.75,1
demersal,10^4 g,10.75,4.25,2
demersal,10^4 g,10.75,6.25,1
demersal,10^4 g,10.75,9.25,1
demersal,10^4 g,10.75,9.75,1
demersal,10^4 g,10.75,11.25,1
demersal,10^4 g,10.75,11.75,1
demersal,10^4 g,10.75,12.75,1
demersal,10^4 g,10.75,14.25,2
demersal,10^4 g,10.75,14.75,6
demersal,10^4 g,10.75,15.25,8
demersal,10^4 g,10.75,15.75,6
demersal,10^4 g,10.75,16.25,5
demersal,10^4 g,10.75,16.75,4
demersal,10^4 g,10.75,17.25,7
demersal,10^4 g,10.75,17.75,4
demersal,10^4 g,10.75,18.25,15
demersal,10^4 g,10.75,18.75,7
demersal,10^4 g,10.75,19.25,9
demersal,10^4 g,10.75,19.75,20
demersal,10^4 g,10.75,20.25,52
demersal,10^4 g,10.75,20.75,33
demersal,10^4 g,10.75,21.25,30
demersal,10^4 g,10.75,21.75,53
demersal,10^4 g,10.75,22.25,10
demersal,10^4 g,10.75,22.75,1
demersal,10^4 g,11.25,3.25,1
demersal,10^4 g,11.25,3.75,1
demersal,10^4 g,11.25,6.25,1
demersal,10^4 g,11.25,7.25,2
demersal,10^4 g,11.25,11.75,1
demersal,10^4 g,11.25,14.25,1
demersal,10^4 g,11.25,14.75,1
demersal,10^4 g,11.25,15.25,6
demersal,10^4 g,11.25,15.75,8
demersal,10^4 g,11.25,16.25,7
demersal,10^4 g,11.25,16.75,2
demersal,10^4 g,11.25,17.25,5
demersal,10^4 g,11.25,17.75,3
demersal,10^4 g,11.25,18.25,6
demersal,10^4 g,11.25,18.75,13
demersal,10^4 g,11.25,19.25,2
demersal,10^4 g,11.25,19.75,5
demersal,10^4 g,11.25,20.25,18
demersal,10^4 g,11.25,20.75,16
demersal,10^4 g,11.25,21.25,24
demersal,10^4 g,11.25,21.75,36
demersal,10^4 g,11.25,22.25,6
demersal,10^4 g,11.25,22.75,1
demersal,10^4 g,11.75,3.75,1
demersal,10^4 g,11.75,4.25,1
demersal,10^4 g,11.75,4.75,1
demersal,10^4 g,11.75,5.25,1
demersal,10^4 g,11.75,6.75,1
demersal,10^4 g,11.75,9.75,1
demersal,10^4 g,11.75,10.25,1
demersal,10^4 g,11.75,11.75,1
demersal,10^4 g,11.75,12.75,1
demersal,10^4 g,11.75,14.25,3
demersal,10^4 g,11.75,14.75,1
demersal,10^4 g,11.75,15.25,4
demersal,10^4 g,11.75,15.75,6
demersal,10^4 g,11.75,16.25,5
demersal,10^4 g,11.75,16.75,6
demersal,10^4 g,11.75,17.25,4
demersal,10^4 g,11.75,17.75,6
demersal,10^4 g,11.75,18.25,3
demersal,10^4 g,11.75,18.75,7
demersal,10^4 g,11.75,19.25,6
demersal,10^4 g,11.75,19.75,7
demersal,10^4 g,11.75,20.25,12
demersal,10^4 g,11.75,20.75,14
demersal,10^4 g,11.75,21.25,16
demersal,10^4 g,11.75,21.75,12
demersal,10^4 g,11.75,22.25,7
demersal,10^4 g,12.25,3.25,1
demersal,10^4 g,12.25,5.25,2
demersal,10^4 g,12.25,7.25,1
demersal,10^4 g,12.25,8.25,1
demersal,10^4 g,12.25,9.75,2
demersal,10^4 g,12.25,10.25,1
demersal,10^4 g,12.25,13.25,1
demersal,10^4 g,12.25,15.25,3
demersal,10^4 g,12.25,15.75,5
demersal,10^4 g,12.25,16.25,7
demersal,10^4 g,12.25,16.75,4
demersal,10^4 g,12.25,17.25,5
demersal,10^4 g,12.25,17.75,3
demersal,10^4 g,12.25,18.25,2
demersal,10^4 g,12.25,18.75,1
demersal,10^4 g,12.25,19.25,3
demersal,10^4 g,12.25,19.75,12
demersal,10^4 g,12.25,20.25,5
demersal,10^4 g,12.25,20.75,2
demersal,10^4 g,12.25,21.25,17
demersal,10^4 g,12.25,21.75,12
demersal,10^4 g,12.25,22.25,13
demersal,10^4 g,12.75,2.75,3
demersal,10^4 g,12.75,5.25,1
demersal,10^4 g,12.75,5.75,1
demersal,10^4 g,12.75,6.25,2
demersal,10^4 g,12.75,8.25,1
demersal,10^4 g,12.75,8.75,1
demersal,10^4 g,12.75,12.25,1
demersal,10^4 g,12.75,13.25,1
demersal,10^4 g,12.75,13.75,2
demersal,10^4 g,12.75,14.25,3
demersal,10^4 g,12.75,14.75,2
demersal,10^4 g,12.75,15.25,2
demersal,10^4 g,12.75,15.75,2
demersal,10^4 g,12.75,16.25,2
demersal,10^4 g,12.75,16.75,3
demersal,10^4 g,12.75,17.25,4
demersal,10^4 g,12.75,17.75,2
demersal,10^4 g,12.75,18.25,2
demersal,10^4 g,12.75,18.75,2
demersal,10^4 g,12.75,19.25,2
demersal,10^4 g,12.75,19.75,1
demersal,10^4 g,12.75,20.25,12
demersal,10^4 g,12.75,20.75,9
demersal,10^4 g,12.75,21.25,2
demersal,10^4 g,12.75,21.75,19
demersal,10^4 g,12.75,22.25,13
demersal,10^4 g,12.75,22.75,1
demersal,10^4 g,13.25,3.75,1
demersal,10^4 g,13.25,6.25,1
demersal,10^4 g,13.25,6.75,1
demersal,10^4 g,13.25,10.25,1
demersal,10^4 g,13.25,11.25,1
demersal,10^4 g,13.25,11.75,1
demersal,10^4 g,13.25,13.75,1
demersal,10^4 g,13.25,14.25,1
demersal,10^4 g,13.25,14.75,1
demersal,10^4 g,13.25,15.25,2
demersal,10^4 g,13.25,15.75,6
demersal,10^4 g,13.25,16.25,12
demersal,10^4 g,13.25,16.75,6
demersal,10^4 g,13.25,17.25,9
demersal,10^4 g,13.25,17.75,12
demersal,10^4 g,13.25,18.25,6
demersal,10^4 g,13.25,18.75,5
demersal,10^4 g,13.25,19.25,14
demersal,10^4 g,13.25,19.75,2
demersal,10^4 g,13.25,20.25,3
demersal,10^4 g,13.25,20.75,6
demersal,10^4 g,13.25,21.25,7
demersal,10^4 g,13.25,21.75,8
demersal,10^4 g,13.25,22.25,1
demersal,10^4 g,13.75,1.75,1
demersal,10^4 g,13.75,3.25,1
demersal,10^4 g,13.75,4.75,1
demersal,10^4 g,13.75,6.25,1
demersal,10^4 g,13.75,8.25,1
demersal,10^4 g,13.75,10.25,1
demersal,10^4 g,13.75,12.75,1
demersal,10^4 g,13.75,15.25,1
demersal,10^4 g,13.75,15.75,6
demersal,10^4 g,13.75,16.25,3
demersal,10^4 g,13.75,16.75,1
demersal,10^4 g,13.75,17.25,6
demersal,10^4 g,13.75,17.75,2
demersal,10^4 g,13.75,18.25,4
demersal,10^4 g,13.75,18.75,8
demersal,10^4 g,13.75,19.25,11
demersal,10^4 g,13.75,19.75,20
demersal,10^4 g,13.75,20.25,12
demersal,10^4 g,13.75,20.75,2
demersal,10^4 g,13.75,21.75,7
demersal,10^4 g,13.75,22.25,4
demersal,10^4 g,14.25,3.25,1
demersal,10^4 g,14.25,5.25,1
demersal,10^4 g,14.25,7.25,2
demersal,10^4 g,14.25,8.75,1
demersal,10^4 g,14.25,10.25,1
demersal,10^4 g,14.25,11.25,1
demersal,10^4 g,14.25,12.25,1
demersal,10^4 g,14.25,14.25,1
demersal,10^4 g,14.25,14.75,1
demersal,10^4 g,14.25,15.75,2
demersal,10^4 g,14.25,16.25,2
demersal,10^4 g,14.25,16.75,3
demersal,10^4 g,14.25,17.25,4
demersal,10^4 g,14.25,17.75,6
demersal,10^4 g,14.25,18.25,6
demersal,10^4 g,14.25,18.75,7
demersal,10^4 g,14.25,19.25,6
demersal,10^4 g,14.25,19.75,16
demersal,10^4 g,14.25,20.25,20
demersal,10^4 g,14.25,20.75,15
demersal,10^4 g,14.25,21.25,4
demersal,10^4 g,14.25,21.75,6
demersal,10^4 g,14.25,22.25,3
demersal,10^4 g,14.75,1.75,1
demersal,10^4 g,14.75,5.25,1
demersal,10^4 g,14.75,5.75,1
demersal,10^4 g,14.75,6.25,1
demersal,10^4 g,14.75,7.75,2
demersal,10^4 g,14.75,13.25,2
demersal,10^4 g,14.75,14.75,1
demersal,10^4 g,14.75,15.25,2
demersal,10^4 g,14.75,15.75,2
demersal,10^4 g,14.75,16.25,1
demersal,10^4 g,14.75,16.75,2
demersal,10^4 g,14.75,17.25,1
demersal,10^4 g,14.75,18.25,5
demersal,10^4 g,14.75,18.75,2
demersal,10^4 g,14.75,19.25,6
demersal,10^4 g,14.75,19.75,12
demersal,10^4 g,14.75,20.25,8
demersal,10^4 g,14.75,20.75,15
demersal,10^4 g,14.75,21.25,21
demersal,10^4 g,14.75,21.75,5
demersal,10^4 g,15.25,4.25,1
demersal,10^4 g,15.25,5.75,1
demersal,10^4 g,15.25,6.25,1
demersal,10^4 g,15.25,12.75,1
demersal,10^4 g,15.25,14.75,1
demersal,10^4 g,15.25,15.25,1
demersal,10^4 g,15.25,15.75,2
demersal,10^4 g,15.25,16.25,3
demersal,10^4 g,15.25,17.25,2
demersal,10^4 g,15.25,17.75,2
demersal,10^4 g,15.25,18.25,1
demersal,10^4 g,15.25,18.75,4
demersal,10^4 g,15.25,19.25,6
demersal,10^4 g,15.25,19.75,6
demersal,10^4 g,15.25,20.25,16
demersal,10^4 g,15.25,20.75,7
demersal,10^4 g,15.25,21.25,14
demersal,10^4 g,15.25,21.75,7
demersal,10^4 g,15.25,22.25,1
demersal,10^4 g,15.25,22.75,1
demersal,10^4 g,15.75,2.75,1
demersal,10^4 g,15.75,5.75,1
demersal,10^4 g,15.75,7.25,1
demersal,10^4 g,15.75,9.75,2
demersal,10^4 g,15.75,13.75,1
demersal,10^4 g,15.75,15.25,2
demersal,10^4 g,15.75,15.75,4
demersal,10^4 g,15.75,16.25,1
demersal,10^4 g,15.75,16.75,3
demersal,10^4 g,15.75,17.25,2
demersal,10^4 g,15.75,17.75,4
demersal,10^4 g,15.75,18.25,2
demersal,10^4 g,15.75,18.75,5
demersal,10^4 g,15.75,19.25,4
demersal,10^4 g,15.75,19.75,4
demersal,10^4 g,15.75,20.25,8
demersal,10^4 g,15.75,20.75,16
demersal,10^4 g,15.75,21.25,9
demersal,10^4 g,15.75,21.75,2
demersal,10^4 g,15.75,22.25,2
demersal,10^4 g,16.25,4.25,1
demersal,10^4 g,16.25,5.25,3
demersal,10^4 g,16.25,9.75,1
demersal,10^4 g,16.25,10.25,1
demersal,10^4 g,16.25,10.75,1
demersal,10^4 g,16.25,13.25,1
demersal,10^4 g,16.25,14.25,1
demersal,10^4 g,16.25,14.75,1
demersal,10^4 g,16.25,15.25,1
demersal,10^4 g,16.25,15.75,1
demersal,10^4 g,16.25,16.25,5
demersal,10^4 g,16.25,16.75,1
demersal,10^4 g,16.25,17.25,1
demersal,10^4 g,16.25,17.75,1
demersal,10^4 g,16.25,18.25,2
demersal,10^4 g,16.25,19.25,4
demersal,10^4 g,16.25,20.25,6
demersal,10^4 g,16.25,20.75,12
demersal,10^4 g,16.25,21.25,12
demersal,10^4 g,16.25,21.75,4
demersal,10^4 g,16.25,22.25,2
demersal,10^4 g,16.25,22.75,1
demersal,10^4 g,16.75,9.75,1
demersal,10^4 g,16.75,10.25,1
demersal,10^4 g,16.75,11.25,2
demersal,10^4 g,16.75,14.25,1
demersal,10^4 g,16.75,15.25,1
demersal,10^4 g,16.75,15.75,3
demersal,10^4 g,16.75,16.25,4
demersal,10^4 g,16.75,16.75,4
demersal,10^4 g,16.75,17.25,1
demersal,10^4 g,16.75,18.75,2
demersal,10^4 g,16.75,19.75,4
demersal,10^4 g,16.75,20.25,12
demersal,10^4 g,16.75,20.75,5
demersal,10^4 g,16.75,21.25,9
demersal,10^4 g,16.75,21.75,9
demersal,10^4 g,16.75,22.25,2
demersal,10^4 g,16.75,22.75,2
demersal,10^4 g,17.25,6.25,2
demersal,10^4 g,17.25,11.75,1
demersal,10^4 g,17.25,15.75,1
demersal,10^4 g,17.25,16.25,6
demersal,10^4 g,17.25,17.25,3
demersal,10^4 g,17.25,17.75,1
demersal,10^4 g,17.25,18.25,3
demersal,10^4 g,17.25,18.75,2
demersal,10^4 g,17.25,19.25,5
demersal,10^4 g,17.25,19.75,5
demersal,10^4 g,17.25,20.25,9
demersal,10^4 g,17.25,20.75,9
demersal,10^4 g,17.25,21.25,12
demersal,10^4 g,17.25,21.75,5
demersal,10^4 g,17.25,22.25,3
demersal,10^4 g,17.75,10.25,2
demersal,10^4 g,17.75,13.75,1
demersal,10^4 g,17.75,15.25,1
demersal,10^4 g,17.75,15.75,1
demersal,10^4 g,17.75,16.75,1
demersal,10^4 g,17.75,17.25,2
demersal,10^4 g,17.75,17.75,2
demersal,10^4 g,17.75,18.25,1
demersal,10^4 g,17.75,19.25,2
demersal,10^4 g,17.75,19.75,2
demersal,10^4 g,17.75,20.25,6
demersal,10^4 g,17.75,20.75,10
demersal,10^4 g,17.75,21.25,13
demersal,10^4 g,17.75,21.75,9
demersal,10^4 g,17.75,22.25,1
demersal,10^4 g,18.25,10.75,3
demersal,10^4 g,18.25,11.75,1
demersal,10^4 g,18.25,12.75,1
demersal,10^4 g,18.25,13.75,1
demersal,10^4 g,18.25,14.75,1
demersal,10^4 g,18.25,16.25,1
demersal,10^4 g,18.25,17.25,1
demersal,10^4 g,18.25,17.75,1
demersal,10^4 g,18.25,18.25,1
demersal,10^4 g,18.25,19.25,2
demersal,10^4 g,18.25,19.75,4
demersal,10^4 g,18.25,20.25,2
demersal,10^4 g,18.25,20.75,8
demersal,10^4 g,18.25,21.25,12
demersal,10^4 g,18.25,21.75,14
demersal,10^4 g,18.25,22.25,3
demersal,10^4 g,18.75,10.25,1
demersal,10^4 g,18.75,11.25,1
demersal,10^4 g,18.75,12.25,1
demersal,10^4 g,18.75,14.25,1
demersal,10^4 g,18.75,15.75,1
demersal,10^4 g,18.75,16.75,2
demersal,10^4 g,18.75,17.25,1
demersal,10^4 g,18.75,17.75,2
demersal,10^4 g,18.75,18.25,1
demersal,10^4 g,18.75,18.75,1
demersal,10^4 g,18.75,19.25,2
demersal,10^4 g,18.75,19.75,1
demersal,10^4 g,18.75,20.25,4
demersal,10^4 g,18.75,20.75,1
demersal,10^4 g,18.75,21.25,20
demersal,10^4 g,18.75,21.75,5
demersal,10^4 g,18.75,22.25,4
demersal,10^4 g,19.25,11.25,1
demersal,10^4 g,19.25,11.75,1
demersal,10^4 g,19.25,13.25,1
demersal,10^4 g,19.25,14.25,1
demersal,10^4 g,19.25,14.75,1
demersal,10^4 g,19.25,15.25,1
demersal,10^4 g,19.25,15.75,1
demersal,10^4 g,19.25,17.25,1
demersal,10^4 g,19.25,17.75,2
demersal,10^4 g,19.25,18.25,2
demersal,10^4 g,19.25,19.75,1
demersal,10^4 g,19.25,20.25,3
demersal,10^4 g,19.25,20.75,3
demersal,10^4 g,19.25,21.25,7
demersal,10^4 g,19.25,21.75,2
demersal,10^4 g,19.25,22.25,4
demersal,10^4 g,19.75,10.25,1
demersal,10^4 g,19.75,11.75,1
demersal,10^4 g,19.75,14.75,1
demersal,10^4 g,19.75,15.25,1
demersal,10^4 g,19.75,15.75,1
demersal,10^4 g,19.75,16.75,1
demersal,10^4 g,19.75,17.25,2
demersal,10^4 g,19.75,18.25,1
demersal,10^4 g,19.75,18.75,2
demersal,10^4 g,19.75,19.25,3
demersal,10^4 g,19.75,19.75,2
demersal,10^4 g,19.75,20.25,2
demersal,10^4 g,19.75,21.25,2
demersal,10^4 g,19.75,21.75,2
demersal,10^4 g,19.75,22.25,2
demersal,10^4 g,19.75,22.75,1
demersal,10^4 g,20.25,11.75,1
demersal,10^4 g,20.25,12.25,1
demersal,10^4 g,20.25,12.75,1
demersal,10^4 g,20.25,13.25,2
demersal,10^4 g,20.25,14.75,1
demersal,10^4 g,20.25,15.75,2
demersal,10^4 g,20.25,16.25,1
demersal,10^4 g,20.25,17.75,2
demersal,10^4 g,20.25,18.25,2
demersal,10^4 g,20.25,18.75,4
demersal,10^4 g,20.25,19.25,4
demersal,10^4 g,20.25,20.25,2
demersal,10^4 g,20.25,20.75,1
demersal,10^4 g,20.25,21.25,7
demersal,10^4 g,20.25,21.75,2
demersal,10^4 g,20.25,22.25,3
demersal,10^4 g,20.25,22.75,1
demersal,10^4 g,20.75,9.25,1
demersal,10^4 g,20.75,10.75,1
demersal,10^4 g,20.75,13.25,1
demersal,10^4 g,20.75,13.75,1
demersal,10^4 g,20.75,14.25,1
demersal,10^4 g,20.75,18.25,2
demersal,10^4 g,20.75,19.25,5
demersal,10^4 g,20.75,19.75,2
demersal,10^4 g,20.75,20.25,4
demersal,10^4 g,20.75,20.75,4
demersal,10^4 g,20.75,21.25,4
demersal,10^4 g,20.75,21.75,3
demersal,10^4 g,20.75,22.25,6
demersal,10^4 g,20.75,22.75,2
demersal,10^4 g,21.25,13.25,1
demersal,10^4 g,21.25,15.25,2
demersal,10^4 g,21.25,16.25,1
demersal,10^4 g,21.25,17.25,1
demersal,10^4 g,21.25,18.25,1
demersal,10^4 g,21.25,18.75,1
demersal,10^4 g,21.25,19.25,1
demersal,10^4 g,21.25,19.75,4
demersal,10^4 g,21.25,20.25,4
demersal,10^4 g,21.25,20.75,5
demersal,10^4 g,21.25,21.25,2
demersal,10^4 g,21.25,21.75,1
demersal,10^4 g,21.25,22.25,9
demersal,10^4 g,21.25,22.75,1
demersal,10^4 g,21.75,6.25,1
demersal,10^4 g,21.75,12.25,1
demersal,10^4 g,21.75,12.75,1
demersal,10^4 g,21.75,13.75,1
demersal,10^4 g,21.75,14.25,1
demersal,10^4 g,21.75,14.75,1
demersal,10^4 g,21.75,17.25,1
demersal,10^4 g,21.75,18.75,1
demersal,10^4 g,21.75,19.25,1
demersal,10^4 g,21.75,19.75,4
demersal,10^4 g,21.75,20.25,4
demersal,10^4 g,21.75,20.75,2
demersal,10^4 g,21.75,21.25,4
demersal,10^4 g,21.75,21.75,8
demersal,10^4 g,21.75,22.25,8
demersal,10^4 g,22.25,12.25,1
demersal,10^4 g,22.25,13.75,2
demersal,10^4 g,22.25,15.25,1
demersal,10^4 g,22.25,15.75,1
demersal,10^4 g,22.25,17.25,1
demersal,10^4 g,22.25,19.25,1
demersal,10^4 g,22.25,19.75,3
demersal,10^4 g,22.25,20.25,3
demersal,10^4 g,22.25,20.75,7
demersal,10^4 g,22.25,21.25,5
demersal,10^4 g,22.25,21.75,4
demersal,10^4 g,22.25,22.25,1
demersal,10^4 g,22.25,25.25,1
demersal,10^4 g,22.75,13.25,1
demersal,10^4 g,22.75,17.25,1
demersal,10^4 g,22.75,17.75,2
demersal,10^4 g,22.75,19.25,1
demersal,10^4 g,22.75,20.75,6
demersal,10^4 g,22.75,21.25,6
demersal,10^4 g,22.75,21.75,2
demersal,10^4 g,22.75,22.25,1
demersal,10^4 g,23.25,9.75,1
demersal,10^4 g,23.25,12.25,2
demersal,10^4 g,23.25,15.75,1
demersal,10^4 g,23.25,16.25,1
demersal,10^4 g,23.25,17.25,1
demersal,10^4 g,23.25,17.75,2
demersal,10^4 g,23.25,18.25,2
demersal,10^4 g,23.25,19.25,2
demersal,10^4 g,23.25,20.25,1
demersal,10^4 g,23.25,20.75,3
demersal,10^4 g,23.25,21.25,12
demersal,10^4 g,23.25,21.75,2
demersal,10^4 g,23.25,22.25,4
demersal,10^4 g,23.25,22.75,2
demersal,10^4 g,23.75,10.25,1
demersal,10^4 g,23.75,11.25,1
demersal,10^4 g,23.75,15.75,1
demersal,10^4 g,23.75,16.25,4
demersal,10^4 g,23.75,16.75,2
demersal,10^4 g,23.75,17.25,2
demersal,10^4 g,23.75,17.75,2
demersal,10^4 g,23.75,18.25,4
demersal,10^4 g,23.75,18.75,3
demersal,10^4 g,23.75,19.25,1
demersal,10^4 g,23.75,19.75,1
demersal,10^4 g,23.75,20.25,4
demersal,10^4 g,23.75,20.75,7
demersal,10^4 g,23.75,22.25,3
demersal,10^4 g,23.75,22.75,3
demersal,10^4 g,24.25,10.25,2
demersal,10^4 g,24.25,10.75,1
demersal,10^4 g,24.25,15.25,1
demersal,10^4 g,24.25,15.75,1
demersal,10^4 g,24.25,16.25,3
demersal,10^4 g,24.25,16.75,3
demersal,10^4 g,24.25,17.25,5
demersal,10^4 g,24.25,17.75,2
demersal,10^4 g,24.25,18.25,3
demersal,10^4 g,24.25,18.75,4
demersal,10^4 g,24.25,19.25,3
demersal,10^4 g,24.25,19.75,5
demersal,10^4 g,24.25,20.25,4
demersal,10^4 g,24.25,20.75,2
demersal,10^4 g,24.25,21.25,7
demersal,10^4 g,24.25,21.75,4
demersal,10^4 g,24.75,10.75,1
demersal,10^4 g,24.75,11.25,2
demersal,10^4 g,24.75,11.75,2
demersal,10^4 g,24.75,13.25,1
demersal,10^4 g,24.75,13.75,1
demersal,10^4 g,24.75,14.25,1
demersal,10^4 g,24.75,14.75,1
demersal,10^4 g,24.75,15.75,1
demersal,10^4 g,24.75,16.25,2
demersal,10^4 g,24.75,16.75,2
demersal,10^4 g,24.75,17.25,2
demersal,10^4 g,24.75,17.75,6
demersal,10^4 g,24.75,18.25,2
demersal,10^4 g,24.75,18.75,3
demersal,10^4 g,24.75,19.25,3
demersal,10^4 g,24.75,19.75,4
demersal,10^4 g,24.75,20.25,14
demersal,10^4 g,24.75,20.75,9
demersal,10^4 g,24.75,21.25,5
demersal,10^4 g,24.75,21.75,9
demersal,10^4 g,24.75,22.25,2
demersal,10^4 g,25.25,9.25,2
demersal,10^4 g,25.25,12.25,1
demersal,10^4 g,25.25,13.75,1
demersal,10^4 g,25.25,14.25,1
demersal,10^4 g,25.25,15.75,1
demersal,10^4 g,25.25,16.25,1
demersal,10^4 g,25.25,16.75,3
demersal,10^4 g,25.25,17.75,2
demersal,10^4 g,25.25,18.25,3
demersal,10^4 g,25.25,18.75,2
demersal,10^4 g,25.25,19.25,1
demersal,10^4 g,25.25,19.75,3
demersal,10^4 g,25.25,20.25,2
demersal,10^4 g,25.25,20.75,11
demersal,10^4 g,25.25,21.25,15
demersal,10^4 g,25.25,21.75,10
demersal,10^4 g,25.25,22.25,5
demersal,10^4 g,25.75,11.25,1
demersal,10^4 g,25.75,12.25,1
demersal,10^4 g,25.75,13.25,1
demersal,10^4 g,25.75,14.25,1
demersal,10^4 g,25.75,15.25,1
demersal,10^4 g,25.75,16.25,3
demersal,10^4 g,25.75,17.25,1
demersal,10^4 g,25.75,17.75,2
demersal,10^4 g,25.75,18.25,3
demersal,10^4 g,25.75,18.75,4
demersal,10^4 g,25.75,19.25,5
demersal,10^4 g,25.75,19.75,4
demersal,10^4 g,25.75,20.25,4
demersal,10^4 g,25.75,20.75,6
demersal,10^4 g,25.75,21.25,9
demersal,10^4 g,25.75,21.75,6
demersal,10^4 g,25.75,22.25,4
demersal,10^4 g,26.25,13.75,3
demersal,10^4 g,26.25,14.75,2
demersal,10^4 g,26.25,15.75,3
demersal,10^4 g,26.25,16.25,2
demersal,10^4 g,26.25,16.75,4
demersal,10^4 g,26.25,17.25,1
demersal,10^4 g,26.25,17.75,1
demersal,10^4 g,26.25,18.25,2
demersal,10^4 g,26.25,18.75,3
demersal,10^4 g,26.25,19.25,3
demersal,10^4 g,26.25,19.75,1
demersal,10^4 g,26.25,20.25,6
demersal,10^4 g,26.25,20.75,6
demersal,10^4 g,26.25,21.25,17
demersal,10^4 g,26.25,21.75,9
demersal,10^4 g,26.25,22.25,4
demersal,10^4 g,26.75,11.25,1
demersal,10^4 g,26.75,12.25,1
demersal,10^4 g,26.75,12.75,1
demersal,10^4 g,26.75,14.25,1
demersal,10^4 g,26.75,14.75,1
demersal,10^4 g,26.75,16.25,1
demersal,10^4 g,26.75,16.75,1
demersal,10^4 g,26.75,17.25,4
demersal,10^4 g,26.75,17.75,4
demersal,10^4 g,26.75,18.25,2
demersal,10^4 g,26.75,18.75,2
demersal,10^4 g,26.75,19.25,1
demersal,10^4 g,26.75,19.75,6
demersal,10^4 g,26.75,20.25,7
demersal,10^4 g,26.75,20.75,16
demersal,10^4 g,26.75,21.25,18
demersal,10^4 g,26.75,21.75,6
demersal,10^4 g,27.25,10.25,1
demersal,10^4 g,27.25,10.75,1
demersal,10^4 g,27.25,13.25,1
demersal,10^4 g,27.25,13.75,2
demersal,10^4 g,27.25,14.75,1
demersal,10^4 g,27.25,15.25,1
demersal,10^4 g,27.25,16.25,1
demersal,10^4 g,27.25,16.75,2
demersal,10^4 g,27.25,17.25,2
demersal,10^4 g,27.25,17.75,5
demersal,10^4 g,27.25,18.25,2
demersal,10^4 g,27.25,18.75,4
demersal,10^4 g,27.25,19.25,3
demersal,10^4 g,27.25,19.75,9
demersal,10^4 g,27.25,20.25,8
demersal,10^4 g,27.25,20.75,21
demersal,10^4 g,27.25,21.25,41
demersal,10^4 g,27.25,21.75,33
demersal,10^4 g,27.75,14.25,1
demersal,10^4 g,27.75,16.25,2
demersal,10^4 g,27.75,16.75,2
demersal,10^4 g,27.75,17.25,1
demersal,10^4 g,27.75,17.75,3
demersal,10^4 g,27.75,18.25,8
demersal,10^4 g,27.75,18.75,1
demersal,10^4 g,27.75,19.25,3
demersal,10^4 g,27.75,19.75,7
demersal,10^4 g,27.75,20.25,7
demersal,10^4 g,27.75,20.75,4
demersal,10^4 g,27.75,21.25,7
demersal,10^4 g,27.75,21.75,19
demersal,10^4 g,27.75,22.25,7
demersal,10^4 g,28.25,18.25,1
demersal,10^4 g,28.25,18.75,2
demersal,10^4 g,28.25,19.75,2
demersal,10^4 g,28.25,20.25,8
demersal,10^4 g,28.25,20.75,5
demersal,10^4 g,28.25,21.25,8
demersal,10^4 g,28.25,21.75,4
demersal,10^4 g,28.25,22.25,2
demersal,10^4 g,28.75,20.75,3
demersal,10^4 g,28.75,21.25,9
demersal,10^4 g,28.75,22.25,1
demersal,10^4 g,29.25,21.25,6
demersal,10^4 g,29.25,21.75,8
demersal,10^4 g,29.25,22.25,2
demersal,10^4 g,29.75,21.75,2
demersal,10^5 g,0.25,17.25,2
demersal,10^5 g,0.25,17.75,20
demersal,10^5 g,0.25,18.25,28
demersal,10^5 g,0.25,18.75,27
demersal,10^5 g,0.25,19.25,31
demersal,10^5 g,0.25,19.75,40
demersal,10^5 g,0.25,20.25,13
demersal,10^5 g,0.25,20.75,5
demersal,10^5 g,0.25,21.25,1
demersal,10^5 g,0.75,17.25,1
demersal,10^5 g,0.75,17.75,6
demersal,10^5 g,0.75,18.25,8
demersal,10^5 g,0.75,18.75,12
demersal,10^5 g,0.75,19.25,11
demersal,10^5 g,0.75,19.75,22
demersal,10^5 g,0.75,20.25,14
demersal,10^5 g,0.75,20.75,5
demersal,10^5 g,0.75,21.25,1
demersal,10^5 g,1.25,16.75,3
demersal,10^5 g,1.25,17.25,2
demersal,10^5 g,1.25,17.75,3
demersal,10^5 g,1.25,18.25,2
demersal,10^5 g,1.25,18.75,6
demersal,10^5 g,1.25,19.25,14
demersal,10^5 g,1.25,19.75,24
demersal,10^5 g,1.25,20.25,24
demersal,10^5 g,1.25,20.75,4
demersal,10^5 g,1.25,21.25,2
demersal,10^5 g,1.25,22.25,1
demersal,10^5 g,1.75,5.25,1
demersal,10^5 g,1.75,15.75,1
demersal,10^5 g,1.75,17.25,1
demersal,10^5 g,1.75,17.75,4
demersal,10^5 g,1.75,18.25,4
demersal,10^5 g,1.75,18.75,9
demersal,10^5 g,1.75,19.25,14
demersal,10^5 g,1.75,19.75,24
demersal,10^5 g,1.75,20.25,32
demersal,10^5 g,1.75,20.75,13
demersal,10^5 g,1.75,21.75,1
demersal,10^5 g,2.25,7.25,1
demersal,10^5 g,2.25,9.75,1
demersal,10^5 g,2.25,10.75,1
demersal,10^5 g,2.25,11.75,1
demersal,10^5 g,2.25,12.25,4
demersal,10^5 g,2.25,15.25,1
demersal,10^5 g,2.25,15.75,1
demersal,10^5 g,2.25,16.25,1
demersal,10^5 g,2.25,16.75,1
demersal,10^5 g,2.25,17.25,4
demersal,10^5 g,2.25,17.75,6
demersal,10^5 g,2.25,18.25,5
demersal,10^5 g,2.25,18.75,8
demersal,10^5 g,2.25,19.25,5
demersal,10^5 g,2.25,19.75,13
demersal,10^5 g,2.25,20.25,39
demersal,10^5 g,2.25,20.75,3
demersal,10^5 g,2.25,21.25,2
demersal,10^5 g,2.25,21.75,1
demersal,10^5 g,2.75,10.25,1
demersal,10^5 g,2.75,11.25,1
demersal,10^5 g,2.75,12.25,1
demersal,10^5 g,2.75,13.75,1
demersal,10^5 g,2.75,14.25,1
demersal,10^5 g,2.75,16.25,3
demersal,10^5 g,2.75,16.75,2
demersal,10^5 g,2.75,17.75,3
demersal,10^5 g,2.75,18.25,6
demersal,10^5 g,2.75,18.75,14
demersal,10^5 g,2.75,19.25,18
demersal,10^5 g,2.75,19.75,10
demersal,10^5 g,2.75,20.25,36
demersal,10^5 g,2.75,20.75,9
demersal,10^5 g,2.75,21.25,3
demersal,10^5 g,2.75,22.25,1
demersal,10^5 g,3.25,2.25,1
demersal,10^5 g,3.25,3.75,3
demersal,10^5 g,3.25,4.25,1
demersal,10^5 g,3.25,4.75,1
demersal,10^5 g,3.25,9.75,1
demersal,10^5 g,3.25,10.75,4
demersal,10^5 g,3.25,11.25,3
demersal,10^5 g,3.25,11.75,4
demersal,10^5 g,3.25,12.25,3
demersal,10^5 g,3.25,12.75,5
demersal,10^5 g,3.25,13.25,4
demersal,10^5 g,3.25,15.25,1
demersal,10^5 g,3.25,15.75,7
demersal,10^5 g,3.25,16.25,5
demersal,10^5 g,3.25,16.75,6
demersal,10^5 g,3.25,17.25,4
demersal,10^5 g,3.25,17.75,13
demersal,10^5 g,3.25,18.25,7
demersal,10^5 g,3.25,18.75,24
demersal,10^5 g,3.25,19.25,65
demersal,10^5 g,3.25,19.75,52
demersal,10^5 g,3.25,20.25,44
demersal,10^5 g,3.25,20.75,4
demersal,10^5 g,3.25,21.25,9
demersal,10^5 g,3.25,21.75,1
demersal,10^5 g,3.75,1.75,2
demersal,10^5 g,3.75,5.25,2
demersal,10^5 g,3.75,8.25,1
demersal,10^5 g,3.75,10.75,7
demersal,10^5 g,3.75,11.25,18
demersal,10^5 g,3.75,11.75,7
demersal,10^5 g,3.75,12.25,4
demersal,10^5 g,3.75,12.75,5
demersal,10^5 g,3.75,13.25,3
demersal,10^5 g,3.75,13.75,9
demersal,10^5 g,3.75,14.25,3
demersal,10^5 g,3.75,14.75,1
demersal,10^5 g,3.75,15.25,2
demersal,10^5 g,3.75,16.25,1
demersal,10^5 g,3.75,16.75,2
demersal,10^5 g,3.75,17.75,3
demersal,10^5 g,3.75,18.25,9
demersal,10^5 g,3.75,18.75,3
demersal,10^5 g,3.75,19.25,47
demersal,10^5 g,3.75,19.75,31
demersal,10^5 g,3.75,20.25,11
demersal,10^5 g,3.75,20.75,10
demersal,10^5 g,3.75,21.25,4
demersal,10^5 g,3.75,22.25,1
demersal,10^5 g,4.25,7.75,1
demersal,10^5 g,4.25,9.25,1
demersal,10^5 g,4.25,10.75,1
demersal,10^5 g,4.25,11.25,4
demersal,10^5 g,4.25,11.75,18
demersal,10^5 g,4.25,12.25,8
demersal,10^5 g,4.25,12.75,9
demersal,10^5 g,4.25,13.25,11
demersal,10^5 g,4.25,13.75,5
demersal,10^5 g,4.25,14.25,4
demersal,10^5 g,4.25,14.75,7
demersal,10^5 g,4.25,15.25,3
demersal,10^5 g,4.25,16.25,1
demersal,10^5 g,4.25,17.25,3
demersal,10^5 g,4.25,17.75,7
demersal,10^5 g,4.25,18.25,2
demersal,10^5 g,4.25,18.75,3
demersal,10^5 g,4.25,19.25,4
demersal,10^5 g,4.25,19.75,3
demersal,10^5 g,4.25,20.25,8
demersal,10^5 g,4.25,20.75,13
demersal,10^5 g,4.25,21.25,2
demersal,10^5 g,4.25,21.75,2
demersal,10^5 g,4.25,22.25,4
demersal,10^5 g,4.75,7.75,1
demersal,10^5 g,4.75,11.25,2
demersal,10^5 g,4.75,11.75,11
demersal,10^5 g,4.75,12.25,25
demersal,10^5 g,4.75,12.75,16
demersal,10^5 g,4.75,13.25,5
demersal,10^5 g,4.75,13.75,2
demersal,10^5 g,4.75,14.25,5
demersal,10^5 g,4.75,14.75,6
demersal,10^5 g,4.75,15.25,9
demersal,10^5 g,4.75,15.75,3
demersal,10^5 g,4.75,16.25,1
demersal,10^5 g,4.75,16.75,1
demersal,10^5 g,4.75,17.25,4
demersal,10^5 g,4.75,17.75,1
demersal,10^5 g,4.75,18.75,1
demersal,10^5 g,4.75,19.25,1
demersal,10^5 g,4.75,19.75,3
demersal,10^5 g,4.75,20.25,7
demersal,10^5 g,4.75,20.75,12
demersal,10^5 g,4.75,21.25,3
demersal,10^5 g,4.75,21.75,7
demersal,10^5 g,4.75,22.25,6
demersal,10^5 g,4.75,22.75,1
demersal,10^5 g,5.25,3.75,1
demersal,10^5 g,5.25,6.25,2
demersal,10^5 g,5.25,7.25,1
demersal,10^5 g,5.25,10.75,1
demersal,10^5 g,5.25,11.25,2
demersal,10^5 g,5.25,11.75,4
demersal,10^5 g,5.25,12.25,12
demersal,10^5 g,5.25,12.75,24
demersal,10^5 g,5.25,13.25,20
demersal,10^5 g,5.25,13.75,5
demersal,10^5 g,5.25,15.25,7
demersal,10^5 g,5.25,15.75,9
demersal,10^5 g,5.25,16.25,6
demersal,10^5 g,5.25,16.75,4
demersal,10^5 g,5.25,17.25,4
demersal,10^5 g,5.25,17.75,7
demersal,10^5 g,5.25,18.25,3
demersal,10^5 g,5.25,18.75,5
demersal,10^5 g,5.25,19.25,4
demersal,10^5 g,5.25,19.75,5
demersal,10^5 g,5.25,20.25,8
demersal,10^5 g,5.25,20.75,9
demersal,10^5 g,5.25,21.25,7
demersal,10^5 g,5.25,21.75,15
demersal,10^5 g,5.25,22.25,3
demersal,10^5 g,5.25,23.25,1
demersal,10^5 g,5.75,5.75,1
demersal,10^5 g,5.75,6.25,2
demersal,10^5 g,5.75,6.75,1
demersal,10^5 g,5.75,8.25,1
demersal,10^5 g,5.75,8.75,1
demersal,10^5 g,5.75,10.75,3
demersal,10^5 g,5.75,11.25,2
demersal,10^5 g,5.75,12.25,3
demersal,10^5 g,5.75,12.75,19
demersal,10^5 g,5.75,13.25,30
demersal,10^5 g,5.75,13.75,17
demersal,10^5 g,5.75,14.25,7
demersal,10^5 g,5.75,14.75,1
demersal,10^5 g,5.75,15.25,3
demersal,10^5 g,5.75,15.75,5
demersal,10^5 g,5.75,16.25,6
demersal,10^5 g,5.75,16.75,5
demersal,10^5 g,5.75,17.25,1
demersal,10^5 g,5.75,17.75,9
demersal,10^5 g,5.75,18.25,4
demersal,10^5 g,5.75,18.75,1
demersal,10^5 g,5.75,19.25,5
demersal,10^5 g,5.75,19.75,2
demersal,10^5 g,5.75,20.25,10
demersal,10^5 g,5.75,20.75,25
demersal,10^5 g,5.75,21.25,16
demersal,10^5 g,5.75,21.75,17
demersal,10^5 g,5.75,22.25,6
demersal,10^5 g,6.25,5.25,2
demersal,10^5 g,6.25,6.75,1
demersal,10^5 g,6.25,7.25,2
demersal,10^5 g,6.25,8.25,1
demersal,10^5 g,6.25,8.75,2
demersal,10^5 g,6.25,9.25,1
demersal,10^5 g,6.25,9.75,2
demersal,10^5 g,6.25,12.25,2
demersal,10^5 g,6.25,12.75,4
demersal,10^5 g,6.25,13.25,15
demersal,10^5 g,6.25,13.75,14
demersal,10^5 g,6.25,14.25,17
demersal,10^5 g,6.25,14.75,3
demersal,10^5 g,6.25,15.25,3
demersal,10^5 g,6.25,15.75,2
demersal,10^5 g,6.25,16.75,6
demersal,10^5 g,6.25,17.25,6
demersal,10^5 g,6.25,17.75,12
demersal,10^5 g,6.25,18.25,14
demersal,10^5 g,6.25,18.75,14
demersal,10^5 g,6.25,19.25,11
demersal,10^5 g,6.25,19.75,12
demersal,10^5 g,6.25,20.25,8
demersal,10^5 g,6.25,20.75,24
demersal,10^5 g,6.25,21.25,19
demersal,10^5 g,6.25,21.75,6
demersal,10^5 g,6.25,22.25,3
demersal,10^5 g,6.75,8.25,2
demersal,10^5 g,6.75,8.75,2
demersal,10^5 g,6.75,9.25,2
demersal,10^5 g,6.75,9.75,1
demersal,10^5 g,6.75,10.25,1
demersal,10^5 g,6.75,10.75,4
demersal,10^5 g,6.75,11.75,1
demersal,10^5 g,6.75,12.25,1
demersal,10^5 g,6.75,12.75,9
demersal,10^5 g,6.75,13.25,4
demersal,10^5 g,6.75,13.75,6
demersal,10^5 g,6.75,14.25,16
demersal,10^5 g,6.75,14.75,9
demersal,10^5 g,6.75,15.25,5
demersal,10^5 g,6.75,15.75,9
demersal,10^5 g,6.75,16.25,8
demersal,10^5 g,6.75,16.75,7
demersal,10^5 g,6.75,17.25,5
demersal,10^5 g,6.75,17.75,12
demersal,10^5 g,6.75,18.25,14
demersal,10^5 g,6.75,18.75,23
demersal,10^5 g,6.75,19.25,10
demersal,10^5 g,6.75,19.75,7
demersal,10^5 g,6.75,20.25,22
demersal,10^5 g,6.75,20.75,20
demersal,10^5 g,6.75,21.25,11
demersal,10^5 g,6.75,21.75,6
demersal,10^5 g,6.75,22.25,2
demersal,10^5 g,7.25,3.75,1
demersal,10^5 g,7.25,8.25,1
demersal,10^5 g,7.25,10.25,1
demersal,10^5 g,7.25,10.75,2
demersal,10^5 g,7.25,11.25,2
demersal,10^5 g,7.25,12.25,2
demersal,10^5 g,7.25,12.75,1
demersal,10^5 g,7.25,13.25,5
demersal,10^5 g,7.25,13.75,5
demersal,10^5 g,7.25,14.25,9
demersal,10^5 g,7.25,14.75,8
demersal,10^5 g,7.25,15.25,9
demersal,10^5 g,7.25,15.75,5
demersal,10^5 g,7.25,16.25,6
demersal,10^5 g,7.25,16.75,5
demersal,10^5 g,7.25,17.25,5
demersal,10^5 g,7.25,17.75,8
demersal,10^5 g,7.25,18.25,7
demersal,10^5 g,7.25,18.75,24
demersal,10^5 g,7.25,19.25,41
demersal,10^5 g,7.25,19.75,66
demersal,10^5 g,7.25,20.25,26
demersal,10^5 g,7.25,20.75,37
demersal,10^5 g,7.25,21.25,3
demersal,10^5 g,7.25,21.75,16
demersal,10^5 g,7.25,22.25,5
demersal,10^5 g,7.25,22.75,1
demersal,10^5 g,7.75,8.25,1
demersal,10^5 g,7.75,8.75,2
demersal,10^5 g,7.75,9.25,1
demersal,10^5 g,7.75,9.75,1
demersal,10^5 g,7.75,10.25,1
demersal,10^5 g,7.75,10.75,1
demersal,10^5 g,7.75,11.25,1
demersal,10^5 g,7.75,12.75,1
demersal,10^5 g,7.75,13.25,2
demersal,10^5 g,7.75,13.75,3
demersal,10^5 g,7.75,14.25,7
demersal,10^5 g,7.75,14.75,14
demersal,10^5 g,7.75,15.25,13
demersal,10^5 g,7.75,15.75,13
demersal,10^5 g,7.75,16.25,4
demersal,10^5 g,7.75,16.75,6
demersal,10^5 g,7.75,17.25,17
demersal,10^5 g,7.75,17.75,6
demersal,10^5 g,7.75,18.25,14
demersal,10^5 g,7.75,18.75,5
demersal,10^5 g,7.75,19.25,15
demersal,10^5 g,7.75,19.75,53
demersal,10^5 g,7.75,20.25,92
demersal,10^5 g,7.75,20.75,18
demersal,10^5 g,7.75,21.25,10
demersal,10^5 g,7.75,21.75,11
demersal,10^5 g,7.75,22.25,8
demersal,10^5 g,7.75,22.75,1
demersal,10^5 g,8.25,2.75,1
demersal,10^5 g,8.25,6.75,1
demersal,10^5 g,8.25,11.25,1
demersal,10^5 g,8.25,11.75,2
demersal,10^5 g,8.25,12.25,1
demersal,10^5 g,8.25,13.75,2
demersal,10^5 g,8.25,14.25,6
demersal,10^5 g,8.25,14.75,6
demersal,10^5 g,8.25,15.25,6
demersal,10^5 g,8.25,15.75,7
demersal,10^5 g,8.25,16.25,18
demersal,10^5 g,8.25,16.75,25
demersal,10^5 g,8.25,17.25,15
demersal,10^5 g,8.25,17.75,15
demersal,10^5 g,8.25,18.25,4
demersal,10^5 g,8.25,18.75,5
demersal,10^5 g,8.25,19.25,3
demersal,10^5 g,8.25,19.75,20
demersal,10^5 g,8.25,20.25,54
demersal,10^5 g,8.25,20.75,78
demersal,10^5 g,8.25,21.25,15
demersal,10^5 g,8.25,21.75,12
demersal,10^5 g,8.25,22.25,5
demersal,10^5 g,8.25,22.75,3
demersal,10^5 g,8.75,4.75,1
demersal,10^5 g,8.75,6.75,1
demersal,10^5 g,8.75,7.75,1
demersal,10^5 g,8.75,8.25,1
demersal,10^5 g,8.75,13.25,1
demersal,10^5 g,8.75,13.75,1
demersal,10^5 g,8.75,14.25,3
demersal,10^5 g,8.75,14.75,2
demersal,10^5 g,8.75,15.25,4
demersal,10^5 g,8.75,15.75,5
demersal,10^5 g,8.75,16.25,4
demersal,10^5 g,8.75,16.75,17
demersal,10^5 g,8.75,17.25,26
demersal,10^5 g,8.75,17.75,14
demersal,10^5 g,8.75,18.25,12
demersal,10^5 g,8.75,18.75,8
demersal,10^5 g,8.75,19.25,8
demersal,10^5 g,8.75,19.75,16
demersal,10^5 g,8.75,20.25,26
demersal,10^5 g,8.75,20.75,74
demersal,10^5 g,8.75,21.25,23
demersal,10^5 g,8.75,21.75,20
demersal,10^5 g,8.75,22.25,3
demersal,10^5 g,9.25,4.25,1
demersal,10^5 g,9.25,11.25,2
demersal,10^5 g,9.25,12.75,1
demersal,10^5 g,9.25,14.25,7
demersal,10^5 g,9.25,14.75,8
demersal,10^5 g,9.25,15.25,4
demersal,10^5 g,9.25,15.75,6
demersal,10^5 g,9.25,16.25,4
demersal,10^5 g,9.25,16.75,8
demersal,10^5 g,9.25,17.25,27
demersal,10^5 g,9.25,17.75,7
demersal,10^5 g,9.25,18.25,9
demersal,10^5 g,9.25,18.75,8
demersal,10^5 g,9.25,19.25,5
demersal,10^5 g,9.25,19.75,12
demersal,10^5 g,9.25,20.25,41
demersal,10^5 g,9.25,20.75,45
demersal,10^5 g,9.25,21.25,35
demersal,10^5 g,9.25,21.75,16
demersal,10^5 g,9.25,22.25,4
demersal,10^5 g,9.75,3.25,1
demersal,10^5 g,9.75,9.75,1
demersal,10^5 g,9.75,11.75,2
demersal,10^5 g,9.75,14.25,2
demersal,10^5 g,9.75,14.75,5
demersal,10^5 g,9.75,15.25,10
demersal,10^5 g,9.75,15.75,9
demersal,10^5 g,9.75,16.25,3
demersal,10^5 g,9.75,16.75,2
demersal,10^5 g,9.75,17.25,8
demersal,10^5 g,9.75,17.75,18
demersal,10^5 g,9.75,18.25,5
demersal,10^5 g,9.75,18.75,5
demersal,10^5 g,9.75,19.25,8
demersal,10^5 g,9.75,19.75,16
demersal,10^5 g,9.75,20.25,57
demersal,10^5 g,9.75,20.75,48
demersal,10^5 g,9.75,21.25,29
demersal,10^5 g,9.75,21.75,26
demersal,10^5 g,9.75,22.25,3
demersal,10^5 g,10.25,1.75,1
demersal,10^5 g,10.25,2.25,1
demersal,10^5 g,10.25,4.25,1
demersal,10^5 g,10.25,9.75,2
demersal,10^5 g,10.25,12.25,2
demersal,10^5 g,10.25,13.75,1
demersal,10^5 g,10.25,14.25,2
demersal,10^5 g,10.25,14.75,2
demersal,10^5 g,10.25,15.25,8
demersal,10^5 g,10.25,15.75,8
demersal,10^5 g,10.25,16.25,3
demersal,10^5 g,10.25,16.75,5
demersal,10^5 g,10.25,17.25,8
demersal,10^5 g,10.25,17.75,7
demersal,10^5 g,10.25,18.25,7
demersal,10^5 g,10.25,18.75,3
demersal,10^5 g,10.25,19.25,5
demersal,10^5 g,10.25,19.75,44
demersal,10^5 g,10.25,20.25,66
demersal,10^5 g,10.25,20.75,19
demersal,10^5 g,10.25,21.25,24
demersal,10^5 g,10.25,21.75,39
demersal,10^5 g,10.25,22.25,12
demersal,10^5 g,10.75,12.75,1
demersal,10^5 g,10.75,14.25,2
demersal,10^5 g,10.75,14.75,1
demersal,10^5 g,10.75,15.25,7
demersal,10^5 g,10.75,15.75,4
demersal,10^5 g,10.75,16.25,2
demersal,10^5 g,10.75,16.75,4
demersal,10^5 g,10.75,17.25,7
demersal,10^5 g,10.75,17.75,1
demersal,10^5 g,10.75,18.25,14
demersal,10^5 g,10.75,18.75,6
demersal,10^5 g,10.75,19.25,8
demersal,10^5 g,10.75,19.75,17
demersal,10^5 g,10.75,20.25,49
demersal,10^5 g,10.75,20.75,30
demersal,10^5 g,10.75,21.25,21
demersal,10^5 g,10.75,21.75,29
demersal,10^5 g,10.75,22.25,4
demersal,10^5 g,11.25,1.75,1
demersal,10^5 g,11.25,7.25,1
demersal,10^5 g,11.25,13.25,1
demersal,10^5 g,11.25,15.25,4
demersal,10^5 g,11.25,15.75,6
demersal,10^5 g,11.25,16.25,7
demersal,10^5 g,11.25,16.75,1
demersal,10^5 g,11.25,17.25,7
demersal,10^5 g,11.25,17.75,3
demersal,10^5 g,11.25,18.25,5
demersal,10^5 g,11.25,18.75,11
demersal,10^5 g,11.25,19.25,2
demersal,10^5 g,11.25,19.75,2
demersal,10^5 g,11.25,20.25,16
demersal,10^5 g,11.25,20.75,14
demersal,10^5 g,11.25,21.25,15
demersal,10^5 g,11.25,21.75,20
demersal,10^5 g,11.25,22.25,1
demersal,10^5 g,11.25,22.75,1
demersal,10^5 g,11.75,3.75,1
demersal,10^5 g,11.75,14.25,1
demersal,10^5 g,11.75,15.25,2
demersal,10^5 g,11.75,15.75,4
demersal,10^5 g,11.75,16.25,3
demersal,10^5 g,11.75,16.75,5
demersal,10^5 g,11.75,17.25,3
demersal,10^5 g,11.75,17.75,5
demersal,10^5 g,11.75,18.25,2
demersal,10^5 g,11.75,18.75,5
demersal,10^5 g,11.75,19.25,6
demersal,10^5 g,11.75,19.75,4
demersal,10^5 g,11.75,20.25,10
demersal,10^5 g,11.75,20.75,13
demersal,10^5 g,11.75,21.25,7
demersal,10^5 g,11.75,21.75,6
demersal,10^5 g,11.75,22.25,3
demersal,10^5 g,12.25,13.25,1
demersal,10^5 g,12.25,15.75,4
demersal,10^5 g,12.25,16.25,7
demersal,10^5 g,12.25,16.75,3
demersal,10^5 g,12.25,17.25,4
demersal,10^5 g,12.25,18.25,2
demersal,10^5 g,12.25,18.75,1
demersal,10^5 g,12.25,19.25,3
demersal,10^5 g,12.25,19.75,10
demersal,10^5 g,12.25,20.25,5
demersal,10^5 g,12.25,20.75,1
demersal,10^5 g,12.25,21.25,16
demersal,10^5 g,12.25,21.75,9
demersal,10^5 g,12.25,22.25,6
demersal,10^5 g,12.75,7.25,1
demersal,10^5 g,12.75,12.25,1
demersal,10^5 g,12.75,13.25,1
demersal,10^5 g,12.75,13.75,1
demersal,10^5 g,12.75,14.25,2
demersal,10^5 g,12.75,15.75,1
demersal,10^5 g,12.75,16.25,1
demersal,10^5 g,12.75,16.75,1
demersal,10^5 g,12.75,17.25,3
demersal,10^5 g,12.75,17.75,1
demersal,10^5 g,12.75,18.25,3
demersal,10^5 g,12.75,18.75,2
demersal,10^5 g,12.75,19.25,2
demersal,10^5 g,12.75,19.75,1
demersal,10^5 g,12.75,20.25,13
demersal,10^5 g,12.75,20.75,8
demersal,10^5 g,12.75,21.75,7
demersal,10^5 g,12.75,22.25,8
demersal,10^5 g,13.25,13.75,1
demersal,10^5 g,13.25,15.75,5
demersal,10^5 g,13.25,16.25,7
demersal,10^5 g,13.25,16.75,1
demersal,10^5 g,13.25,17.25,4
demersal,10^5 g,13.25,17.75,9
demersal,10^5 g,13.25,18.25,5
demersal,10^5 g,13.25,18.75,2
demersal,10^5 g,13.25,19.25,10
demersal,10^5 g,13.25,19.75,2
demersal,10^5 g,13.25,20.25,1
demersal,10^5 g,13.25,20.75,2
demersal,10^5 g,13.25,21.25,8
demersal,10^5 g,13.25,21.75,2
demersal,10^5 g,13.25,22.25,2
demersal,10^5 g,13.75,7.75,1
demersal,10^5 g,13.75,8.25,1
demersal,10^5 g,13.75,8.75,1
demersal,10^5 g,13.75,13.75,1
demersal,10^5 g,13.75,15.25,1
demersal,10^5 g,13.75,15.75,4
demersal,10^5 g,13.75,16.25,1
demersal,10^5 g,13.75,16.75,1
demersal,10^5 g,13.75,17.25,4
demersal,10^5 g,13.75,17.75,1
demersal,10^5 g,13.75,18.25,3
demersal,10^5 g,13.75,18.75,5
demersal,10^5 g,13.75,19.25,9
demersal,10^5 g,13.75,19.75,18
demersal,10^5 g,13.75,20.25,16
demersal,10^5 g,13.75,20.75,6
demersal,10^5 g,13.75,21.25,1
demersal,10^5 g,13.75,21.75,2
demersal,10^5 g,13.75,22.25,4
demersal,10^5 g,14.25,6.75,1
demersal,10^5 g,14.25,7.25,1
demersal,10^5 g,14.25,16.25,1
demersal,10^5 g,14.25,16.75,2
demersal,10^5 g,14.25,17.25,1
demersal,10^5 g,14.25,17.75,3
demersal,10^5 g,14.25,18.25,3
demersal,10^5 g,14.25,18.75,6
demersal,10^5 g,14.25,19.25,6
demersal,10^5 g,14.25,19.75,15
demersal,10^5 g,14.25,20.25,17
demersal,10^5 g,14.25,20.75,12
demersal,10^5 g,14.25,21.25,3
demersal,10^5 g,14.25,21.75,1
demersal,10^5 g,14.25,22.25,1
demersal,10^5 g,14.75,2.75,1
demersal,10^5 g,14.75,9.75,1
demersal,10^5 g,14.75,12.25,1
demersal,10^5 g,14.75,14.25,1
demersal,10^5 g,14.75,14.75,1
demersal,10^5 g,14.75,15.25,1
demersal,10^5 g,14.75,15.75,2
demersal,10^5 g,14.75,16.25,1
demersal,10^5 g,14.75,16.75,1
demersal,10^5 g,14.75,18.25,4
demersal,10^5 g,14.75,18.75,2
demersal,10^5 g,14.75,19.25,4
demersal,10^5 g,14.75,19.75,13
demersal,10^5 g,14.75,20.25,7
demersal,10^5 g,14.75,20.75,16
demersal,10^5 g,14.75,21.25,19
demersal,10^5 g,14.75,21.75,3
demersal,10^5 g,15.25,4.75,2
demersal,10^5 g,15.25,8.25,1
demersal,10^5 g,15.25,12.25,1
demersal,10^5 g,15.25,15.25,1
demersal,10^5 g,15.25,15.75,1
demersal,10^5 g,15.25,16.25,2
demersal,10^5 g,15.25,16.75,1
demersal,10^5 g,15.25,17.25,2
demersal,10^5 g,15.25,17.75,1
demersal,10^5 g,15.25,18.25,2
demersal,10^5 g,15.25,18.75,3
demersal,10^5 g,15.25,19.25,3
demersal,10^5 g,15.25,19.75,5
demersal,10^5 g,15.25,20.25,11
demersal,10^5 g,15.25,20.75,6
demersal,10^5 g,15.25,21.25,9
demersal,10^5 g,15.25,21.75,6
demersal,10^5 g,15.25,22.25,1
demersal,10^5 g,15.75,9.25,1
demersal,10^5 g,15.75,9.75,1
demersal,10^5 g,15.75,15.25,1
demersal,10^5 g,15.75,15.75,1
demersal,10^5 g,15.75,16.25,1
demersal,10^5 g,15.75,16.75,1
demersal,10^5 g,15.75,17.25,1
demersal,10^5 g,15.75,18.25,1
demersal,10^5 g,15.75,18.75,3
demersal,10^5 g,15.75,19.25,1
demersal,10^5 g,15.75,19.75,2
demersal,10^5 g,15.75,20.25,3
demersal,10^5 g,15.75,20.75,14
demersal,10^5 g,15.75,21.75,2
demersal,10^5 g,15.75,22.25,1
demersal,10^5 g,16.25,5.25,1
demersal,10^5 g,16.25,8.25,1
demersal,10^5 g,16.25,10.25,1
demersal,10^5 g,16.25,11.75,1
demersal,10^5 g,16.25,13.25,1
demersal,10^5 g,16.25,15.25,1
demersal,10^5 g,16.25,15.75,1
demersal,10^5 g,16.25,16.25,4
demersal,10^5 g,16.25,16.75,1
demersal,10^5 g,16.25,17.75,1
demersal,10^5 g,16.25,18.75,1
demersal,10^5 g,16.25,19.25,2
demersal,10^5 g,16.25,20.25,5
demersal,10^5 g,16.25,20.75,8
demersal,10^5 g,16.25,21.25,7
demersal,10^5 g,16.25,21.75,3
demersal,10^5 g,16.25,22.25,1
demersal,10^5 g,16.25,22.75,1
demersal,10^5 g,16.75,9.75,1
demersal,10^5 g,16.75,11.25,1
demersal,10^5 g,16.75,15.75,4
demersal,10^5 g,16.75,16.25,3
demersal,10^5 g,16.75,16.75,3
demersal,10^5 g,16.75,18.75,1
demersal,10^5 g,16.75,19.75,2
demersal,10^5 g,16.75,20.25,12
demersal,10^5 g,16.75,20.75,5
demersal,10^5 g,16.75,21.25,3
demersal,10^5 g,16.75,21.75,8
demersal,10^5 g,16.75,22.25,1
demersal,10^5 g,16.75,22.75,1
demersal,10^5 g,17.25,12.75,1
demersal,10^5 g,17.25,16.25,5
demersal,10^5 g,17.25,18.25,1
demersal,10^5 g,17.25,18.75,1
demersal,10^5 g,17.25,19.25,4
demersal,10^5 g,17.25,19.75,1
demersal,10^5 g,17.25,20.25,7
demersal,10^5 g,17.25,20.75,8
demersal,10^5 g,17.25,21.25,7
demersal,10^5 g,17.25,21.75,2
demersal,10^5 g,17.25,22.25,2
demersal,10^5 g,17.25,22.75,1
demersal,10^5 g,17.75,13.75,1
demersal,10^5 g,17.75,15.25,1
demersal,10^5 g,17.75,16.75,1
demersal,10^5 g,17.75,18.75,1
demersal,10^5 g,17.75,19.25,1
demersal,10^5 g,17.75,20.25,4
demersal,10^5 g,17.75,20.75,9
demersal,10^5 g,17.75,21.25,10
demersal,10^5 g,17.75,21.75,7
demersal,10^5 g,17.75,22.25,2
demersal,10^5 g,18.25,13.75,1
demersal,10^5 g,18.25,17.25,2
demersal,10^5 g,18.25,18.25,1
demersal,10^5 g,18.25,19.75,1
demersal,10^5 g,18.25,20.25,1
demersal,10^5 g,18.25,20.75,6
demersal,10^5 g,18.25,21.25,10
demersal,10^5 g,18.25,21.75,5
demersal,10^5 g,18.25,22.25,2
demersal,10^5 g,18.75,11.25,1
demersal,10^5 g,18.75,12.25,1
demersal,10^5 g,18.75,12.75,1
demersal,10^5 g,18.75,14.75,1
demersal,10^5 g,18.75,17.25,1
demersal,10^5 g,18.75,17.75,1
demersal,10^5 g,18.75,19.25,1
demersal,10^5 g,18.75,19.75,2
demersal,10^5 g,18.75,20.25,2
demersal,10^5 g,18.75,20.75,1
demersal,10^5 g,18.75,21.25,6
demersal,10^5 g,18.75,21.75,2
demersal,10^5 g,18.75,22.25,1
demersal,10^5 g,19.25,13.25,1
demersal,10^5 g,19.25,15.75,1
demersal,10^5 g,19.25,16.75,1
demersal,10^5 g,19.25,17.75,1
demersal,10^5 g,19.25,19.75,1
demersal,10^5 g,19.25,20.25,2
demersal,10^5 g,19.25,21.25,1
demersal,10^5 g,19.25,22.25,2
demersal,10^5 g,19.75,10.25,1
demersal,10^5 g,19.75,11.75,1
demersal,10^5 g,19.75,15.75,2
demersal,10^5 g,19.75,17.75,1
demersal,10^5 g,19.75,18.25,1
demersal,10^5 g,19.75,19.25,1
demersal,10^5 g,19.75,19.75,1
demersal,10^5 g,19.75,20.25,3
demersal,10^5 g,19.75,20.75,1
demersal,10^5 g,19.75,21.25,2
demersal,10^5 g,19.75,21.75,1
demersal,10^5 g,19.75,22.25,3
demersal,10^5 g,19.75,22.75,1
demersal,10^5 g,20.25,11.75,1
demersal,10^5 g,20.25,12.75,1
demersal,10^5 g,20.25,17.75,1
demersal,10^5 g,20.25,18.25,1
demersal,10^5 g,20.25,18.75,3
demersal,10^5 g,20.25,19.25,4
demersal,10^5 g,20.25,20.25,3
demersal,10^5 g,20.25,20.75,3
demersal,10^5 g,20.25,21.25,1
demersal,10^5 g,20.25,22.25,2
demersal,10^5 g,20.25,22.75,2
demersal,10^5 g,20.75,9.75,1
demersal,10^5 g,20.75,13.75,1
demersal,10^5 g,20.75,18.25,1
demersal,10^5 g,20.75,18.75,1
demersal,10^5 g,20.75,19.25,1
demersal,10^5 g,20.75,19.75,1
demersal,10^5 g,20.75,20.25,3
demersal,10^5 g,20.75,20.75,4
demersal,10^5 g,20.75,21.25,1
demersal,10^5 g,20.75,22.25,6
demersal,10^5 g,20.75,22.75,2
demersal,10^5 g,21.25,16.25,1
demersal,10^5 g,21.25,18.25,1
demersal,10^5 g,21.25,19.75,2
demersal,10^5 g,21.25,20.75,6
demersal,10^5 g,21.25,21.25,2
demersal,10^5 g,21.25,22.25,12
demersal,10^5 g,21.25,22.75,1
demersal,10^5 g,21.75,13.75,1
demersal,10^5 g,21.75,14.25,1
demersal,10^5 g,21.75,20.75,1
demersal,10^5 g,21.75,21.25,2
demersal,10^5 g,21.75,21.75,4
demersal,10^5 g,21.75,22.25,8
demersal,10^5 g,22.25,12.25,1
demersal,10^5 g,22.25,13.75,1
demersal,10^5 g,22.25,15.75,1
demersal,10^5 g,22.25,16.25,1
demersal,10^5 g,22.25,20.25,1
demersal,10^5 g,22.25,20.75,5
demersal,10^5 g,22.25,21.25,4
demersal,10^5 g,22.25,21.75,2
demersal,10^5 g,22.25,22.25,2
demersal,10^5 g,22.25,25.25,1
demersal,10^5 g,22.75,13.25,1
demersal,10^5 g,22.75,17.25,1
demersal,10^5 g,22.75,19.25,1
demersal,10^5 g,22.75,20.75,3
demersal,10^5 g,22.75,21.25,1
demersal,10^5 g,22.75,22.25,1
demersal,10^5 g,23.25,9.75,1
demersal,10^5 g,23.25,16.25,1
demersal,10^5 g,23.25,17.25,1
demersal,10^5 g,23.25,17.75,1
demersal,10^5 g,23.25,18.25,1
demersal,10^5 g,23.25,19.25,3
demersal,10^5 g,23.25,20.75,1
demersal,10^5 g,23.25,21.25,6
demersal,10^5 g,23.25,21.75,1
demersal,10^5 g,23.25,22.25,1
demersal,10^5 g,23.25,22.75,1
demersal,10^5 g,23.75,11.25,1
demersal,10^5 g,23.75,16.25,4
demersal,10^5 g,23.75,16.75,2
demersal,10^5 g,23.75,17.75,2
demersal,10^5 g,23.75,18.25,1
demersal,10^5 g,23.75,18.75,1
demersal,10^5 g,23.75,19.75,1
demersal,10^5 g,23.75,20.25,1
demersal,10^5 g,23.75,20.75,1
demersal,10^5 g,23.75,22.25,3
demersal,10^5 g,23.75,22.75,1
demersal,10^5 g,24.25,10.25,2
demersal,10^5 g,24.25,10.75,1
demersal,10^5 g,24.25,16.75,1
demersal,10^5 g,24.25,17.25,1
demersal,10^5 g,24.25,17.75,1
demersal,10^5 g,24.25,18.25,1
demersal,10^5 g,24.25,18.75,1
demersal,10^5 g,24.25,19.25,2
demersal,10^5 g,24.25,19.75,1
demersal,10^5 g,24.25,20.25,3
demersal,10^5 g,24.25,21.25,7
demersal,10^5 g,24.25,21.75,1
demersal,10^5 g,24.75,10.75,1
demersal,10^5 g,24.75,11.25,1
demersal,10^5 g,24.75,11.75,1
demersal,10^5 g,24.75,14.25,1
demersal,10^5 g,24.75,15.75,1
demersal,10^5 g,24.75,16.25,1
demersal,10^5 g,24.75,16.75,1
demersal,10^5 g,24.75,17.75,2
demersal,10^5 g,24.75,18.25,1
demersal,10^5 g,24.75,18.75,2
demersal,10^5 g,24.75,19.25,2
demersal,10^5 g,24.75,19.75,3
demersal,10^5 g,24.75,20.25,5
demersal,10^5 g,24.75,20.75,3
demersal,10^5 g,24.75,21.25,2
demersal,10^5 g,24.75,21.75,5
demersal,10^5 g,25.25,9.25,1
demersal,10^5 g,25.25,16.75,2
demersal,10^5 g,25.25,17.75,1
demersal,10^5 g,25.25,18.75,1
demersal,10^5 g,25.25,19.25,1
demersal,10^5 g,25.25,19.75,2
demersal,10^5 g,25.25,20.25,1
demersal,10^5 g,25.25,20.75,8
demersal,10^5 g,25.25,21.25,5
demersal,10^5 g,25.25,21.75,5
demersal,10^5 g,25.75,11.25,1
demersal,10^5 g,25.75,13.25,1
demersal,10^5 g,25.75,14.25,1
demersal,10^5 g,25.75,15.25,1
demersal,10^5 g,25.75,16.25,1
demersal,10^5 g,25.75,17.25,1
demersal,10^5 g,25.75,17.75,2
demersal,10^5 g,25.75,18.25,1
demersal,10^5 g,25.75,19.25,1
demersal,10^5 g,25.75,19.75,2
demersal,10^5 g,25.75,20.25,2
demersal,10^5 g,25.75,20.75,4
demersal,10^5 g,25.75,21.25,4
demersal,10^5 g,25.75,21.75,3
demersal,10^5 g,25.75,22.25,1
demersal,10^5 g,26.25,13.75,1
demersal,10^5 g,26.25,14.75,2
demersal,10^5 g,26.25,15.75,3
demersal,10^5 g,26.25,16.25,2
demersal,10^5 g,26.25,16.75,3
demersal,10^5 g,26.25,17.25,1
demersal,10^5 g,26.25,18.25,2
demersal,10^5 g,26.25,20.25,4
demersal,10^5 g,26.25,20.75,2
demersal,10^5 g,26.25,21.25,8
demersal,10^5 g,26.25,21.75,3
demersal,10^5 g,26.25,22.25,2
demersal,10^5 g,26.75,11.25,1
demersal,10^5 g,26.75,12.25,1
demersal,10^5 g,26.75,12.75,1
demersal,10^5 g,26.75,14.75,1
demersal,10^5 g,26.75,15.75,1
demersal,10^5 g,26.75,16.75,1
demersal,10^5 g,26.75,17.25,2
demersal,10^5 g,26.75,17.75,4
demersal,10^5 g,26.75,18.25,1
demersal,10^5 g,26.75,18.75,1
demersal,10^5 g,26.75,19.75,1
demersal,10^5 g,26.75,20.25,4
demersal,10^5 g,26.75,20.75,7
demersal,10^5 g,26.75,21.25,9
demersal,10^5 g,26.75,21.75,1
demersal,10^5 g,27.25,10.25,1
demersal,10^5 g,27.25,10.75,1
demersal,10^5 g,27.25,13.25,1
demersal,10^5 g,27.25,13.75,2
demersal,10^5 g,27.25,15.25,1
demersal,10^5 g,27.25,15.75,1
demersal,10^5 g,27.25,16.25,2
demersal,10^5 g,27.25,16.75,1
demersal,10^5 g,27.25,17.25,2
demersal,10^5 g,27.25,17.75,5
demersal,10^5 g,27.25,18.25,2
demersal,10^5 g,27.25,18.75,3
demersal,10^5 g,27.25,19.25,4
demersal,10^5 g,27.25,19.75,4
demersal,10^5 g,27.25,20.25,1
demersal,10^5 g,27.25,20.75,3
demersal,10^5 g,27.25,21.25,17
demersal,10^5 g,27.25,21.75,10
demersal,10^5 g,27.75,12.75,1
demersal,10^5 g,27.75,14.25,1
demersal,10^5 g,27.75,16.25,1
demersal,10^5 g,27.75,16.75,2
demersal,10^5 g,27.75,17.75,2
demersal,10^5 g,27.75,18.25,7
demersal,10^5 g,27.75,19.25,2
demersal,10^5 g,27.75,19.75,6
demersal,10^5 g,27.75,20.25,5
demersal,10^5 g,27.75,20.75,3
demersal,10^5 g,27.75,21.25,5
demersal,10^5 g,27.75,21.75,12
demersal,10^5 g,28.25,17.25,1
demersal,10^5 g,28.25,18.25,1
demersal,10^5 g,28.25,18.75,1
demersal,10^5 g,28.25,20.25,7
demersal,10^5 g,28.25,20.75,1
demersal,10^5 g,28.25,21.25,4
demersal,10^5 g,28.25,21.75,8
demersal,10^5 g,28.25,22.25,2
demersal,10^5 g,28.75,18.25,1
demersal,10^5 g,28.75,20.75,3
demersal,10^5 g,28.75,21.75,10
demersal,10^5 g,29.25,21.25,2
demersal,10^5 g,29.25,21.75,4
demersal,10^6 g,0.25,17.25,1
demersal,10^6 g,0.25,18.25,5
demersal,10^6 g,0.25,18.75,9
demersal,10^6 g,0.25,19.25,4
demersal,10^6 g,0.25,19.75,2
demersal,10^6 g,0.25,20.25,2
demersal,10^6 g,0.75,17.25,1
demersal,10^6 g,0.75,17.75,6
demersal,10^6 g,0.75,18.25,6
demersal,10^6 g,0.75,18.75,4
demersal,10^6 g,0.75,19.25,3
demersal,10^6 g,0.75,19.75,1
demersal,10^6 g,0.75,20.25,1
demersal,10^6 g,0.75,20.75,2
demersal,10^6 g,1.25,17.25,1
demersal,10^6 g,1.25,17.75,3
demersal,10^6 g,1.25,19.25,1
demersal,10^6 g,1.25,19.75,2
demersal,10^6 g,1.25,20.25,2
demersal,10^6 g,1.25,20.75,1
demersal,10^6 g,1.25,22.75,1
demersal,10^6 g,1.75,17.25,1
demersal,10^6 g,1.75,17.75,1
demersal,10^6 g,1.75,18.25,2
demersal,10^6 g,1.75,18.75,2
demersal,10^6 g,1.75,19.25,1
demersal,10^6 g,1.75,19.75,2
demersal,10^6 g,1.75,20.25,1
demersal,10^6 g,1.75,20.75,2
demersal,10^6 g,2.25,15.25,1
demersal,10^6 g,2.25,16.75,1
demersal,10^6 g,2.25,17.25,1
demersal,10^6 g,2.25,17.75,1
demersal,10^6 g,2.25,19.25,2
demersal,10^6 g,2.25,19.75,3
demersal,10^6 g,2.25,20.25,3
demersal,10^6 g,2.25,20.75,1
demersal,10^6 g,2.25,21.25,1
demersal,10^6 g,2.75,14.25,1
demersal,10^6 g,2.75,16.25,1
demersal,10^6 g,2.75,18.25,1
demersal,10^6 g,2.75,18.75,3
demersal,10^6 g,2.75,19.25,5
demersal,10^6 g,2.75,19.75,1
demersal,10^6 g,2.75,20.25,7
demersal,10^6 g,2.75,20.75,3
demersal,10^6 g,3.25,15.75,5
demersal,10^6 g,3.25,16.25,4
demersal,10^6 g,3.25,16.75,3
demersal,10^6 g,3.25,17.75,3
demersal,10^6 g,3.25,18.25,2
demersal,10^6 g,3.25,18.75,3
demersal,10^6 g,3.25,19.25,14
demersal,10^6 g,3.25,19.75,12
demersal,10^6 g,3.25,20.25,5
demersal,10^6 g,3.25,20.75,2
demersal,10^6 g,3.25,21.25,1
demersal,10^6 g,3.25,21.75,1
demersal,10^6 g,3.75,11.25,1
demersal,10^6 g,3.75,13.25,1
demersal,10^6 g,3.75,13.75,1
demersal,10^6 g,3.75,15.25,1
demersal,10^6 g,3.75,17.75,1
demersal,10^6 g,3.75,19.25,17
demersal,10^6 g,3.75,19.75,5
demersal,10^6 g,3.75,20.25,1
demersal,10^6 g,3.75,20.75,2
demersal,10^6 g,3.75,21.25,2
demersal,10^6 g,3.75,21.75,1
demersal,10^6 g,4.25,12.25,2
demersal,10^6 g,4.25,13.75,1
demersal,10^6 g,4.25,14.75,3
demersal,10^6 g,4.25,17.75,1
demersal,10^6 g,4.25,18.25,1
demersal,10^6 g,4.25,19.75,1
demersal,10^6 g,4.25,20.25,2
demersal,10^6 g,4.25,20.75,4
demersal,10^6 g,4.25,21.25,2
demersal,10^6 g,4.75,12.25,1
demersal,10^6 g,4.75,15.25,2
demersal,10^6 g,4.75,18.75,1
demersal,10^6 g,4.75,20.25,2
demersal,10^6 g,4.75,20.75,5
demersal,10^6 g,4.75,21.25,1
demersal,10^6 g,4.75,21.75,1
demersal,10^6 g,5.25,8.75,1
demersal,10^6 g,5.25,10.75,1
demersal,10^6 g,5.25,11.25,1
demersal,10^6 g,5.25,15.25,1
demersal,10^6 g,5.25,16.75,1
demersal,10^6 g,5.25,18.75,1
demersal,10^6 g,5.25,19.25,1
demersal,10^6 g,5.25,20.25,3
demersal,10^6 g,5.25,20.75,4
demersal,10^6 g,5.25,21.25,1
demersal,10^6 g,5.25,22.25,1
demersal,10^6 g,5.75,13.75,1
demersal,10^6 g,5.75,14.25,2
demersal,10^6 g,5.75,14.75,1
demersal,10^6 g,5.75,17.75,1
demersal,10^6 g,5.75,19.25,1
demersal,10^6 g,5.75,20.25,4
demersal,10^6 g,5.75,20.75,9
demersal,10^6 g,5.75,21.25,6
demersal,10^6 g,5.75,21.75,1
demersal,10^6 g,6.25,6.75,1
demersal,10^6 g,6.25,12.25,2
demersal,10^6 g,6.25,14.25,1
demersal,10^6 g,6.25,17.25,1
demersal,10^6 g,6.25,17.75,1
demersal,10^6 g,6.25,18.25,1
demersal,10^6 g,6.25,18.75,1
demersal,10^6 g,6.25,19.25,2
demersal,10^6 g,6.25,19.75,1
demersal,10^6 g,6.25,20.25,3
demersal,10^6 g,6.25,20.75,9
demersal,10^6 g,6.25,21.25,14
demersal,10^6 g,6.25,22.25,1
demersal,10^6 g,6.75,15.25,1
demersal,10^6 g,6.75,16.25,1
demersal,10^6 g,6.75,17.25,1
demersal,10^6 g,6.75,17.75,3
demersal,10^6 g,6.75,18.25,1
demersal,10^6 g,6.75,19.25,1
demersal,10^6 g,6.75,19.75,1
demersal,10^6 g,6.75,20.25,5
demersal,10^6 g,6.75,20.75,8
demersal,10^6 g,6.75,21.25,10
demersal,10^6 g,6.75,21.75,1
demersal,10^6 g,6.75,22.25,1
demersal,10^6 g,7.25,15.25,1
demersal,10^6 g,7.25,16.25,2
demersal,10^6 g,7.25,17.25,1
demersal,10^6 g,7.25,17.75,1
demersal,10^6 g,7.25,19.25,3
demersal,10^6 g,7.25,19.75,11
demersal,10^6 g,7.25,20.25,9
demersal,10^6 g,7.25,20.75,19
demersal,10^6 g,7.25,21.25,1
demersal,10^6 g,7.25,21.75,2
demersal,10^6 g,7.75,14.75,2
demersal,10^6 g,7.75,17.25,1
demersal,10^6 g,7.75,17.75,1
demersal,10^6 g,7.75,18.25,1
demersal,10^6 g,7.75,19.75,3
demersal,10^6 g,7.75,20.25,16
demersal,10^6 g,7.75,20.75,2
demersal,10^6 g,7.75,21.25,5
demersal,10^6 g,7.75,21.75,3
demersal,10^6 g,8.25,15.75,2
demersal,10^6 g,8.25,16.25,1
demersal,10^6 g,8.25,16.75,1
demersal,10^6 g,8.25,17.25,1
demersal,10^6 g,8.25,17.75,2
demersal,10^6 g,8.25,20.25,6
demersal,10^6 g,8.25,20.75,14
demersal,10^6 g,8.25,21.25,3
demersal,10^6 g,8.25,21.75,2
demersal,10^6 g,8.75,6.75,1
demersal,10^6 g,8.75,14.25,1
demersal,10^6 g,8.75,14.75,1
demersal,10^6 g,8.75,17.25,2
demersal,10^6 g,8.75,17.75,1
demersal,10^6 g,8.75,18.25,1
demersal,10^6 g,8.75,19.25,1
demersal,10^6 g,8.75,19.75,1
demersal,10^6 g,8.75,20.25,2
demersal,10^6 g,8.75,20.75,1
demersal,10^6 g,8.75,21.25,2
demersal,10^6 g,8.75,21.75,5
demersal,10^6 g,9.25,16.75,1
demersal,10^6 g,9.25,17.25,6
demersal,10^6 g,9.25,20.25,1
demersal,10^6 g,9.25,20.75,1
demersal,10^6 g,9.25,21.25,1
demersal,10^6 g,9.25,21.75,2
demersal,10^6 g,9.25,22.25,1
demersal,10^6 g,9.75,3.25,1
demersal,10^6 g,9.75,4.25,1
demersal,10^6 g,9.75,15.75,1
demersal,10^6 g,9.75,16.25,1
demersal,10^6 g,9.75,17.25,1
demersal,10^6 g,9.75,17.75,2
demersal,10^6 g,9.75,19.25,1
demersal,10^6 g,9.75,19.75,3
demersal,10^6 g,9.75,20.25,3
demersal,10^6 g,9.75,20.75,2
demersal,10^6 g,9.75,21.25,2
demersal,10^6 g,10.25,2.25,1
demersal,10^6 g,10.25,15.75,1
demersal,10^6 g,10.25,17.75,2
demersal,10^6 g,10.25,19.75,16
demersal,10^6 g,10.25,20.25,6
demersal,10^6 g,10.25,20.75,1
demersal,10^6 g,10.25,21.75,1
demersal,10^6 g,10.75,15.75,1
demersal,10^6 g,10.75,18.25,1
demersal,10^6 g,10.75,19.75,2
demersal,10^6 g,10.75,20.25,10
demersal,10^6 g,10.75,21.25,1
demersal,10^6 g,10.75,21.75,1
demersal,10^6 g,11.25,15.25,1
demersal,10^6 g,11.25,16.25,1
demersal,10^6 g,11.25,17.25,1
demersal,10^6 g,11.25,18.75,2
demersal,10^6 g,11.25,21.25,1
demersal,10^6 g,11.75,4.25,1
demersal,10^6 g,11.75,18.25,1
demersal,10^6 g,11.75,21.75,1
demersal,10^6 g,12.75,18.75,1
demersal,10^6 g,12.75,22.25,1
demersal,10^6 g,13.25,19.25,1
demersal,10^6 g,13.25,22.25,1
demersal,10^6 g,13.75,15.75,1
demersal,10^6 g,13.75,18.75,1
demersal,10^6 g,13.75,19.75,3
demersal,10^6 g,13.75,22.25,1
demersal,10^6 g,14.25,16.75,1
demersal,10^6 g,14.25,17.75,1
demersal,10^6 g,14.25,19.75,4
demersal,10^6 g,14.25,20.25,1
demersal,10^6 g,14.75,20.25,2
demersal,10^6 g,14.75,20.75,3
demersal,10^6 g,14.75,21.25,6
demersal,10^6 g,14.75,21.75,1
demersal,10^6 g,15.25,18.75,1
demersal,10^6 g,15.25,20.25,1
demersal,10^6 g,15.25,21.25,1
demersal,10^6 g,15.25,21.75,2
demersal,10^6 g,15.25,22.25,1
demersal,10^6 g,15.75,9.75,1
demersal,10^6 g,15.75,15.25,1
demersal,10^6 g,15.75,15.75,1
demersal,10^6 g,15.75,17.75,1
demersal,10^6 g,15.75,20.25,1
demersal,10^6 g,16.25,15.75,2
demersal,10^6 g,16.25,16.25,2
demersal,10^6 g,16.25,20.25,2
demersal,10^6 g,16.25,20.75,1
demersal,10^6 g,16.25,21.25,3
demersal,10^6 g,16.25,22.25,1
demersal,10^6 g,16.25,22.75,1
demersal,10^6 g,16.75,16.25,3
demersal,10^6 g,16.75,16.75,2
demersal,10^6 g,16.75,17.25,1
demersal,10^6 g,16.75,20.25,2
demersal,10^6 g,16.75,20.75,2
demersal,10^6 g,16.75,21.25,2
demersal,10^6 g,16.75,22.75,1
demersal,10^6 g,17.25,16.25,1
demersal,10^6 g,17.25,17.25,1
demersal,10^6 g,17.25,19.25,1
demersal,10^6 g,17.25,19.75,1
demersal,10^6 g,17.25,20.25,1
demersal,10^6 g,17.25,20.75,5
demersal,10^6 g,17.25,21.25,6
demersal,10^6 g,17.75,10.25,1
demersal,10^6 g,17.75,16.75,1
demersal,10^6 g,17.75,20.25,4
demersal,10^6 g,17.75,20.75,3
demersal,10^6 g,17.75,21.25,7
demersal,10^6 g,17.75,21.75,3
demersal,10^6 g,18.25,20.75,4
demersal,10^6 g,18.25,21.25,3
demersal,10^6 g,18.25,21.75,3
demersal,10^6 g,18.25,22.25,1
demersal,10^6 g,18.75,17.75,2
demersal,10^6 g,18.75,21.25,7
demersal,10^6 g,18.75,21.75,1
demersal,10^6 g,18.75,22.25,1
demersal,10^6 g,19.25,21.25,3
demersal,10^6 g,19.25,22.25,2
demersal,10^6 g,19.75,18.25,1
demersal,10^6 g,19.75,22.25,2
demersal,10^6 g,19.75,22.75,1
demersal,10^6 g,20.25,19.75,1
demersal,10^6 g,20.25,20.25,1
demersal,10^6 g,20.25,22.75,1
demersal,10^6 g,20.75,20.25,3
demersal,10^6 g,20.75,20.75,2
demersal,10^6 g,20.75,22.25,3
demersal,10^6 g,20.75,22.75,1
demersal,10^6 g,21.25,17.25,1
demersal,10^6 g,21.25,19.75,1
demersal,10^6 g,21.25,20.75,3
demersal,10^6 g,21.25,21.25,1
demersal,10^6 g,21.25,22.25,4
demersal,10^6 g,21.25,22.75,1
demersal,10^6 g,21.75,20.75,1
demersal,10^6 g,21.75,21.25,1
demersal,10^6 g,21.75,22.25,3
demersal,10^6 g,22.25,21.25,1
demersal,10^6 g,22.25,22.25,1
demersal,10^6 g,22.75,21.25,1
demersal,10^6 g,22.75,22.25,1
demersal,10^6 g,23.25,21.25,1
demersal,10^6 g,23.25,22.25,1
demersal,10^6 g,23.25,22.75,1
demersal,10^6 g,23.75,16.75,1
demersal,10^6 g,23.75,20.75,2
demersal,10^6 g,23.75,22.25,1
demersal,10^6 g,23.75,22.75,1
demersal,10^6 g,24.25,19.75,1
demersal,10^6 g,24.25,21.25,1
demersal,10^6 g,25.25,18.25,1
demersal,10^6 g,25.25,19.75,1
demersal,10^6 g,25.25,21.75,1
demersal,10^6 g,25.75,21.75,1
demersal,10^6 g,26.25,16.25,1
demersal,10^6 g,26.75,17.75,1
demersal,10^6 g,27.25,13.75,1
demersal,10^6 g,27.25,17.75,3
demersal,10^6 g,27.25,19.25,2
demersal,10^6 g,27.25,19.75,1
demersal,10^6 g,27.25,21.25,2
demersal,10^6 g,27.75,18.25,1
demersal,10^6 g,27.75,19.75,1
demersal,10^6 g,27.75,21.25,1
demersal,10^6 g,28.25,18.25,1
demersal,10^6 g,28.25,20.25,1
demersal,10^7 g,24.25,21.75,1
demersal,10^7 g,24.75,18.75,1
demersal,10^7 g,24.75,19.75,1
demersal,10^7 g,25.25,21.75,1
demersal,10^7 g,25.75,20.75,1
demersal,10^7 g,26.25,21.25,1
demersal,10^7 g,26.75,20.75,1
demersal,10^7 g,26.75,21.75,1
demersal,10^7 g,27.25,17.75,1
demersal,10^7 g,27.25,21.25,3
demersal,10^7 g,27.75,19.25,1
demersal,10^7 g,27.75,19.75,1
demersal,10^7 g,27.75,21.25,2
demersal,10^7 g,27.75,21.75,1
demersal,10^7 g,28.25,18.25,1
demersal,10^7 g,28.25,20.75,1
demersal,10^7 g,28.25,21.25,1
demersal,10^7 g,29.25,21.75,2
epipelagic,10^-2 g,1.25,10.25,1
epipelagic,10^-2 g,1.75,9.75,1
epipelagic,10^-2 g,2.75,4.25,1
epipelagic,10^-2 g,2.75,6.75,2
epipelagic,10^-2 g,2.75,7.25,1
epipelagic,10^-2 g,2.75,8.75,1
epipelagic,10^-2 g,2.75,9.25,1
epipelagic,10^-2 g,3.25,6.25,1
epipelagic,10^-2 g,3.25,6.75,1
epipelagic,10^-2 g,3.75,5.75,3
epipelagic,10^-2 g,3.75,6.25,1
epipelagic,10^-2 g,3.75,6.75,1
epipelagic,10^-2 g,3.75,7.25,1
epipelagic,10^-2 g,3.75,7.75,2
epipelagic,10^-2 g,3.75,11.25,1
epipelagic,10^-2 g,4.25,5.75,5
epipelagic,10^-2 g,4.25,6.75,2
epipelagic,10^-2 g,4.75,5.75,6
epipelagic,10^-2 g,4.75,6.75,5
epipelagic,10^-2 g,4.75,7.25,2
epipelagic,10^-2 g,4.75,8.75,1
epipelagic,10^-2 g,4.75,9.25,1
epipelagic,10^-2 g,5.25,5.75,3
epipelagic,10^-2 g,5.25,7.75,1
epipelagic,10^-2 g,5.75,5.25,2
epipelagic,10^-2 g,6.25,4.75,1
epipelagic,10^-2 g,6.25,7.25,1
epipelagic,10^-2 g,6.75,3.75,1
epipelagic,10^-2 g,6.75,4.25,2
epipelagic,10^-2 g,6.75,4.75,1
epipelagic,10^-2 g,6.75,8.75,1
epipelagic,10^-2 g,6.75,10.75,1
epipelagic,10^-2 g,7.25,2.75,1
epipelagic,10^-2 g,7.25,3.75,4
epipelagic,10^-2 g,7.25,5.75,1
epipelagic,10^-2 g,7.75,3.25,1
epipelagic,10^-2 g,7.75,3.75,1
epipelagic,10^-2 g,7.75,7.25,1
epipelagic,10^-2 g,7.75,13.25,1
epipelagic,10^-2 g,8.25,3.25,5
epipelagic,10^-2 g,8.25,4.75,1
epipelagic,10^-2 g,8.25,5.25,1
epipelagic,10^-2 g,8.25,6.75,1
epipelagic,10^-2 g,8.25,7.75,1
epipelagic,10^-2 g,8.25,9.25,1
epipelagic,10^-2 g,8.75,3.75,1
epipelagic,10^-2 g,8.75,4.75,1
epipelagic,10^-2 g,9.75,3.25,1
epipelagic,10^-2 g,9.75,4.25,2
epipelagic,10^-2 g,9.75,4.75,1
epipelagic,10^-2 g,10.25,5.25,1
epipelagic,10^-2 g,10.25,5.75,1
epipelagic,10^-2 g,10.75,6.25,1
epipelagic,10^-2 g,10.75,8.25,1
epipelagic,10^-2 g,11.25,4.75,3
epipelagic,10^-2 g,11.25,5.25,1
epipelagic,10^-2 g,11.25,7.75,1
epipelagic,10^-2 g,11.75,6.25,1
epipelagic,10^-2 g,11.75,10.25,1
epipelagic,10^-2 g,11.75,11.25,1
epipelagic,10^-2 g,12.25,5.75,1
epipelagic,10^-2 g,12.25,6.75,1
epipelagic,10^-2 g,12.75,12.75,1
epipelagic,10^-2 g,13.75,9.75,1
epipelagic,10^-2 g,13.75,15.25,1
epipelagic,10^-2 g,14.25,10.25,1
epipelagic,10^-2 g,14.25,12.75,1
epipelagic,10^-2 g,14.75,5.75,1
epipelagic,10^-2 g,14.75,9.75,1
epipelagic,10^-2 g,15.25,10.75,1
epipelagic,10^-2 g,15.25,13.75,1
epipelagic,10^-2 g,15.25,14.75,1
epipelagic,10^-2 g,15.75,12.75,1
epipelagic,10^-2 g,16.25,12.25,1
epipelagic,10^-2 g,17.75,11.75,1
epipelagic,10^-2 g,17.75,12.25,1
epipelagic,10^-2 g,18.25,12.75,2
epipelagic,10^-2 g,19.25,13.25,1
epipelagic,10^-2 g,21.25,20.75,1
epipelagic,10^-2 g,21.75,15.25,1
epipelagic,10^-2 g,21.75,17.25,1
epipelagic,10^-2 g,22.75,10.25,1
epipelagic,10^-2 g,23.25,11.75,1
epipelagic,10^-2 g,23.25,14.75,1
epipelagic,10^-2 g,23.25,17.25,1
epipelagic,10^-2 g,23.25,17.75,1
epipelagic,10^-2 g,23.25,20.75,1
epipelagic,10^-2 g,23.75,17.75,1
epipelagic,10^-2 g,24.25,14.75,1
epipelagic,10^-2 g,24.25,21.75,1
epipelagic,10^-2 g,24.75,15.75,1
epipelagic,10^-2 g,24.75,16.25,1
epipelagic,10^-2 g,24.75,16.75,1
epipelagic,10^-2 g,24.75,19.25,1
epipelagic,10^-2 g,24.75,21.25,1
epipelagic,10^-2 g,25.25,17.25,1
epipelagic,10^-2 g,25.25,18.25,1
epipelagic,10^-2 g,25.25,21.25,1
epipelagic,10^-2 g,25.75,18.25,1
epipelagic,10^-2 g,25.75,19.25,2
epipelagic,10^-2 g,26.25,18.75,1
epipelagic,10^-2 g,26.25,19.25,1
epipelagic,10^-2 g,26.25,19.75,1
epipelagic,10^-2 g,26.25,21.25,1
epipelagic,10^-2 g,26.25,21.75,1
epipelagic,10^-2 g,26.75,17.25,1
epipelagic,10^-2 g,26.75,19.25,2
epipelagic,10^-2 g,26.75,20.25,1
epipelagic,10^-2 g,27.25,20.25,2
epipelagic,10^-2 g,28.25,18.75,1
epipelagic,10^-2 g,28.25,21.25,1
epipelagic,10^-2 g,28.75,21.75,1
epipelagic,10^-1 g,2.75,11.25,1
epipelagic,10^-1 g,3.25,8.75,1
epipelagic,10^-1 g,3.25,16.25,1
epipelagic,10^-1 g,3.75,11.75,1
epipelagic,10^-1 g,3.75,16.75,1
epipelagic,10^-1 g,3.75,17.25,2
epipelagic,10^-1 g,7.25,2.75,1
epipelagic,10^-1 g,7.25,6.25,1
epipelagic,10^-1 g,8.25,6.75,1
epipelagic,10^-1 g,9.25,16.75,1
epipelagic,10^-1 g,9.75,1.75,1
epipelagic,10^-1 g,9.75,16.25,1
epipelagic,10^-1 g,10.25,5.25,1
epipelagic,10^-1 g,10.25,5.75,2
epipelagic,10^-1 g,10.75,2.25,1
epipelagic,10^-1 g,10.75,6.25,1
epipelagic,10^-1 g,11.25,7.25,1
epipelagic,10^-1 g,11.75,6.25,1
epipelagic,10^-1 g,11.75,13.25,1
epipelagic,10^-1 g,13.75,14.75,1
epipelagic,10^-1 g,14.25,0.75,1
epipelagic,10^-1 g,14.25,15.75,1
epipelagic,10^-1 g,14.75,0.75,1
epipelagic,10^-1 g,14.75,6.25,1
epipelagic,10^-1 g,14.75,18.75,1
epipelagic,10^-1 g,15.25,6.25,1
epipelagic,10^-1 g,15.25,8.75,1
epipelagic,10^-1 g,15.25,19.75,1
epipelagic,10^-1 g,15.75,9.75,1
epipelagic,10^-1 g,16.75,15.75,1
epipelagic,10^-1 g,17.25,10.75,1
epipelagic,10^-1 g,17.75,18.25,1
epipelagic,10^-1 g,18.25,1.25,1
epipelagic,10^-1 g,18.25,19.25,1
epipelagic,10^-1 g,22.75,10.25,1
epipelagic,10^-1 g,23.25,19.75,1
epipelagic,10^-1 g,23.75,21.25,1
epipelagic,10^-1 g,24.75,12.25,1
epipelagic,10^-1 g,24.75,19.25,1
epipelagic,10^-1 g,25.25,12.75,1
epipelagic,10^-1 g,25.25,18.75,1
epipelagic,10^-1 g,26.75,18.25,1
epipelagic,10^-1 g,27.25,21.75,1
epipelagic,10^-1 g,27.75,20.75,1
epipelagic,10^-1 g,27.75,21.25,1
epipelagic,10^-1 g,27.75,21.75,1
epipelagic,10^-1 g,28.25,21.25,1
epipelagic,10^-1 g,28.75,20.75,1
epipelagic,10^-1 g,28.75,21.75,1
epipelagic,10^-1 g,29.25,21.25,1
epipelagic,10^-1 g,29.25,21.75,1
epipelagic,10^0 g,0.25,13.75,1
epipelagic,10^0 g,0.25,16.75,1
epipelagic,10^0 g,0.25,17.25,1
epipelagic,10^0 g,0.25,19.25,1
epipelagic,10^0 g,0.25,19.75,1
epipelagic,10^0 g,0.75,14.25,2
epipelagic,10^0 g,0.75,14.75,1
epipelagic,10^0 g,0.75,19.25,1
epipelagic,10^0 g,0.75,19.75,1
epipelagic,10^0 g,0.75,20.75,1
epipelagic,10^0 g,1.25,10.25,1
epipelagic,10^0 g,1.25,13.25,1
epipelagic,10^0 g,1.25,19.75,3
epipelagic,10^0 g,1.25,20.75,1
epipelagic,10^0 g,1.75,9.25,2
epipelagic,10^0 g,1.75,11.75,1
epipelagic,10^0 g,1.75,13.25,1
epipelagic,10^0 g,1.75,13.75,1
epipelagic,10^0 g,1.75,14.75,2
epipelagic,10^0 g,1.75,15.25,2
epipelagic,10^0 g,1.75,15.75,2
epipelagic,10^0 g,1.75,16.25,1
epipelagic,10^0 g,1.75,20.25,3
epipelagic,10^0 g,2.25,11.75,1
epipelagic,10^0 g,2.25,12.25,2
epipelagic,10^0 g,2.25,13.75,2
epipelagic,10^0 g,2.25,14.25,1
epipelagic,10^0 g,2.25,14.75,1
epipelagic,10^0 g,2.25,16.75,1
epipelagic,10^0 g,2.25,19.75,1
epipelagic,10^0 g,2.25,20.75,2
epipelagic,10^0 g,2.25,21.25,1
epipelagic,10^0 g,2.75,6.75,3
epipelagic,10^0 g,2.75,7.25,1
epipelagic,10^0 g,2.75,12.25,1
epipelagic,10^0 g,2.75,12.75,1
epipelagic,10^0 g,2.75,13.25,4
epipelagic,10^0 g,2.75,14.25,2
epipelagic,10^0 g,2.75,14.75,3
epipelagic,10^0 g,2.75,15.25,1
epipelagic,10^0 g,2.75,17.25,1
epipelagic,10^0 g,2.75,17.75,1
epipelagic,10^0 g,2.75,19.75,2
epipelagic,10^0 g,3.25,3.75,2
epipelagic,10^0 g,3.25,4.25,1
epipelagic,10^0 g,3.25,5.75,1
epipelagic,10^0 g,3.25,8.25,1
epipelagic,10^0 g,3.25,12.25,1
epipelagic,10^0 g,3.25,12.75,1
epipelagic,10^0 g,3.25,13.25,1
epipelagic,10^0 g,3.25,16.75,1
epipelagic,10^0 g,3.25,20.25,2
epipelagic,10^0 g,3.25,21.25,5
epipelagic,10^0 g,3.25,21.75,2
epipelagic,10^0 g,3.75,5.75,2
epipelagic,10^0 g,3.75,6.25,3
epipelagic,10^0 g,3.75,6.75,2
epipelagic,10^0 g,3.75,7.25,1
epipelagic,10^0 g,3.75,7.75,1
epipelagic,10^0 g,3.75,11.25,1
epipelagic,10^0 g,3.75,13.75,1
epipelagic,10^0 g,3.75,14.75,1
epipelagic,10^0 g,3.75,15.25,1
epipelagic,10^0 g,3.75,15.75,1
epipelagic,10^0 g,3.75,16.75,2
epipelagic,10^0 g,3.75,20.75,1
epipelagic,10^0 g,3.75,21.25,1
epipelagic,10^0 g,3.75,21.75,4
epipelagic,10^0 g,4.25,1.25,1
epipelagic,10^0 g,4.25,2.25,1
epipelagic,10^0 g,4.25,2.75,1
epipelagic,10^0 g,4.25,5.75,12
epipelagic,10^0 g,4.25,6.75,2
epipelagic,10^0 g,4.25,10.75,1
epipelagic,10^0 g,4.25,13.25,1
epipelagic,10^0 g,4.25,14.25,2
epipelagic,10^0 g,4.25,15.75,1
epipelagic,10^0 g,4.25,17.75,1
epipelagic,10^0 g,4.25,21.75,3
epipelagic,10^0 g,4.75,1.75,1
epipelagic,10^0 g,4.75,2.25,1
epipelagic,10^0 g,4.75,3.25,2
epipelagic,10^0 g,4.75,5.75,6
epipelagic,10^0 g,4.75,6.25,2
epipelagic,10^0 g,4.75,6.75,5
epipelagic,10^0 g,4.75,7.25,1
epipelagic,10^0 g,4.75,10.75,1
epipelagic,10^0 g,4.75,12.25,1
epipelagic,10^0 g,4.75,14.25,1
epipelagic,10^0 g,4.75,15.25,1
epipelagic,10^0 g,4.75,21.25,2
epipelagic,10^0 g,4.75,21.75,4
epipelagic,10^0 g,5.25,1.25,1
epipelagic,10^0 g,5.25,1.75,2
epipelagic,10^0 g,5.25,2.75,1
epipelagic,10^0 g,5.25,5.25,1
epipelagic,10^0 g,5.25,5.75,5
epipelagic,10^0 g,5.25,20.75,1
epipelagic,10^0 g,5.25,21.75,3
epipelagic,10^0 g,5.75,5.25,1
epipelagic,10^0 g,5.75,5.75,1
epipelagic,10^0 g,5.75,6.75,1
epipelagic,10^0 g,5.75,7.25,1
epipelagic,10^0 g,5.75,7.75,1
epipelagic,10^0 g,5.75,14.75,1
epipelagic,10^0 g,5.75,15.75,1
epipelagic,10^0 g,5.75,16.75,1
epipelagic,10^0 g,5.75,17.25,1
epipelagic,10^0 g,5.75,21.75,3
epipelagic,10^0 g,6.25,4.25,1
epipelagic,10^0 g,6.25,4.75,1
epipelagic,10^0 g,6.25,7.25,1
epipelagic,10^0 g,6.25,9.25,1
epipelagic,10^0 g,6.25,14.75,1
epipelagic,10^0 g,6.25,20.75,1
epipelagic,10^0 g,6.75,1.75,1
epipelagic,10^0 g,6.75,3.75,1
epipelagic,10^0 g,6.75,4.25,6
epipelagic,10^0 g,6.75,4.75,1
epipelagic,10^0 g,6.75,5.75,1
epipelagic,10^0 g,6.75,10.75,1
epipelagic,10^0 g,6.75,18.25,2
epipelagic,10^0 g,6.75,19.25,1
epipelagic,10^0 g,7.25,0.75,1
epipelagic,10^0 g,7.25,3.75,7
epipelagic,10^0 g,7.25,4.75,1
epipelagic,10^0 g,7.25,5.25,1
epipelagic,10^0 g,7.25,5.75,1
epipelagic,10^0 g,7.25,6.25,1
epipelagic,10^0 g,7.25,7.75,1
epipelagic,10^0 g,7.25,12.75,1
epipelagic,10^0 g,7.25,13.25,1
epipelagic,10^0 g,7.25,16.75,1
epipelagic,10^0 g,7.25,18.25,1
epipelagic,10^0 g,7.25,20.75,1
epipelagic,10^0 g,7.25,21.25,1
epipelagic,10^0 g,7.75,3.25,1
epipelagic,10^0 g,7.75,6.25,2
epipelagic,10^0 g,7.75,7.25,1
epipelagic,10^0 g,7.75,7.75,1
epipelagic,10^0 g,7.75,17.25,1
epipelagic,10^0 g,7.75,21.25,1
epipelagic,10^0 g,8.25,3.25,3
epipelagic,10^0 g,8.25,4.75,2
epipelagic,10^0 g,8.25,5.25,2
epipelagic,10^0 g,8.25,5.75,1
epipelagic,10^0 g,8.25,6.75,1
epipelagic,10^0 g,8.25,7.75,1
epipelagic,10^0 g,8.25,10.25,1
epipelagic,10^0 g,8.25,20.75,1
epipelagic,10^0 g,8.25,22.75,1
epipelagic,10^0 g,8.75,1.75,1
epipelagic,10^0 g,8.75,3.25,2
epipelagic,10^0 g,8.75,3.75,1
epipelagic,10^0 g,8.75,4.75,4
epipelagic,10^0 g,8.75,5.25,1
epipelagic,10^0 g,8.75,12.75,1
epipelagic,10^0 g,8.75,19.75,1
epipelagic,10^0 g,8.75,21.25,1
epipelagic,10^0 g,8.75,21.75,1
epipelagic,10^0 g,9.25,5.25,2
epipelagic,10^0 g,9.25,18.75,1
epipelagic,10^0 g,9.25,20.25,1
epipelagic,10^0 g,9.25,21.75,1
epipelagic,10^0 g,9.75,0.25,1
epipelagic,10^0 g,9.75,1.25,1
epipelagic,10^0 g,9.75,3.25,2
epipelagic,10^0 g,9.75,4.25,1
epipelagic,10^0 g,9.75,4.75,1
epipelagic,10^0 g,9.75,6.75,1
epipelagic,10^0 g,9.75,9.75,1
epipelagic,10^0 g,9.75,16.25,2
epipelagic,10^0 g,9.75,18.75,1
epipelagic,10^0 g,9.75,19.25,1
epipelagic,10^0 g,10.25,4.75,1
epipelagic,10^0 g,10.25,5.75,3
epipelagic,10^0 g,10.25,14.25,1
epipelagic,10^0 g,10.25,15.25,1
epipelagic,10^0 g,10.25,16.75,1
epipelagic,10^0 g,10.25,22.25,1
epipelagic,10^0 g,10.75,1.25,1
epipelagic,10^0 g,10.75,3.25,1
epipelagic,10^0 g,10.75,4.25,1
epipelagic,10^0 g,10.75,4.75,1
epipelagic,10^0 g,10.75,6.25,1
epipelagic,10^0 g,10.75,7.25,1
epipelagic,10^0 g,10.75,15.75,1
epipelagic,10^0 g,10.75,16.25,1
epipelagic,10^0 g,10.75,16.75,1
epipelagic,10^0 g,11.25,0.75,1
epipelagic,10^0 g,11.25,1.25,2
epipelagic,10^0 g,11.25,4.75,2
epipelagic,10^0 g,11.25,5.25,2
epipelagic,10^0 g,11.25,6.25,2
epipelagic,10^0 g,11.25,7.75,1
epipelagic,10^0 g,11.25,22.25,2
epipelagic,10^0 g,11.75,1.75,1
epipelagic,10^0 g,11.75,2.25,1
epipelagic,10^0 g,11.75,5.25,1
epipelagic,10^0 g,11.75,10.25,1
epipelagic,10^0 g,11.75,14.75,1
epipelagic,10^0 g,11.75,16.75,2
epipelagic,10^0 g,11.75,17.25,1
epipelagic,10^0 g,11.75,21.25,1
epipelagic,10^0 g,12.25,6.25,1
epipelagic,10^0 g,12.25,7.25,1
epipelagic,10^0 g,12.25,21.25,2
epipelagic,10^0 g,12.25,21.75,3
epipelagic,10^0 g,12.25,22.25,6
epipelagic,10^0 g,12.75,8.25,1
epipelagic,10^0 g,12.75,16.75,1
epipelagic,10^0 g,12.75,17.25,1
epipelagic,10^0 g,12.75,21.75,11
epipelagic,10^0 g,12.75,22.25,6
epipelagic,10^0 g,13.25,6.75,1
epipelagic,10^0 g,13.25,7.25,1
epipelagic,10^0 g,13.25,8.75,1
epipelagic,10^0 g,13.25,9.75,2
epipelagic,10^0 g,13.25,11.25,1
epipelagic,10^0 g,13.25,17.75,2
epipelagic,10^0 g,13.25,18.25,1
epipelagic,10^0 g,13.25,21.75,6
epipelagic,10^0 g,13.75,15.25,1
epipelagic,10^0 g,13.75,17.25,1
epipelagic,10^0 g,13.75,17.75,1
epipelagic,10^0 g,13.75,21.75,5
epipelagic,10^0 g,14.25,0.75,1
epipelagic,10^0 g,14.25,7.75,1
epipelagic,10^0 g,14.25,9.25,1
epipelagic,10^0 g,14.25,10.25,1
epipelagic,10^0 g,14.25,17.25,1
epipelagic,10^0 g,14.25,21.75,3
epipelagic,10^0 g,14.75,0.75,1
epipelagic,10^0 g,14.75,6.25,1
epipelagic,10^0 g,14.75,10.25,1
epipelagic,10^0 g,14.75,13.75,1
epipelagic,10^0 g,14.75,22.25,1
epipelagic,10^0 g,15.25,10.75,1
epipelagic,10^0 g,15.25,11.25,1
epipelagic,10^0 g,15.25,18.25,1
epipelagic,10^0 g,15.25,22.25,1
epipelagic,10^0 g,15.75,0.75,1
epipelagic,10^0 g,15.75,12.75,1
epipelagic,10^0 g,15.75,13.25,1
epipelagic,10^0 g,15.75,22.25,1
epipelagic,10^0 g,16.25,10.25,1
epipelagic,10^0 g,16.25,12.25,2
epipelagic,10^0 g,16.25,13.75,1
epipelagic,10^0 g,16.25,14.75,1
epipelagic,10^0 g,16.25,15.25,1
epipelagic,10^0 g,16.25,20.25,1
epipelagic,10^0 g,16.75,14.75,1
epipelagic,10^0 g,16.75,15.75,1
epipelagic,10^0 g,16.75,22.75,1
epipelagic,10^0 g,17.25,21.75,2
epipelagic,10^0 g,17.75,11.75,2
epipelagic,10^0 g,17.75,12.25,1
epipelagic,10^0 g,17.75,18.75,1
epipelagic,10^0 g,17.75,21.75,1
epipelagic,10^0 g,18.25,18.25,1
epipelagic,10^0 g,18.75,14.75,1
epipelagic,10^0 g,18.75,18.75,1
epipelagic,10^0 g,18.75,21.25,1
epipelagic,10^0 g,19.75,15.75,1
epipelagic,10^0 g,19.75,16.75,1
epipelagic,10^0 g,19.75,21.75,1
epipelagic,10^0 g,19.75,22.25,1
epipelagic,10^0 g,20.25,13.75,1
epipelagic,10^0 g,20.25,20.75,2
epipelagic,10^0 g,20.75,17.25,1
epipelagic,10^0 g,20.75,18.75,1
epipelagic,10^0 g,20.75,21.75,1
epipelagic,10^0 g,21.75,17.25,1
epipelagic,10^0 g,22.25,18.75,1
epipelagic,10^0 g,22.25,20.25,1
epipelagic,10^0 g,22.25,21.75,1
epipelagic,10^0 g,22.75,10.25,1
epipelagic,10^0 g,22.75,14.75,1
epipelagic,10^0 g,22.75,15.75,1
epipelagic,10^0 g,22.75,19.25,1
epipelagic,10^0 g,22.75,21.25,1
epipelagic,10^0 g,23.25,11.75,1
epipelagic,10^0 g,23.25,17.25,1
epipelagic,10^0 g,23.25,17.75,1
epipelagic,10^0 g,23.25,21.75,1
epipelagic,10^0 g,23.25,22.25,1
epipelagic,10^0 g,23.75,16.75,1
epipelagic,10^0 g,23.75,17.25,1
epipelagic,10^0 g,23.75,17.75,1
epipelagic,10^0 g,23.75,20.75,1
epipelagic,10^0 g,24.25,17.25,1
epipelagic,10^0 g,24.25,18.25,1
epipelagic,10^0 g,24.25,19.75,1
epipelagic,10^0 g,24.25,21.25,1
epipelagic,10^0 g,24.25,21.75,1
epipelagic,10^0 g,24.25,22.25,1
epipelagic,10^0 g,24.75,15.75,1
epipelagic,10^0 g,24.75,16.75,1
epipelagic,10^0 g,24.75,17.75,2
epipelagic,10^0 g,24.75,18.25,1
epipelagic,10^0 g,24.75,19.25,2
epipelagic,10^0 g,24.75,20.75,4
epipelagic,10^0 g,24.75,21.25,2
epipelagic,10^0 g,24.75,21.75,2
epipelagic,10^0 g,25.25,18.75,2
epipelagic,10^0 g,25.25,20.75,3
epipelagic,10^0 g,25.25,21.25,2
epipelagic,10^0 g,25.25,21.75,3
epipelagic,10^0 g,25.25,22.25,1
epipelagic,10^0 g,25.75,18.75,2
epipelagic,10^0 g,25.75,19.25,2
epipelagic,10^0 g,25.75,20.75,1
epipelagic,10^0 g,25.75,21.25,2
epipelagic,10^0 g,26.25,18.75,2
epipelagic,10^0 g,26.25,19.25,2
epipelagic,10^0 g,26.25,19.75,1
epipelagic,10^0 g,26.25,20.25,1
epipelagic,10^0 g,26.25,20.75,1
epipelagic,10^0 g,26.25,21.75,1
epipelagic,10^0 g,26.75,17.25,1
epipelagic,10^0 g,26.75,18.25,1
epipelagic,10^0 g,26.75,19.25,1
epipelagic,10^0 g,26.75,19.75,1
epipelagic,10^0 g,26.75,20.25,1
epipelagic,10^0 g,26.75,21.25,1
epipelagic,10^0 g,26.75,21.75,1
epipelagic,10^0 g,27.25,17.25,1
epipelagic,10^0 g,27.25,20.25,1
epipelagic,10^0 g,27.25,20.75,2
epipelagic,10^0 g,27.25,21.25,3
epipelagic,10^0 g,27.25,21.75,2
epipelagic,10^0 g,27.75,20.25,1
epipelagic,10^0 g,27.75,20.75,2
epipelagic,10^0 g,27.75,21.25,1
epipelagic,10^0 g,27.75,21.75,3
epipelagic,10^0 g,28.25,21.25,3
epipelagic,10^0 g,28.25,21.75,2
epipelagic,10^0 g,28.75,19.75,1
epipelagic,10^0 g,28.75,21.75,1
epipelagic,10^0 g,29.25,22.25,1
epipelagic,10^1 g,0.25,17.25,1
epipelagic,10^1 g,0.25,17.75,33
epipelagic,10^1 g,0.25,18.25,30
epipelagic,10^1 g,0.25,18.75,11
epipelagic,10^1 g,0.25,19.25,1
epipelagic,10^1 g,0.25,19.75,2
epipelagic,10^1 g,0.25,20.75,1
epipelagic,10^1 g,0.75,13.75,1
epipelagic,10^1 g,0.75,18.75,1
epipelagic,10^1 g,0.75,19.25,6
epipelagic,10^1 g,0.75,19.75,3
epipelagic,10^1 g,0.75,20.25,2
epipelagic,10^1 g,1.25,18.75,2
epipelagic,10^1 g,1.25,19.75,4
epipelagic,10^1 g,1.25,20.25,1
epipelagic,10^1 g,1.25,20.75,1
epipelagic,10^1 g,1.75,9.75,1
epipelagic,10^1 g,1.75,11.75,1
epipelagic,10^1 g,1.75,13.25,1
epipelagic,10^1 g,1.75,17.25,1
epipelagic,10^1 g,1.75,19.75,8
epipelagic,10^1 g,1.75,20.25,5
epipelagic,10^1 g,2.25,10.75,1
epipelagic,10^1 g,2.25,12.25,2
epipelagic,10^1 g,2.25,12.75,2
epipelagic,10^1 g,2.25,13.25,1
epipelagic,10^1 g,2.25,14.75,1
epipelagic,10^1 g,2.25,18.75,1
epipelagic,10^1 g,2.25,19.25,2
epipelagic,10^1 g,2.25,20.25,7
epipelagic,10^1 g,2.25,20.75,1
epipelagic,10^1 g,2.75,5.75,1
epipelagic,10^1 g,2.75,6.25,1
epipelagic,10^1 g,2.75,6.75,3
epipelagic,10^1 g,2.75,8.25,2
epipelagic,10^1 g,2.75,8.75,1
epipelagic,10^1 g,2.75,10.25,1
epipelagic,10^1 g,2.75,10.75,1
epipelagic,10^1 g,2.75,11.25,1
epipelagic,10^1 g,2.75,11.75,5
epipelagic,10^1 g,2.75,12.75,1
epipelagic,10^1 g,2.75,13.25,3
epipelagic,10^1 g,2.75,13.75,3
epipelagic,10^1 g,2.75,15.25,1
epipelagic,10^1 g,2.75,15.75,1
epipelagic,10^1 g,2.75,16.25,4
epipelagic,10^1 g,2.75,17.25,1
epipelagic,10^1 g,2.75,17.75,3
epipelagic,10^1 g,2.75,18.25,2
epipelagic,10^1 g,2.75,18.75,3
epipelagic,10^1 g,2.75,19.75,2
epipelagic,10^1 g,2.75,20.25,8
epipelagic,10^1 g,2.75,20.75,1
epipelagic,10^1 g,2.75,22.25,3
epipelagic,10^1 g,3.25,2.75,1
epipelagic,10^1 g,3.25,3.75,2
epipelagic,10^1 g,3.25,4.25,2
epipelagic,10^1 g,3.25,4.75,1
epipelagic,10^1 g,3.25,5.75,1
epipelagic,10^1 g,3.25,7.25,3
epipelagic,10^1 g,3.25,8.25,1
epipelagic,10^1 g,3.25,8.75,1
epipelagic,10^1 g,3.25,9.25,1
epipelagic,10^1 g,3.25,9.75,1
epipelagic,10^1 g,3.25,11.25,2
epipelagic,10^1 g,3.25,12.25,2
epipelagic,10^1 g,3.25,13.25,1
epipelagic,10^1 g,3.25,14.25,1
epipelagic,10^1 g,3.25,14.75,2
epipelagic,10^1 g,3.25,15.75,2
epipelagic,10^1 g,3.25,16.25,2
epipelagic,10^1 g,3.25,16.75,6
epipelagic,10^1 g,3.25,17.25,2
epipelagic,10^1 g,3.25,17.75,3
epipelagic,10^1 g,3.25,18.25,20
epipelagic,10^1 g,3.25,18.75,8
epipelagic,10^1 g,3.25,19.25,16
epipelagic,10^1 g,3.25,19.75,11
epipelagic,10^1 g,3.25,20.25,3
epipelagic,10^1 g,3.25,20.75,2
epipelagic,10^1 g,3.25,21.75,1
epipelagic,10^1 g,3.75,3.75,1
epipelagic,10^1 g,3.75,4.75,1
epipelagic,10^1 g,3.75,5.25,1
epipelagic,10^1 g,3.75,5.75,1
epipelagic,10^1 g,3.75,6.25,1
epipelagic,10^1 g,3.75,6.75,2
epipelagic,10^1 g,3.75,10.75,1
epipelagic,10^1 g,3.75,11.75,3
epipelagic,10^1 g,3.75,12.25,1
epipelagic,10^1 g,3.75,12.75,1
epipelagic,10^1 g,3.75,13.25,4
epipelagic,10^1 g,3.75,13.75,4
epipelagic,10^1 g,3.75,14.75,1
epipelagic,10^1 g,3.75,15.25,2
epipelagic,10^1 g,3.75,15.75,2
epipelagic,10^1 g,3.75,16.25,2
epipelagic,10^1 g,3.75,16.75,6
epipelagic,10^1 g,3.75,17.25,9
epipelagic,10^1 g,3.75,17.75,12
epipelagic,10^1 g,3.75,18.25,19
epipelagic,10^1 g,3.75,18.75,4
epipelagic,10^1 g,3.75,19.25,5
epipelagic,10^1 g,3.75,19.75,2
epipelagic,10^1 g,3.75,20.25,8
epipelagic,10^1 g,3.75,20.75,3
epipelagic,10^1 g,3.75,21.75,2
epipelagic,10^1 g,3.75,22.25,2
epipelagic,10^1 g,4.25,1.25,1
epipelagic,10^1 g,4.25,4.25,1
epipelagic,10^1 g,4.25,4.75,2
epipelagic,10^1 g,4.25,5.75,1
epipelagic,10^1 g,4.25,6.25,1
epipelagic,10^1 g,4.25,7.25,1
epipelagic,10^1 g,4.25,10.75,1
epipelagic,10^1 g,4.25,11.75,2
epipelagic,10^1 g,4.25,12.75,4
epipelagic,10^1 g,4.25,13.25,3
epipelagic,10^1 g,4.25,13.75,4
epipelagic,10^1 g,4.25,14.75,2
epipelagic,10^1 g,4.25,15.75,2
epipelagic,10^1 g,4.25,16.25,2
epipelagic,10^1 g,4.25,17.25,7
epipelagic,10^1 g,4.25,17.75,7
epipelagic,10^1 g,4.25,18.25,9
epipelagic,10^1 g,4.25,18.75,2
epipelagic,10^1 g,4.25,19.25,3
epipelagic,10^1 g,4.25,19.75,12
epipelagic,10^1 g,4.25,20.25,9
epipelagic,10^1 g,4.25,20.75,4
epipelagic,10^1 g,4.25,21.75,2
epipelagic,10^1 g,4.25,22.25,1
epipelagic,10^1 g,4.75,2.75,1
epipelagic,10^1 g,4.75,5.75,1
epipelagic,10^1 g,4.75,6.25,3
epipelagic,10^1 g,4.75,6.75,4
epipelagic,10^1 g,4.75,7.25,1
epipelagic,10^1 g,4.75,10.75,1
epipelagic,10^1 g,4.75,11.25,1
epipelagic,10^1 g,4.75,11.75,1
epipelagic,10^1 g,4.75,12.25,2
epipelagic,10^1 g,4.75,12.75,2
epipelagic,10^1 g,4.75,13.25,1
epipelagic,10^1 g,4.75,13.75,2
epipelagic,10^1 g,4.75,14.25,6
epipelagic,10^1 g,4.75,14.75,4
epipelagic,10^1 g,4.75,15.25,1
epipelagic,10^1 g,4.75,15.75,1
epipelagic,10^1 g,4.75,16.75,5
epipelagic,10^1 g,4.75,17.25,8
epipelagic,10^1 g,4.75,17.75,2
epipelagic,10^1 g,4.75,18.25,3
epipelagic,10^1 g,4.75,18.75,2
epipelagic,10^1 g,4.75,19.25,3
epipelagic,10^1 g,4.75,19.75,3
epipelagic,10^1 g,4.75,20.25,12
epipelagic,10^1 g,4.75,20.75,6
epipelagic,10^1 g,4.75,21.75,2
epipelagic,10^1 g,5.25,1.25,2
epipelagic,10^1 g,5.25,2.25,1
epipelagic,10^1 g,5.25,5.75,1
epipelagic,10^1 g,5.25,7.75,1
epipelagic,10^1 g,5.25,12.25,2
epipelagic,10^1 g,5.25,12.75,5
epipelagic,10^1 g,5.25,13.25,1
epipelagic,10^1 g,5.25,13.75,3
epipelagic,10^1 g,5.25,14.25,2
epipelagic,10^1 g,5.25,14.75,4
epipelagic,10^1 g,5.25,15.25,1
epipelagic,10^1 g,5.25,15.75,1
epipelagic,10^1 g,5.25,16.25,1
epipelagic,10^1 g,5.25,16.75,4
epipelagic,10^1 g,5.25,17.25,2
epipelagic,10^1 g,5.25,17.75,2
epipelagic,10^1 g,5.25,18.25,1
epipelagic,10^1 g,5.25,20.25,1
epipelagic,10^1 g,5.25,20.75,12
epipelagic,10^1 g,5.25,22.25,1
epipelagic,10^1 g,5.75,5.25,1
epipelagic,10^1 g,5.75,5.75,1
epipelagic,10^1 g,5.75,7.75,1
epipelagic,10^1 g,5.75,11.75,1
epipelagic,10^1 g,5.75,12.25,1
epipelagic,10^1 g,5.75,12.75,1
epipelagic,10^1 g,5.75,13.25,9
epipelagic,10^1 g,5.75,13.75,4
epipelagic,10^1 g,5.75,14.25,6
epipelagic,10^1 g,5.75,14.75,4
epipelagic,10^1 g,5.75,15.25,1
epipelagic,10^1 g,5.75,16.75,5
epipelagic,10^1 g,5.75,17.25,2
epipelagic,10^1 g,5.75,18.25,2
epipelagic,10^1 g,5.75,19.25,3
epipelagic,10^1 g,5.75,19.75,1
epipelagic,10^1 g,5.75,20.25,3
epipelagic,10^1 g,5.75,20.75,19
epipelagic,10^1 g,5.75,21.25,4
epipelagic,10^1 g,5.75,21.75,2
epipelagic,10^1 g,5.75,22.25,1
epipelagic,10^1 g,6.25,5.75,1
epipelagic,10^1 g,6.25,7.25,2
epipelagic,10^1 g,6.25,11.75,1
epipelagic,10^1 g,6.25,12.25,3
epipelagic,10^1 g,6.25,12.75,1
epipelagic,10^1 g,6.25,13.25,3
epipelagic,10^1 g,6.25,13.75,2
epipelagic,10^1 g,6.25,14.25,7
epipelagic,10^1 g,6.25,14.75,1
epipelagic,10^1 g,6.25,16.25,4
epipelagic,10^1 g,6.25,16.75,2
epipelagic,10^1 g,6.25,17.25,2
epipelagic,10^1 g,6.25,18.25,1
epipelagic,10^1 g,6.25,18.75,1
epipelagic,10^1 g,6.25,19.75,3
epipelagic,10^1 g,6.25,20.25,4
epipelagic,10^1 g,6.25,20.75,16
epipelagic,10^1 g,6.25,21.25,2
epipelagic,10^1 g,6.25,21.75,3
epipelagic,10^1 g,6.75,4.25,3
epipelagic,10^1 g,6.75,6.75,2
epipelagic,10^1 g,6.75,7.75,1
epipelagic,10^1 g,6.75,9.25,2
epipelagic,10^1 g,6.75,11.25,1
epipelagic,10^1 g,6.75,12.75,1
epipelagic,10^1 g,6.75,13.25,1
epipelagic,10^1 g,6.75,13.75,1
epipelagic,10^1 g,6.75,14.25,10
epipelagic,10^1 g,6.75,14.75,4
epipelagic,10^1 g,6.75,15.25,1
epipelagic,10^1 g,6.75,15.75,1
epipelagic,10^1 g,6.75,16.25,2
epipelagic,10^1 g,6.75,17.25,1
epipelagic,10^1 g,6.75,17.75,1
epipelagic,10^1 g,6.75,18.25,2
epipelagic,10^1 g,6.75,18.75,1
epipelagic,10^1 g,6.75,19.25,2
epipelagic,10^1 g,6.75,19.75,1
epipelagic,10^1 g,6.75,20.25,6
epipelagic,10^1 g,6.75,20.75,9
epipelagic,10^1 g,6.75,21.25,9
epipelagic,10^1 g,6.75,21.75,1
epipelagic,10^1 g,6.75,22.25,3
epipelagic,10^1 g,7.25,0.75,1
epipelagic,10^1 g,7.25,3.75,1
epipelagic,10^1 g,7.25,4.75,1
epipelagic,10^1 g,7.25,5.75,1
epipelagic,10^1 g,7.25,6.25,2
epipelagic,10^1 g,7.25,7.25,1
epipelagic,10^1 g,7.25,7.75,1
epipelagic,10^1 g,7.25,8.25,1
epipelagic,10^1 g,7.25,13.75,6
epipelagic,10^1 g,7.25,14.25,1
epipelagic,10^1 g,7.25,14.75,1
epipelagic,10^1 g,7.25,15.25,4
epipelagic,10^1 g,7.25,15.75,4
epipelagic,10^1 g,7.25,16.25,1
epipelagic,10^1 g,7.25,16.75,1
epipelagic,10^1 g,7.25,17.25,2
epipelagic,10^1 g,7.25,17.75,2
epipelagic,10^1 g,7.25,18.25,1
epipelagic,10^1 g,7.25,18.75,3
epipelagic,10^1 g,7.25,19.25,1
epipelagic,10^1 g,7.25,19.75,4
epipelagic,10^1 g,7.25,20.25,2
epipelagic,10^1 g,7.25,20.75,11
epipelagic,10^1 g,7.25,21.25,6
epipelagic,10^1 g,7.25,21.75,5
epipelagic,10^1 g,7.25,22.25,1
epipelagic,10^1 g,7.75,3.75,2
epipelagic,10^1 g,7.75,6.25,1
epipelagic,10^1 g,7.75,7.25,3
epipelagic,10^1 g,7.75,7.75,1
epipelagic,10^1 g,7.75,8.25,2
epipelagic,10^1 g,7.75,10.75,1
epipelagic,10^1 g,7.75,12.75,2
epipelagic,10^1 g,7.75,13.25,1
epipelagic,10^1 g,7.75,13.75,1
epipelagic,10^1 g,7.75,14.25,2
epipelagic,10^1 g,7.75,14.75,3
epipelagic,10^1 g,7.75,15.25,2
epipelagic,10^1 g,7.75,15.75,3
epipelagic,10^1 g,7.75,16.25,4
epipelagic,10^1 g,7.75,16.75,1
epipelagic,10^1 g,7.75,17.25,3
epipelagic,10^1 g,7.75,18.25,2
epipelagic,10^1 g,7.75,18.75,1
epipelagic,10^1 g,7.75,19.25,1
epipelagic,10^1 g,7.75,19.75,2
epipelagic,10^1 g,7.75,20.25,2
epipelagic,10^1 g,7.75,20.75,3
epipelagic,10^1 g,7.75,21.25,6
epipelagic,10^1 g,7.75,21.75,8
epipelagic,10^1 g,7.75,22.25,1
epipelagic,10^1 g,8.25,3.75,1
epipelagic,10^1 g,8.25,4.25,1
epipelagic,10^1 g,8.25,4.75,2
epipelagic,10^1 g,8.25,5.25,3
epipelagic,10^1 g,8.25,5.75,1
epipelagic,10^1 g,8.25,6.75,3
epipelagic,10^1 g,8.25,7.75,1
epipelagic,10^1 g,8.25,9.25,1
epipelagic,10^1 g,8.25,11.75,1
epipelagic,10^1 g,8.25,13.25,3
epipelagic,10^1 g,8.25,14.25,5
epipelagic,10^1 g,8.25,14.75,2
epipelagic,10^1 g,8.25,15.25,3
epipelagic,10^1 g,8.25,15.75,3
epipelagic,10^1 g,8.25,16.25,3
epipelagic,10^1 g,8.25,16.75,2
epipelagic,10^1 g,8.25,17.75,3
epipelagic,10^1 g,8.25,19.25,2
epipelagic,10^1 g,8.25,19.75,3
epipelagic,10^1 g,8.25,20.25,5
epipelagic,10^1 g,8.25,20.75,6
epipelagic,10^1 g,8.25,21.25,8
epipelagic,10^1 g,8.25,21.75,3
epipelagic,10^1 g,8.25,22.25,1
epipelagic,10^1 g,8.75,3.75,1
epipelagic,10^1 g,8.75,4.75,1
epipelagic,10^1 g,8.75,5.25,1
epipelagic,10^1 g,8.75,5.75,1
epipelagic,10^1 g,8.75,6.75,1
epipelagic,10^1 g,8.75,10.75,1
epipelagic,10^1 g,8.75,12.75,1
epipelagic,10^1 g,8.75,13.25,1
epipelagic,10^1 g,8.75,13.75,2
epipelagic,10^1 g,8.75,14.25,3
epipelagic,10^1 g,8.75,14.75,1
epipelagic,10^1 g,8.75,15.25,4
epipelagic,10^1 g,8.75,15.75,1
epipelagic,10^1 g,8.75,16.25,1
epipelagic,10^1 g,8.75,16.75,1
epipelagic,10^1 g,8.75,17.25,2
epipelagic,10^1 g,8.75,17.75,2
epipelagic,10^1 g,8.75,18.25,1
epipelagic,10^1 g,8.75,18.75,1
epipelagic,10^1 g,8.75,19.25,2
epipelagic,10^1 g,8.75,19.75,4
epipelagic,10^1 g,8.75,20.25,6
epipelagic,10^1 g,8.75,20.75,5
epipelagic,10^1 g,8.75,21.25,1
epipelagic,10^1 g,8.75,21.75,8
epipelagic,10^1 g,8.75,22.25,3
epipelagic,10^1 g,9.25,3.75,1
epipelagic,10^1 g,9.25,5.25,1
epipelagic,10^1 g,9.25,7.75,1
epipelagic,10^1 g,9.25,8.25,2
epipelagic,10^1 g,9.25,9.25,1
epipelagic,10^1 g,9.25,9.75,1
epipelagic,10^1 g,9.25,10.75,1
epipelagic,10^1 g,9.25,11.25,1
epipelagic,10^1 g,9.25,13.25,2
epipelagic,10^1 g,9.25,14.25,4
epipelagic,10^1 g,9.25,14.75,2
epipelagic,10^1 g,9.25,15.25,4
epipelagic,10^1 g,9.25,15.75,2
epipelagic,10^1 g,9.25,16.25,1
epipelagic,10^1 g,9.25,16.75,2
epipelagic,10^1 g,9.25,17.25,4
epipelagic,10^1 g,9.25,17.75,4
epipelagic,10^1 g,9.25,18.25,2
epipelagic,10^1 g,9.25,18.75,2
epipelagic,10^1 g,9.25,19.75,7
epipelagic,10^1 g,9.25,20.25,17
epipelagic,10^1 g,9.25,20.75,5
epipelagic,10^1 g,9.25,21.25,3
epipelagic,10^1 g,9.25,21.75,8
epipelagic,10^1 g,9.25,22.25,4
epipelagic,10^1 g,9.75,3.25,1
epipelagic,10^1 g,9.75,4.25,1
epipelagic,10^1 g,9.75,6.75,1
epipelagic,10^1 g,9.75,9.75,1
epipelagic,10^1 g,9.75,10.25,2
epipelagic,10^1 g,9.75,12.25,1
epipelagic,10^1 g,9.75,13.75,1
epipelagic,10^1 g,9.75,14.25,1
epipelagic,10^1 g,9.75,14.75,3
epipelagic,10^1 g,9.75,15.25,3
epipelagic,10^1 g,9.75,15.75,5
epipelagic,10^1 g,9.75,16.25,3
epipelagic,10^1 g,9.75,16.75,1
epipelagic,10^1 g,9.75,17.25,2
epipelagic,10^1 g,9.75,17.75,3
epipelagic,10^1 g,9.75,18.25,2
epipelagic,10^1 g,9.75,18.75,3
epipelagic,10^1 g,9.75,19.25,3
epipelagic,10^1 g,9.75,19.75,4
epipelagic,10^1 g,9.75,20.25,1
epipelagic,10^1 g,9.75,20.75,7
epipelagic,10^1 g,9.75,21.25,7
epipelagic,10^1 g,9.75,21.75,7
epipelagic,10^1 g,9.75,22.25,2
epipelagic,10^1 g,9.75,22.75,2
epipelagic,10^1 g,10.25,1.25,1
epipelagic,10^1 g,10.25,4.75,1
epipelagic,10^1 g,10.25,5.75,2
epipelagic,10^1 g,10.25,6.25,1
epipelagic,10^1 g,10.25,7.75,1
epipelagic,10^1 g,10.25,9.25,2
epipelagic,10^1 g,10.25,11.75,1
epipelagic,10^1 g,10.25,12.25,1
epipelagic,10^1 g,10.25,13.75,1
epipelagic,10^1 g,10.25,14.25,4
epipelagic,10^1 g,10.25,14.75,4
epipelagic,10^1 g,10.25,15.25,4
epipelagic,10^1 g,10.25,15.75,1
epipelagic,10^1 g,10.25,16.25,2
epipelagic,10^1 g,10.25,16.75,2
epipelagic,10^1 g,10.25,17.25,2
epipelagic,10^1 g,10.25,17.75,4
epipelagic,10^1 g,10.25,18.25,5
epipelagic,10^1 g,10.25,18.75,4
epipelagic,10^1 g,10.25,19.25,1
epipelagic,10^1 g,10.25,19.75,8
epipelagic,10^1 g,10.25,20.25,3
epipelagic,10^1 g,10.25,20.75,3
epipelagic,10^1 g,10.25,21.25,5
epipelagic,10^1 g,10.25,21.75,7
epipelagic,10^1 g,10.25,22.25,2
epipelagic,10^1 g,10.75,2.75,1
epipelagic,10^1 g,10.75,4.25,2
epipelagic,10^1 g,10.75,6.25,2
epipelagic,10^1 g,10.75,7.25,1
epipelagic,10^1 g,10.75,7.75,1
epipelagic,10^1 g,10.75,9.75,1
epipelagic,10^1 g,10.75,12.25,1
epipelagic,10^1 g,10.75,12.75,1
epipelagic,10^1 g,10.75,13.75,1
epipelagic,10^1 g,10.75,14.25,1
epipelagic,10^1 g,10.75,15.25,3
epipelagic,10^1 g,10.75,15.75,3
epipelagic,10^1 g,10.75,16.25,6
epipelagic,10^1 g,10.75,16.75,9
epipelagic,10^1 g,10.75,17.25,6
epipelagic,10^1 g,10.75,17.75,3
epipelagic,10^1 g,10.75,18.25,1
epipelagic,10^1 g,10.75,19.25,7
epipelagic,10^1 g,10.75,19.75,7
epipelagic,10^1 g,10.75,20.25,6
epipelagic,10^1 g,10.75,20.75,2
epipelagic,10^1 g,10.75,21.25,4
epipelagic,10^1 g,10.75,21.75,9
epipelagic,10^1 g,10.75,22.25,3
epipelagic,10^1 g,11.25,0.75,1
epipelagic,10^1 g,11.25,1.25,1
epipelagic,10^1 g,11.25,4.25,1
epipelagic,10^1 g,11.25,6.25,1
epipelagic,10^1 g,11.25,9.25,1
epipelagic,10^1 g,11.25,10.25,1
epipelagic,10^1 g,11.25,14.25,2
epipelagic,10^1 g,11.25,14.75,1
epipelagic,10^1 g,11.25,15.75,2
epipelagic,10^1 g,11.25,16.25,2
epipelagic,10^1 g,11.25,16.75,4
epipelagic,10^1 g,11.25,17.25,4
epipelagic,10^1 g,11.25,17.75,2
epipelagic,10^1 g,11.25,18.25,2
epipelagic,10^1 g,11.25,18.75,3
epipelagic,10^1 g,11.25,19.25,2
epipelagic,10^1 g,11.25,19.75,7
epipelagic,10^1 g,11.25,20.25,9
epipelagic,10^1 g,11.25,20.75,5
epipelagic,10^1 g,11.25,21.25,3
epipelagic,10^1 g,11.25,21.75,7
epipelagic,10^1 g,11.25,22.25,2
epipelagic,10^1 g,11.75,0.25,1
epipelagic,10^1 g,11.75,1.75,2
epipelagic,10^1 g,11.75,2.25,1
epipelagic,10^1 g,11.75,5.25,1
epipelagic,10^1 g,11.75,6.25,1
epipelagic,10^1 g,11.75,9.25,1
epipelagic,10^1 g,11.75,9.75,1
epipelagic,10^1 g,11.75,12.75,1
epipelagic,10^1 g,11.75,13.25,2
epipelagic,10^1 g,11.75,13.75,1
epipelagic,10^1 g,11.75,14.75,1
epipelagic,10^1 g,11.75,16.25,2
epipelagic,10^1 g,11.75,16.75,1
epipelagic,10^1 g,11.75,17.25,4
epipelagic,10^1 g,11.75,17.75,3
epipelagic,10^1 g,11.75,18.75,4
epipelagic,10^1 g,11.75,19.25,2
epipelagic,10^1 g,11.75,19.75,1
epipelagic,10^1 g,11.75,20.25,5
epipelagic,10^1 g,11.75,20.75,4
epipelagic,10^1 g,11.75,21.25,6
epipelagic,10^1 g,11.75,21.75,5
epipelagic,10^1 g,11.75,22.25,2
epipelagic,10^1 g,12.25,1.25,1
epipelagic,10^1 g,12.25,6.25,1
epipelagic,10^1 g,12.25,7.25,1
epipelagic,10^1 g,12.25,7.75,1
epipelagic,10^1 g,12.25,8.25,1
epipelagic,10^1 g,12.25,9.75,1
epipelagic,10^1 g,12.25,11.25,1
epipelagic,10^1 g,12.25,11.75,1
epipelagic,10^1 g,12.25,13.25,1
epipelagic,10^1 g,12.25,14.75,2
epipelagic,10^1 g,12.25,15.75,2
epipelagic,10^1 g,12.25,16.25,2
epipelagic,10^1 g,12.25,16.75,4
epipelagic,10^1 g,12.25,17.25,4
epipelagic,10^1 g,12.25,17.75,1
epipelagic,10^1 g,12.25,18.25,2
epipelagic,10^1 g,12.25,19.25,3
epipelagic,10^1 g,12.25,19.75,2
epipelagic,10^1 g,12.25,20.25,2
epipelagic,10^1 g,12.25,20.75,1
epipelagic,10^1 g,12.25,21.25,9
epipelagic,10^1 g,12.25,21.75,8
epipelagic,10^1 g,12.25,22.25,5
epipelagic,10^1 g,12.75,5.75,1
epipelagic,10^1 g,12.75,8.25,1
epipelagic,10^1 g,12.75,9.25,1
epipelagic,10^1 g,12.75,13.75,1
epipelagic,10^1 g,12.75,14.25,1
epipelagic,10^1 g,12.75,15.25,2
epipelagic,10^1 g,12.75,15.75,1
epipelagic,10^1 g,12.75,16.25,3
epipelagic,10^1 g,12.75,16.75,2
epipelagic,10^1 g,12.75,17.25,1
epipelagic,10^1 g,12.75,17.75,2
epipelagic,10^1 g,12.75,18.25,3
epipelagic,10^1 g,12.75,18.75,1
epipelagic,10^1 g,12.75,19.25,3
epipelagic,10^1 g,12.75,19.75,2
epipelagic,10^1 g,12.75,20.25,4
epipelagic,10^1 g,12.75,20.75,1
epipelagic,10^1 g,12.75,21.25,2
epipelagic,10^1 g,12.75,21.75,8
epipelagic,10^1 g,12.75,22.25,5
epipelagic,10^1 g,13.25,7.25,1
epipelagic,10^1 g,13.25,9.75,1
epipelagic,10^1 g,13.25,11.25,3
epipelagic,10^1 g,13.25,12.75,1
epipelagic,10^1 g,13.25,15.25,4
epipelagic,10^1 g,13.25,15.75,10
epipelagic,10^1 g,13.25,16.25,14
epipelagic,10^1 g,13.25,16.75,3
epipelagic,10^1 g,13.25,17.25,12
epipelagic,10^1 g,13.25,17.75,8
epipelagic,10^1 g,13.25,18.25,2
epipelagic,10^1 g,13.25,18.75,3
epipelagic,10^1 g,13.25,19.25,3
epipelagic,10^1 g,13.25,19.75,2
epipelagic,10^1 g,13.25,20.25,3
epipelagic,10^1 g,13.25,20.75,1
epipelagic,10^1 g,13.25,21.25,1
epipelagic,10^1 g,13.25,21.75,2
epipelagic,10^1 g,13.25,22.25,1
epipelagic,10^1 g,13.75,9.75,1
epipelagic,10^1 g,13.75,13.75,1
epipelagic,10^1 g,13.75,15.25,2
epipelagic,10^1 g,13.75,15.75,2
epipelagic,10^1 g,13.75,16.25,2
epipelagic,10^1 g,13.75,16.75,3
epipelagic,10^1 g,13.75,17.25,1
epipelagic,10^1 g,13.75,17.75,9
epipelagic,10^1 g,13.75,18.25,2
epipelagic,10^1 g,13.75,18.75,5
epipelagic,10^1 g,13.75,19.25,3
epipelagic,10^1 g,13.75,19.75,6
epipelagic,10^1 g,13.75,20.25,4
epipelagic,10^1 g,13.75,20.75,3
epipelagic,10^1 g,13.75,21.25,3
epipelagic,10^1 g,13.75,21.75,6
epipelagic,10^1 g,13.75,22.25,1
epipelagic,10^1 g,14.25,3.75,1
epipelagic,10^1 g,14.25,10.25,3
epipelagic,10^1 g,14.25,12.75,1
epipelagic,10^1 g,14.25,14.75,2
epipelagic,10^1 g,14.25,15.75,1
epipelagic,10^1 g,14.25,16.25,1
epipelagic,10^1 g,14.25,16.75,1
epipelagic,10^1 g,14.25,17.25,1
epipelagic,10^1 g,14.25,17.75,1
epipelagic,10^1 g,14.25,18.25,3
epipelagic,10^1 g,14.25,18.75,2
epipelagic,10^1 g,14.25,19.25,1
epipelagic,10^1 g,14.25,19.75,2
epipelagic,10^1 g,14.25,20.25,6
epipelagic,10^1 g,14.25,20.75,12
epipelagic,10^1 g,14.25,21.25,3
epipelagic,10^1 g,14.25,21.75,5
epipelagic,10^1 g,14.25,22.25,2
epipelagic,10^1 g,14.75,6.25,1
epipelagic,10^1 g,14.75,7.75,1
epipelagic,10^1 g,14.75,10.25,2
epipelagic,10^1 g,14.75,11.25,2
epipelagic,10^1 g,14.75,15.25,1
epipelagic,10^1 g,14.75,17.25,2
epipelagic,10^1 g,14.75,18.25,1
epipelagic,10^1 g,14.75,18.75,3
epipelagic,10^1 g,14.75,19.25,3
epipelagic,10^1 g,14.75,19.75,5
epipelagic,10^1 g,14.75,20.25,4
epipelagic,10^1 g,14.75,20.75,8
epipelagic,10^1 g,14.75,21.25,13
epipelagic,10^1 g,14.75,21.75,2
epipelagic,10^1 g,14.75,22.25,1
epipelagic,10^1 g,15.25,10.75,1
epipelagic,10^1 g,15.25,12.75,1
epipelagic,10^1 g,15.25,15.75,2
epipelagic,10^1 g,15.25,16.75,1
epipelagic,10^1 g,15.25,17.25,2
epipelagic,10^1 g,15.25,17.75,1
epipelagic,10^1 g,15.25,18.25,1
epipelagic,10^1 g,15.25,18.75,1
epipelagic,10^1 g,15.25,19.25,1
epipelagic,10^1 g,15.25,19.75,1
epipelagic,10^1 g,15.25,20.75,3
epipelagic,10^1 g,15.25,21.25,6
epipelagic,10^1 g,15.25,21.75,7
epipelagic,10^1 g,15.25,22.25,1
epipelagic,10^1 g,15.25,22.75,1
epipelagic,10^1 g,15.75,4.25,1
epipelagic,10^1 g,15.75,5.25,1
epipelagic,10^1 g,15.75,5.75,1
epipelagic,10^1 g,15.75,6.25,1
epipelagic,10^1 g,15.75,8.75,2
epipelagic,10^1 g,15.75,9.75,1
epipelagic,10^1 g,15.75,10.75,1
epipelagic,10^1 g,15.75,11.75,1
epipelagic,10^1 g,15.75,12.75,1
epipelagic,10^1 g,15.75,13.75,1
epipelagic,10^1 g,15.75,15.75,1
epipelagic,10^1 g,15.75,16.25,5
epipelagic,10^1 g,15.75,17.25,1
epipelagic,10^1 g,15.75,18.25,1
epipelagic,10^1 g,15.75,18.75,1
epipelagic,10^1 g,15.75,19.25,1
epipelagic,10^1 g,15.75,19.75,1
epipelagic,10^1 g,15.75,20.25,1
epipelagic,10^1 g,15.75,21.25,5
epipelagic,10^1 g,15.75,21.75,1
epipelagic,10^1 g,15.75,22.25,1
epipelagic,10^1 g,16.25,8.75,1
epipelagic,10^1 g,16.25,10.25,1
epipelagic,10^1 g,16.25,11.75,2
epipelagic,10^1 g,16.25,12.25,2
epipelagic,10^1 g,16.25,13.75,1
epipelagic,10^1 g,16.25,14.25,1
epipelagic,10^1 g,16.25,15.25,1
epipelagic,10^1 g,16.25,15.75,1
epipelagic,10^1 g,16.25,17.25,2
epipelagic,10^1 g,16.25,17.75,1
epipelagic,10^1 g,16.25,19.25,1
epipelagic,10^1 g,16.25,19.75,1
epipelagic,10^1 g,16.25,20.25,2
epipelagic,10^1 g,16.25,20.75,2
epipelagic,10^1 g,16.25,21.25,2
epipelagic,10^1 g,16.25,21.75,6
epipelagic,10^1 g,16.25,22.25,1
epipelagic,10^1 g,16.25,22.75,1
epipelagic,10^1 g,16.75,6.75,1
epipelagic,10^1 g,16.75,9.75,1
epipelagic,10^1 g,16.75,11.25,1
epipelagic,10^1 g,16.75,16.75,1
epipelagic,10^1 g,16.75,17.25,1
epipelagic,10^1 g,16.75,17.75,1
epipelagic,10^1 g,16.75,19.25,1
epipelagic,10^1 g,16.75,20.25,3
epipelagic,10^1 g,16.75,20.75,1
epipelagic,10^1 g,16.75,21.25,3
epipelagic,10^1 g,16.75,21.75,5
epipelagic,10^1 g,16.75,22.75,1
epipelagic,10^1 g,17.25,7.25,1
epipelagic,10^1 g,17.25,16.75,1
epipelagic,10^1 g,17.25,17.25,4
epipelagic,10^1 g,17.25,17.75,2
epipelagic,10^1 g,17.25,18.25,4
epipelagic,10^1 g,17.25,19.25,1
epipelagic,10^1 g,17.25,20.25,1
epipelagic,10^1 g,17.25,20.75,1
epipelagic,10^1 g,17.25,21.25,7
epipelagic,10^1 g,17.25,21.75,2
epipelagic,10^1 g,17.25,22.25,3
epipelagic,10^1 g,17.25,22.75,1
epipelagic,10^1 g,17.75,10.25,1
epipelagic,10^1 g,17.75,12.25,1
epipelagic,10^1 g,17.75,12.75,1
epipelagic,10^1 g,17.75,18.25,2
epipelagic,10^1 g,17.75,19.25,4
epipelagic,10^1 g,17.75,19.75,1
epipelagic,10^1 g,17.75,21.25,2
epipelagic,10^1 g,18.25,9.25,1
epipelagic,10^1 g,18.25,10.75,2
epipelagic,10^1 g,18.25,12.75,2
epipelagic,10^1 g,18.25,13.75,1
epipelagic,10^1 g,18.25,17.75,1
epipelagic,10^1 g,18.25,18.75,1
epipelagic,10^1 g,18.25,19.25,9
epipelagic,10^1 g,18.25,20.75,3
epipelagic,10^1 g,18.25,21.75,1
epipelagic,10^1 g,18.75,11.25,1
epipelagic,10^1 g,18.75,12.25,1
epipelagic,10^1 g,18.75,14.25,1
epipelagic,10^1 g,18.75,17.75,1
epipelagic,10^1 g,18.75,18.25,1
epipelagic,10^1 g,18.75,18.75,1
epipelagic,10^1 g,18.75,19.25,2
epipelagic,10^1 g,18.75,19.75,3
epipelagic,10^1 g,18.75,20.25,2
epipelagic,10^1 g,18.75,20.75,1
epipelagic,10^1 g,18.75,21.25,2
epipelagic,10^1 g,18.75,21.75,3
epipelagic,10^1 g,19.25,13.25,1
epipelagic,10^1 g,19.25,14.25,1
epipelagic,10^1 g,19.25,14.75,1
epipelagic,10^1 g,19.25,18.25,3
epipelagic,10^1 g,19.25,18.75,1
epipelagic,10^1 g,19.25,19.75,3
epipelagic,10^1 g,19.25,22.25,1
epipelagic,10^1 g,19.75,11.75,1
epipelagic,10^1 g,19.75,15.75,2
epipelagic,10^1 g,19.75,18.75,2
epipelagic,10^1 g,19.75,19.25,1
epipelagic,10^1 g,19.75,20.75,2
epipelagic,10^1 g,19.75,22.25,2
epipelagic,10^1 g,19.75,22.75,1
epipelagic,10^1 g,20.25,11.75,1
epipelagic,10^1 g,20.25,12.25,1
epipelagic,10^1 g,20.25,12.75,1
epipelagic,10^1 g,20.25,14.75,1
epipelagic,10^1 g,20.25,15.75,2
epipelagic,10^1 g,20.25,17.75,1
epipelagic,10^1 g,20.25,19.25,2
epipelagic,10^1 g,20.25,20.25,1
epipelagic,10^1 g,20.25,20.75,4
epipelagic,10^1 g,20.25,21.25,5
epipelagic,10^1 g,20.25,22.25,2
epipelagic,10^1 g,20.25,22.75,1
epipelagic,10^1 g,20.75,13.75,1
epipelagic,10^1 g,20.75,14.25,1
epipelagic,10^1 g,20.75,18.75,1
epipelagic,10^1 g,20.75,20.25,1
epipelagic,10^1 g,20.75,20.75,2
epipelagic,10^1 g,20.75,21.25,3
epipelagic,10^1 g,20.75,21.75,2
epipelagic,10^1 g,20.75,22.75,1
epipelagic,10^1 g,21.25,15.75,1
epipelagic,10^1 g,21.25,20.25,3
epipelagic,10^1 g,21.25,20.75,2
epipelagic,10^1 g,21.25,21.25,1
epipelagic,10^1 g,21.25,21.75,5
epipelagic,10^1 g,21.25,22.25,2
epipelagic,10^1 g,21.25,22.75,1
epipelagic,10^1 g,21.75,13.75,1
epipelagic,10^1 g,21.75,14.25,1
epipelagic,10^1 g,21.75,17.25,1
epipelagic,10^1 g,21.75,19.75,1
epipelagic,10^1 g,21.75,20.75,2
epipelagic,10^1 g,21.75,21.25,3
epipelagic,10^1 g,21.75,21.75,6
epipelagic,10^1 g,21.75,22.25,2
epipelagic,10^1 g,22.25,13.75,1
epipelagic,10^1 g,22.25,15.75,1
epipelagic,10^1 g,22.25,18.75,1
epipelagic,10^1 g,22.25,19.75,3
epipelagic,10^1 g,22.25,20.25,1
epipelagic,10^1 g,22.25,20.75,5
epipelagic,10^1 g,22.25,21.75,4
epipelagic,10^1 g,22.25,22.25,1
epipelagic,10^1 g,22.75,10.25,1
epipelagic,10^1 g,22.75,16.75,1
epipelagic,10^1 g,22.75,17.75,1
epipelagic,10^1 g,22.75,19.25,2
epipelagic,10^1 g,22.75,19.75,1
epipelagic,10^1 g,22.75,20.75,7
epipelagic,10^1 g,22.75,21.75,1
epipelagic,10^1 g,22.75,22.25,3
epipelagic,10^1 g,23.25,9.75,1
epipelagic,10^1 g,23.25,11.75,1
epipelagic,10^1 g,23.25,14.75,1
epipelagic,10^1 g,23.25,16.25,1
epipelagic,10^1 g,23.25,17.25,1
epipelagic,10^1 g,23.25,19.25,2
epipelagic,10^1 g,23.25,20.25,1
epipelagic,10^1 g,23.25,21.25,4
epipelagic,10^1 g,23.25,21.75,4
epipelagic,10^1 g,23.25,22.25,3
epipelagic,10^1 g,23.25,22.75,1
epipelagic,10^1 g,23.75,16.25,1
epipelagic,10^1 g,23.75,18.75,1
epipelagic,10^1 g,23.75,19.25,1
epipelagic,10^1 g,23.75,19.75,1
epipelagic,10^1 g,23.75,20.25,2
epipelagic,10^1 g,23.75,20.75,1
epipelagic,10^1 g,23.75,21.75,1
epipelagic,10^1 g,23.75,22.25,2
epipelagic,10^1 g,23.75,22.75,1
epipelagic,10^1 g,24.25,10.25,3
epipelagic,10^1 g,24.25,14.75,1
epipelagic,10^1 g,24.25,17.25,2
epipelagic,10^1 g,24.25,17.75,1
epipelagic,10^1 g,24.25,18.25,2
epipelagic,10^1 g,24.25,19.25,1
epipelagic,10^1 g,24.25,20.25,1
epipelagic,10^1 g,24.25,20.75,3
epipelagic,10^1 g,24.25,21.25,5
epipelagic,10^1 g,24.25,21.75,4
epipelagic,10^1 g,24.25,22.25,2
epipelagic,10^1 g,24.75,12.25,1
epipelagic,10^1 g,24.75,16.25,1
epipelagic,10^1 g,24.75,16.75,1
epipelagic,10^1 g,24.75,17.75,2
epipelagic,10^1 g,24.75,18.25,2
epipelagic,10^1 g,24.75,18.75,3
epipelagic,10^1 g,24.75,19.25,2
epipelagic,10^1 g,24.75,19.75,4
epipelagic,10^1 g,24.75,20.25,2
epipelagic,10^1 g,24.75,20.75,3
epipelagic,10^1 g,24.75,21.25,2
epipelagic,10^1 g,24.75,21.75,7
epipelagic,10^1 g,25.25,9.25,1
epipelagic,10^1 g,25.25,12.75,1
epipelagic,10^1 g,25.25,17.25,1
epipelagic,10^1 g,25.25,17.75,1
epipelagic,10^1 g,25.25,18.25,2
epipelagic,10^1 g,25.25,19.25,1
epipelagic,10^1 g,25.25,19.75,1
epipelagic,10^1 g,25.25,20.25,1
epipelagic,10^1 g,25.25,20.75,4
epipelagic,10^1 g,25.25,21.25,11
epipelagic,10^1 g,25.25,21.75,7
epipelagic,10^1 g,25.25,22.25,2
epipelagic,10^1 g,25.75,17.25,1
epipelagic,10^1 g,25.75,19.25,2
epipelagic,10^1 g,25.75,19.75,3
epipelagic,10^1 g,25.75,20.25,1
epipelagic,10^1 g,25.75,20.75,2
epipelagic,10^1 g,25.75,21.25,8
epipelagic,10^1 g,25.75,21.75,3
epipelagic,10^1 g,25.75,22.25,1
epipelagic,10^1 g,26.25,14.25,1
epipelagic,10^1 g,26.25,16.75,1
epipelagic,10^1 g,26.25,19.25,1
epipelagic,10^1 g,26.25,19.75,1
epipelagic,10^1 g,26.25,20.25,1
epipelagic,10^1 g,26.25,20.75,3
epipelagic,10^1 g,26.25,21.25,9
epipelagic,10^1 g,26.25,21.75,4
epipelagic,10^1 g,26.25,22.25,1
epipelagic,10^1 g,26.75,17.75,1
epipelagic,10^1 g,26.75,18.25,2
epipelagic,10^1 g,26.75,20.25,1
epipelagic,10^1 g,26.75,20.75,5
epipelagic,10^1 g,26.75,21.25,6
epipelagic,10^1 g,26.75,21.75,4
epipelagic,10^1 g,26.75,22.25,2
epipelagic,10^1 g,27.25,16.25,1
epipelagic,10^1 g,27.25,16.75,1
epipelagic,10^1 g,27.25,17.75,2
epipelagic,10^1 g,27.25,18.25,1
epipelagic,10^1 g,27.25,18.75,2
epipelagic,10^1 g,27.25,19.25,1
epipelagic,10^1 g,27.25,19.75,2
epipelagic,10^1 g,27.25,20.25,3
epipelagic,10^1 g,27.25,20.75,4
epipelagic,10^1 g,27.25,21.25,10
epipelagic,10^1 g,27.25,21.75,9
epipelagic,10^1 g,27.75,12.75,1
epipelagic,10^1 g,27.75,14.25,1
epipelagic,10^1 g,27.75,16.25,1
epipelagic,10^1 g,27.75,17.75,2
epipelagic,10^1 g,27.75,18.25,3
epipelagic,10^1 g,27.75,19.25,2
epipelagic,10^1 g,27.75,19.75,6
epipelagic,10^1 g,27.75,20.25,1
epipelagic,10^1 g,27.75,20.75,3
epipelagic,10^1 g,27.75,21.25,3
epipelagic,10^1 g,27.75,21.75,6
epipelagic,10^1 g,28.25,18.25,1
epipelagic,10^1 g,28.25,18.75,1
epipelagic,10^1 g,28.25,19.75,1
epipelagic,10^1 g,28.25,20.25,3
epipelagic,10^1 g,28.25,20.75,3
epipelagic,10^1 g,28.25,21.25,8
epipelagic,10^1 g,28.25,21.75,2
epipelagic,10^1 g,28.75,20.25,1
epipelagic,10^1 g,28.75,20.75,5
epipelagic,10^1 g,28.75,21.25,8
epipelagic,10^1 g,28.75,21.75,2
epipelagic,10^1 g,29.25,21.25,4
epipelagic,10^1 g,29.25,21.75,8
epipelagic,10^1 g,29.75,21.75,1
epipelagic,10^2 g,0.25,12.25,1
epipelagic,10^2 g,0.25,13.25,1
epipelagic,10^2 g,0.25,13.75,1
epipelagic,10^2 g,0.25,14.75,4
epipelagic,10^2 g,0.25,15.25,6
epipelagic,10^2 g,0.25,15.75,7
epipelagic,10^2 g,0.25,16.25,15
epipelagic,10^2 g,0.25,16.75,12
epipelagic,10^2 g,0.25,17.25,18
epipelagic,10^2 g,0.25,17.75,41
epipelagic,10^2 g,0.25,18.25,65
epipelagic,10^2 g,0.25,18.75,79
epipelagic,10^2 g,0.25,19.25,112
epipelagic,10^2 g,0.25,19.75,157
epipelagic,10^2 g,0.25,20.25,45
epipelagic,10^2 g,0.25,20.75,20
epipelagic,10^2 g,0.25,21.25,8
epipelagic,10^2 g,0.25,21.75,3
epipelagic,10^2 g,0.25,22.25,3
epipelagic,10^2 g,0.75,11.75,1
epipelagic,10^2 g,0.75,12.75,8
epipelagic,10^2 g,0.75,13.25,6
epipelagic,10^2 g,0.75,13.75,5
epipelagic,10^2 g,0.75,14.25,1
epipelagic,10^2 g,0.75,14.75,2
epipelagic,10^2 g,0.75,15.25,1
epipelagic,10^2 g,0.75,16.25,1
epipelagic,10^2 g,0.75,16.75,1
epipelagic,10^2 g,0.75,17.25,1
epipelagic,10^2 g,0.75,17.75,6
epipelagic,10^2 g,0.75,18.25,10
epipelagic,10^2 g,0.75,18.75,16
epipelagic,10^2 g,0.75,19.25,18
epipelagic,10^2 g,0.75,19.75,51
epipelagic,10^2 g,0.75,20.25,23
epipelagic,10^2 g,0.75,20.75,12
epipelagic,10^2 g,0.75,21.25,3
epipelagic,10^2 g,0.75,21.75,2
epipelagic,10^2 g,0.75,24.25,1
epipelagic,10^2 g,1.25,11.75,1
epipelagic,10^2 g,1.25,12.25,1
epipelagic,10^2 g,1.25,12.75,3
epipelagic,10^2 g,1.25,13.25,3
epipelagic,10^2 g,1.25,16.75,2
epipelagic,10^2 g,1.25,17.75,3
epipelagic,10^2 g,1.25,18.25,5
epipelagic,10^2 g,1.25,18.75,18
epipelagic,10^2 g,1.25,19.25,37
epipelagic,10^2 g,1.25,19.75,47
epipelagic,10^2 g,1.25,20.25,28
epipelagic,10^2 g,1.25,20.75,7
epipelagic,10^2 g,1.25,21.25,2
epipelagic,10^2 g,1.25,21.75,2
epipelagic,10^2 g,1.25,22.25,3
epipelagic,10^2 g,1.25,22.75,1
epipelagic,10^2 g,1.75,6.75,1
epipelagic,10^2 g,1.75,9.25,2
epipelagic,10^2 g,1.75,9.75,1
epipelagic,10^2 g,1.75,10.75,1
epipelagic,10^2 g,1.75,11.25,1
epipelagic,10^2 g,1.75,12.25,2
epipelagic,10^2 g,1.75,12.75,4
epipelagic,10^2 g,1.75,13.25,3
epipelagic,10^2 g,1.75,17.25,1
epipelagic,10^2 g,1.75,17.75,5
epipelagic,10^2 g,1.75,18.25,5
epipelagic,10^2 g,1.75,18.75,13
epipelagic,10^2 g,1.75,19.25,21
epipelagic,10^2 g,1.75,19.75,26
epipelagic,10^2 g,1.75,20.25,44
epipelagic,10^2 g,1.75,20.75,18
epipelagic,10^2 g,1.75,21.25,3
epipelagic,10^2 g,1.75,21.75,3
epipelagic,10^2 g,1.75,22.25,1
epipelagic,10^2 g,2.25,11.25,1
epipelagic,10^2 g,2.25,12.25,1
epipelagic,10^2 g,2.25,13.25,1
epipelagic,10^2 g,2.25,15.25,1
epipelagic,10^2 g,2.25,15.75,1
epipelagic,10^2 g,2.25,17.25,4
epipelagic,10^2 g,2.25,17.75,5
epipelagic,10^2 g,2.25,18.25,5
epipelagic,10^2 g,2.25,18.75,8
epipelagic,10^2 g,2.25,19.25,6
epipelagic,10^2 g,2.25,19.75,18
epipelagic,10^2 g,2.25,20.25,60
epipelagic,10^2 g,2.25,20.75,7
epipelagic,10^2 g,2.25,21.25,2
epipelagic,10^2 g,2.25,21.75,2
epipelagic,10^2 g,2.75,4.75,1
epipelagic,10^2 g,2.75,6.75,5
epipelagic,10^2 g,2.75,7.25,1
epipelagic,10^2 g,2.75,8.25,1
epipelagic,10^2 g,2.75,10.75,1
epipelagic,10^2 g,2.75,11.75,2
epipelagic,10^2 g,2.75,12.25,2
epipelagic,10^2 g,2.75,12.75,2
epipelagic,10^2 g,2.75,13.25,4
epipelagic,10^2 g,2.75,13.75,2
epipelagic,10^2 g,2.75,14.75,1
epipelagic,10^2 g,2.75,16.25,6
epipelagic,10^2 g,2.75,17.75,3
epipelagic,10^2 g,2.75,18.25,5
epipelagic,10^2 g,2.75,18.75,15
epipelagic,10^2 g,2.75,19.25,18
epipelagic,10^2 g,2.75,19.75,10
epipelagic,10^2 g,2.75,20.25,52
epipelagic,10^2 g,2.75,20.75,8
epipelagic,10^2 g,2.75,21.25,1
epipelagic,10^2 g,2.75,21.75,4
epipelagic,10^2 g,3.25,3.75,2
epipelagic,10^2 g,3.25,4.25,4
epipelagic,10^2 g,3.25,4.75,2
epipelagic,10^2 g,3.25,5.25,2
epipelagic,10^2 g,3.25,5.75,2
epipelagic,10^2 g,3.25,6.75,1
epipelagic,10^2 g,3.25,7.25,1
epipelagic,10^2 g,3.25,7.75,2
epipelagic,10^2 g,3.25,8.75,1
epipelagic,10^2 g,3.25,11.75,1
epipelagic,10^2 g,3.25,12.25,1
epipelagic,10^2 g,3.25,12.75,3
epipelagic,10^2 g,3.25,13.25,3
epipelagic,10^2 g,3.25,13.75,1
epipelagic,10^2 g,3.25,14.25,2
epipelagic,10^2 g,3.25,14.75,2
epipelagic,10^2 g,3.25,15.25,1
epipelagic,10^2 g,3.25,15.75,6
epipelagic,10^2 g,3.25,16.25,6
epipelagic,10^2 g,3.25,16.75,5
epipelagic,10^2 g,3.25,17.25,3
epipelagic,10^2 g,3.25,17.75,10
epipelagic,10^2 g,3.25,18.25,17
epipelagic,10^2 g,3.25,18.75,73
epipelagic,10^2 g,3.25,19.25,122
epipelagic,10^2 g,3.25,19.75,43
epipelagic,10^2 g,3.25,20.25,56
epipelagic,10^2 g,3.25,20.75,4
epipelagic,10^2 g,3.25,21.25,13
epipelagic,10^2 g,3.25,21.75,20
epipelagic,10^2 g,3.25,22.25,1
epipelagic,10^2 g,3.75,4.75,1
epipelagic,10^2 g,3.75,5.25,1
epipelagic,10^2 g,3.75,6.25,1
epipelagic,10^2 g,3.75,7.25,2
epipelagic,10^2 g,3.75,8.75,1
epipelagic,10^2 g,3.75,9.75,2
epipelagic,10^2 g,3.75,10.75,1
epipelagic,10^2 g,3.75,11.25,1
epipelagic,10^2 g,3.75,11.75,1
epipelagic,10^2 g,3.75,12.25,1
epipelagic,10^2 g,3.75,12.75,1
epipelagic,10^2 g,3.75,13.25,3
epipelagic,10^2 g,3.75,13.75,2
epipelagic,10^2 g,3.75,14.75,1
epipelagic,10^2 g,3.75,15.25,2
epipelagic,10^2 g,3.75,15.75,4
epipelagic,10^2 g,3.75,16.25,4
epipelagic,10^2 g,3.75,16.75,6
epipelagic,10^2 g,3.75,17.25,10
epipelagic,10^2 g,3.75,17.75,11
epipelagic,10^2 g,3.75,18.25,10
epipelagic,10^2 g,3.75,18.75,6
epipelagic,10^2 g,3.75,19.25,32
epipelagic,10^2 g,3.75,19.75,18
epipelagic,10^2 g,3.75,20.25,24
epipelagic,10^2 g,3.75,20.75,16
epipelagic,10^2 g,3.75,21.25,3
epipelagic,10^2 g,3.75,21.75,29
epipelagic,10^2 g,3.75,22.25,2
epipelagic,10^2 g,4.25,4.75,1
epipelagic,10^2 g,4.25,6.25,1
epipelagic,10^2 g,4.25,6.75,1
epipelagic,10^2 g,4.25,8.25,1
epipelagic,10^2 g,4.25,10.25,1
epipelagic,10^2 g,4.25,10.75,1
epipelagic,10^2 g,4.25,11.25,1
epipelagic,10^2 g,4.25,11.75,2
epipelagic,10^2 g,4.25,12.25,1
epipelagic,10^2 g,4.25,13.75,2
epipelagic,10^2 g,4.25,14.25,4
epipelagic,10^2 g,4.25,14.75,4
epipelagic,10^2 g,4.25,15.75,1
epipelagic,10^2 g,4.25,16.25,1
epipelagic,10^2 g,4.25,17.25,3
epipelagic,10^2 g,4.25,17.75,6
epipelagic,10^2 g,4.25,18.25,7
epipelagic,10^2 g,4.25,18.75,2
epipelagic,10^2 g,4.25,19.25,2
epipelagic,10^2 g,4.25,19.75,4
epipelagic,10^2 g,4.25,20.25,18
epipelagic,10^2 g,4.25,20.75,17
epipelagic,10^2 g,4.25,21.25,6
epipelagic,10^2 g,4.25,21.75,25
epipelagic,10^2 g,4.25,22.25,2
epipelagic,10^2 g,4.75,2.75,2
epipelagic,10^2 g,4.75,3.25,1
epipelagic,10^2 g,4.75,5.75,2
epipelagic,10^2 g,4.75,6.25,1
epipelagic,10^2 g,4.75,6.75,3
epipelagic,10^2 g,4.75,8.25,1
epipelagic,10^2 g,4.75,10.25,3
epipelagic,10^2 g,4.75,11.25,1
epipelagic,10^2 g,4.75,12.25,4
epipelagic,10^2 g,4.75,14.25,1
epipelagic,10^2 g,4.75,14.75,1
epipelagic,10^2 g,4.75,15.25,1
epipelagic,10^2 g,4.75,17.25,5
epipelagic,10^2 g,4.75,18.75,1
epipelagic,10^2 g,4.75,19.25,1
epipelagic,10^2 g,4.75,19.75,2
epipelagic,10^2 g,4.75,20.25,13
epipelagic,10^2 g,4.75,20.75,12
epipelagic,10^2 g,4.75,21.25,11
epipelagic,10^2 g,4.75,21.75,23
epipelagic,10^2 g,4.75,22.25,5
epipelagic,10^2 g,4.75,22.75,1
epipelagic,10^2 g,5.25,1.75,1
epipelagic,10^2 g,5.25,2.25,1
epipelagic,10^2 g,5.25,3.25,1
epipelagic,10^2 g,5.25,4.25,3
epipelagic,10^2 g,5.25,4.75,1
epipelagic,10^2 g,5.25,5.25,2
epipelagic,10^2 g,5.25,5.75,2
epipelagic,10^2 g,5.25,6.25,1
epipelagic,10^2 g,5.25,6.75,1
epipelagic,10^2 g,5.25,7.25,1
epipelagic,10^2 g,5.25,7.75,1
epipelagic,10^2 g,5.25,8.25,1
epipelagic,10^2 g,5.25,9.25,1
epipelagic,10^2 g,5.25,9.75,2
epipelagic,10^2 g,5.25,10.75,2
epipelagic,10^2 g,5.25,11.25,5
epipelagic,10^2 g,5.25,11.75,2
epipelagic,10^2 g,5.25,12.25,2
epipelagic,10^2 g,5.25,12.75,2
epipelagic,10^2 g,5.25,13.75,1
epipelagic,10^2 g,5.25,15.25,3
epipelagic,10^2 g,5.25,15.75,1
epipelagic,10^2 g,5.25,16.25,1
epipelagic,10^2 g,5.25,16.75,2
epipelagic,10^2 g,5.25,17.75,1
epipelagic,10^2 g,5.25,18.25,1
epipelagic,10^2 g,5.25,18.75,1
epipelagic,10^2 g,5.25,19.25,1
epipelagic,10^2 g,5.25,19.75,1
epipelagic,10^2 g,5.25,20.25,11
epipelagic,10^2 g,5.25,20.75,12
epipelagic,10^2 g,5.25,21.25,12
epipelagic,10^2 g,5.25,21.75,20
epipelagic,10^2 g,5.25,22.25,4
epipelagic,10^2 g,5.25,22.75,1
epipelagic,10^2 g,5.75,2.25,1
epipelagic,10^2 g,5.75,4.75,1
epipelagic,10^2 g,5.75,5.25,1
epipelagic,10^2 g,5.75,6.75,1
epipelagic,10^2 g,5.75,7.75,1
epipelagic,10^2 g,5.75,8.25,2
epipelagic,10^2 g,5.75,8.75,1
epipelagic,10^2 g,5.75,10.25,1
epipelagic,10^2 g,5.75,10.75,4
epipelagic,10^2 g,5.75,11.25,1
epipelagic,10^2 g,5.75,11.75,1
epipelagic,10^2 g,5.75,12.25,2
epipelagic,10^2 g,5.75,12.75,3
epipelagic,10^2 g,5.75,13.25,2
epipelagic,10^2 g,5.75,13.75,2
epipelagic,10^2 g,5.75,14.25,1
epipelagic,10^2 g,5.75,14.75,2
epipelagic,10^2 g,5.75,15.75,3
epipelagic,10^2 g,5.75,16.25,1
epipelagic,10^2 g,5.75,16.75,2
epipelagic,10^2 g,5.75,17.75,1
epipelagic,10^2 g,5.75,18.25,1
epipelagic,10^2 g,5.75,18.75,1
epipelagic,10^2 g,5.75,19.25,3
epipelagic,10^2 g,5.75,20.25,6
epipelagic,10^2 g,5.75,20.75,29
epipelagic,10^2 g,5.75,21.25,9
epipelagic,10^2 g,5.75,21.75,29
epipelagic,10^2 g,5.75,22.25,9
epipelagic,10^2 g,6.25,5.25,1
epipelagic,10^2 g,6.25,7.25,1
epipelagic,10^2 g,6.25,8.25,1
epipelagic,10^2 g,6.25,9.75,1
epipelagic,10^2 g,6.25,12.25,2
epipelagic,10^2 g,6.25,13.25,5
epipelagic,10^2 g,6.25,13.75,4
epipelagic,10^2 g,6.25,15.25,1
epipelagic,10^2 g,6.25,16.25,2
epipelagic,10^2 g,6.25,16.75,1
epipelagic,10^2 g,6.25,17.75,1
epipelagic,10^2 g,6.25,19.25,2
epipelagic,10^2 g,6.25,19.75,6
epipelagic,10^2 g,6.25,20.25,17
epipelagic,10^2 g,6.25,20.75,29
epipelagic,10^2 g,6.25,21.25,17
epipelagic,10^2 g,6.25,21.75,8
epipelagic,10^2 g,6.25,22.25,4
epipelagic,10^2 g,6.75,2.75,1
epipelagic,10^2 g,6.75,4.25,2
epipelagic,10^2 g,6.75,7.25,1
epipelagic,10^2 g,6.75,9.25,3
epipelagic,10^2 g,6.75,14.25,2
epipelagic,10^2 g,6.75,14.75,2
epipelagic,10^2 g,6.75,15.25,1
epipelagic,10^2 g,6.75,15.75,1
epipelagic,10^2 g,6.75,16.25,1
epipelagic,10^2 g,6.75,17.75,1
epipelagic,10^2 g,6.75,18.25,2
epipelagic,10^2 g,6.75,18.75,1
epipelagic,10^2 g,6.75,19.25,6
epipelagic,10^2 g,6.75,19.75,3
epipelagic,10^2 g,6.75,20.25,23
epipelagic,10^2 g,6.75,20.75,25
epipelagic,10^2 g,6.75,21.25,19
epipelagic,10^2 g,6.75,21.75,16
epipelagic,10^2 g,6.75,22.25,5
epipelagic,10^2 g,7.25,3.75,1
epipelagic,10^2 g,7.25,4.75,1
epipelagic,10^2 g,7.25,6.25,1
epipelagic,10^2 g,7.25,7.25,1
epipelagic,10^2 g,7.25,8.25,2
epipelagic,10^2 g,7.25,9.25,2
epipelagic,10^2 g,7.25,13.75,2
epipelagic,10^2 g,7.25,14.25,1
epipelagic,10^2 g,7.25,14.75,2
epipelagic,10^2 g,7.25,15.25,3
epipelagic,10^2 g,7.25,17.75,5
epipelagic,10^2 g,7.25,18.25,1
epipelagic,10^2 g,7.25,18.75,6
epipelagic,10^2 g,7.25,19.25,21
epipelagic,10^2 g,7.25,19.75,38
epipelagic,10^2 g,7.25,20.25,16
epipelagic,10^2 g,7.25,20.75,18
epipelagic,10^2 g,7.25,21.25,7
epipelagic,10^2 g,7.25,21.75,30
epipelagic,10^2 g,7.25,22.25,6
epipelagic,10^2 g,7.25,22.75,1
epipelagic,10^2 g,7.75,4.75,1
epipelagic,10^2 g,7.75,5.75,1
epipelagic,10^2 g,7.75,7.25,1
epipelagic,10^2 g,7.75,8.25,1
epipelagic,10^2 g,7.75,9.25,1
epipelagic,10^2 g,7.75,9.75,1
epipelagic,10^2 g,7.75,10.25,1
epipelagic,10^2 g,7.75,13.25,1
epipelagic,10^2 g,7.75,13.75,1
epipelagic,10^2 g,7.75,14.25,2
epipelagic,10^2 g,7.75,14.75,3
epipelagic,10^2 g,7.75,15.75,3
epipelagic,10^2 g,7.75,16.75,1
epipelagic,10^2 g,7.75,17.25,3
epipelagic,10^2 g,7.75,17.75,4
epipelagic,10^2 g,7.75,18.25,5
epipelagic,10^2 g,7.75,18.75,2
epipelagic,10^2 g,7.75,19.25,4
epipelagic,10^2 g,7.75,19.75,34
epipelagic,10^2 g,7.75,20.25,56
epipelagic,10^2 g,7.75,20.75,16
epipelagic,10^2 g,7.75,21.25,8
epipelagic,10^2 g,7.75,21.75,15
epipelagic,10^2 g,7.75,22.25,14
epipelagic,10^2 g,7.75,22.75,3
epipelagic,10^2 g,8.25,4.25,1
epipelagic,10^2 g,8.25,5.25,1
epipelagic,10^2 g,8.25,6.75,1
epipelagic,10^2 g,8.25,8.75,1
epipelagic,10^2 g,8.25,9.25,1
epipelagic,10^2 g,8.25,11.75,1
epipelagic,10^2 g,8.25,12.75,1
epipelagic,10^2 g,8.25,13.25,2
epipelagic,10^2 g,8.25,14.75,3
epipelagic,10^2 g,8.25,15.25,1
epipelagic,10^2 g,8.25,15.75,3
epipelagic,10^2 g,8.25,16.25,2
epipelagic,10^2 g,8.25,16.75,7
epipelagic,10^2 g,8.25,17.75,6
epipelagic,10^2 g,8.25,18.25,2
epipelagic,10^2 g,8.25,18.75,1
epipelagic,10^2 g,8.25,19.25,2
epipelagic,10^2 g,8.25,19.75,6
epipelagic,10^2 g,8.25,20.25,42
epipelagic,10^2 g,8.25,20.75,34
epipelagic,10^2 g,8.25,21.25,7
epipelagic,10^2 g,8.25,21.75,4
epipelagic,10^2 g,8.25,22.25,2
epipelagic,10^2 g,8.25,22.75,5
epipelagic,10^2 g,8.75,4.75,1
epipelagic,10^2 g,8.75,5.75,1
epipelagic,10^2 g,8.75,8.25,1
epipelagic,10^2 g,8.75,9.25,1
epipelagic,10^2 g,8.75,10.75,1
epipelagic,10^2 g,8.75,11.25,1
epipelagic,10^2 g,8.75,12.75,1
epipelagic,10^2 g,8.75,13.75,1
epipelagic,10^2 g,8.75,14.25,2
epipelagic,10^2 g,8.75,14.75,1
epipelagic,10^2 g,8.75,15.25,1
epipelagic,10^2 g,8.75,15.75,1
epipelagic,10^2 g,8.75,16.25,2
epipelagic,10^2 g,8.75,16.75,1
epipelagic,10^2 g,8.75,17.25,8
epipelagic,10^2 g,8.75,17.75,5
epipelagic,10^2 g,8.75,18.25,5
epipelagic,10^2 g,8.75,18.75,4
epipelagic,10^2 g,8.75,19.25,3
epipelagic,10^2 g,8.75,19.75,5
epipelagic,10^2 g,8.75,20.25,22
epipelagic,10^2 g,8.75,20.75,54
epipelagic,10^2 g,8.75,21.25,18
epipelagic,10^2 g,8.75,21.75,10
epipelagic,10^2 g,8.75,22.25,1
epipelagic,10^2 g,9.25,7.75,1
epipelagic,10^2 g,9.25,9.25,2
epipelagic,10^2 g,9.25,9.75,3
epipelagic,10^2 g,9.25,13.75,1
epipelagic,10^2 g,9.25,14.25,4
epipelagic,10^2 g,9.25,14.75,1
epipelagic,10^2 g,9.25,15.75,1
epipelagic,10^2 g,9.25,16.75,1
epipelagic,10^2 g,9.25,17.25,9
epipelagic,10^2 g,9.25,17.75,4
epipelagic,10^2 g,9.25,18.25,1
epipelagic,10^2 g,9.25,18.75,4
epipelagic,10^2 g,9.25,19.25,2
epipelagic,10^2 g,9.25,19.75,5
epipelagic,10^2 g,9.25,20.25,36
epipelagic,10^2 g,9.25,20.75,23
epipelagic,10^2 g,9.25,21.25,24
epipelagic,10^2 g,9.25,21.75,12
epipelagic,10^2 g,9.25,22.25,2
epipelagic,10^2 g,9.75,10.25,2
epipelagic,10^2 g,9.75,12.25,1
epipelagic,10^2 g,9.75,13.75,1
epipelagic,10^2 g,9.75,14.75,1
epipelagic,10^2 g,9.75,15.25,2
epipelagic,10^2 g,9.75,15.75,1
epipelagic,10^2 g,9.75,17.25,2
epipelagic,10^2 g,9.75,17.75,6
epipelagic,10^2 g,9.75,18.75,1
epipelagic,10^2 g,9.75,19.25,7
epipelagic,10^2 g,9.75,19.75,11
epipelagic,10^2 g,9.75,20.25,43
epipelagic,10^2 g,9.75,20.75,36
epipelagic,10^2 g,9.75,21.25,21
epipelagic,10^2 g,9.75,21.75,12
epipelagic,10^2 g,9.75,22.25,1
epipelagic,10^2 g,9.75,22.75,2
epipelagic,10^2 g,10.25,1.25,1
epipelagic,10^2 g,10.25,1.75,1
epipelagic,10^2 g,10.25,5.75,1
epipelagic,10^2 g,10.25,7.75,1
epipelagic,10^2 g,10.25,10.25,1
epipelagic,10^2 g,10.25,13.75,1
epipelagic,10^2 g,10.25,14.25,1
epipelagic,10^2 g,10.25,14.75,3
epipelagic,10^2 g,10.25,15.75,1
epipelagic,10^2 g,10.25,17.75,2
epipelagic,10^2 g,10.25,18.25,3
epipelagic,10^2 g,10.25,19.75,34
epipelagic,10^2 g,10.25,20.25,56
epipelagic,10^2 g,10.25,20.75,20
epipelagic,10^2 g,10.25,21.25,20
epipelagic,10^2 g,10.25,21.75,16
epipelagic,10^2 g,10.25,22.25,2
epipelagic,10^2 g,10.75,2.75,1
epipelagic,10^2 g,10.75,4.25,1
epipelagic,10^2 g,10.75,4.75,2
epipelagic,10^2 g,10.75,7.25,1
epipelagic,10^2 g,10.75,7.75,1
epipelagic,10^2 g,10.75,10.75,1
epipelagic,10^2 g,10.75,11.75,1
epipelagic,10^2 g,10.75,12.25,2
epipelagic,10^2 g,10.75,15.25,2
epipelagic,10^2 g,10.75,16.25,1
epipelagic,10^2 g,10.75,16.75,4
epipelagic,10^2 g,10.75,18.25,5
epipelagic,10^2 g,10.75,18.75,1
epipelagic,10^2 g,10.75,19.25,2
epipelagic,10^2 g,10.75,19.75,11
epipelagic,10^2 g,10.75,20.25,43
epipelagic,10^2 g,10.75,20.75,29
epipelagic,10^2 g,10.75,21.25,17
epipelagic,10^2 g,10.75,21.75,26
epipelagic,10^2 g,10.75,22.25,3
epipelagic,10^2 g,10.75,22.75,1
epipelagic,10^2 g,11.25,3.25,1
epipelagic,10^2 g,11.25,4.25,1
epipelagic,10^2 g,11.25,6.25,2
epipelagic,10^2 g,11.25,6.75,1
epipelagic,10^2 g,11.25,14.25,1
epipelagic,10^2 g,11.25,15.25,3
epipelagic,10^2 g,11.25,15.75,1
epipelagic,10^2 g,11.25,16.25,1
epipelagic,10^2 g,11.25,16.75,1
epipelagic,10^2 g,11.25,17.25,3
epipelagic,10^2 g,11.25,18.25,1
epipelagic,10^2 g,11.25,18.75,4
epipelagic,10^2 g,11.25,19.25,3
epipelagic,10^2 g,11.25,19.75,1
epipelagic,10^2 g,11.25,20.25,15
epipelagic,10^2 g,11.25,20.75,15
epipelagic,10^2 g,11.25,21.25,15
epipelagic,10^2 g,11.25,21.75,17
epipelagic,10^2 g,11.25,22.25,4
epipelagic,10^2 g,11.25,22.75,1
epipelagic,10^2 g,11.75,1.75,1
epipelagic,10^2 g,11.75,6.75,2
epipelagic,10^2 g,11.75,7.25,1
epipelagic,10^2 g,11.75,8.25,1
epipelagic,10^2 g,11.75,10.75,1
epipelagic,10^2 g,11.75,11.75,1
epipelagic,10^2 g,11.75,12.75,1
epipelagic,10^2 g,11.75,14.25,1
epipelagic,10^2 g,11.75,15.75,1
epipelagic,10^2 g,11.75,16.25,1
epipelagic,10^2 g,11.75,17.25,3
epipelagic,10^2 g,11.75,17.75,1
epipelagic,10^2 g,11.75,18.75,1
epipelagic,10^2 g,11.75,19.25,5
epipelagic,10^2 g,11.75,19.75,2
epipelagic,10^2 g,11.75,20.25,9
epipelagic,10^2 g,11.75,20.75,8
epipelagic,10^2 g,11.75,21.25,10
epipelagic,10^2 g,11.75,21.75,3
epipelagic,10^2 g,11.75,22.25,1
epipelagic,10^2 g,12.25,1.75,1
epipelagic,10^2 g,12.25,6.75,1
epipelagic,10^2 g,12.25,8.75,1
epipelagic,10^2 g,12.25,12.75,1
epipelagic,10^2 g,12.25,13.25,2
epipelagic,10^2 g,12.25,15.25,1
epipelagic,10^2 g,12.25,15.75,1
epipelagic,10^2 g,12.25,16.25,1
epipelagic,10^2 g,12.25,17.25,2
epipelagic,10^2 g,12.25,19.25,1
epipelagic,10^2 g,12.25,19.75,1
epipelagic,10^2 g,12.25,20.25,2
epipelagic,10^2 g,12.25,21.25,14
epipelagic,10^2 g,12.25,21.75,9
epipelagic,10^2 g,12.25,22.25,6
epipelagic,10^2 g,12.75,2.75,2
epipelagic,10^2 g,12.75,7.75,1
epipelagic,10^2 g,12.75,15.25,1
epipelagic,10^2 g,12.75,17.25,1
epipelagic,10^2 g,12.75,17.75,1
epipelagic,10^2 g,12.75,18.25,1
epipelagic,10^2 g,12.75,19.25,3
epipelagic,10^2 g,12.75,20.25,9
epipelagic,10^2 g,12.75,20.75,3
epipelagic,10^2 g,12.75,21.75,13
epipelagic,10^2 g,12.75,22.25,9
epipelagic,10^2 g,13.25,10.25,1
epipelagic,10^2 g,13.25,11.25,1
epipelagic,10^2 g,13.25,12.25,1
epipelagic,10^2 g,13.25,12.75,1
epipelagic,10^2 g,13.25,15.25,1
epipelagic,10^2 g,13.25,15.75,2
epipelagic,10^2 g,13.25,16.25,6
epipelagic,10^2 g,13.25,16.75,1
epipelagic,10^2 g,13.25,17.25,7
epipelagic,10^2 g,13.25,17.75,5
epipelagic,10^2 g,13.25,18.25,2
epipelagic,10^2 g,13.25,18.75,3
epipelagic,10^2 g,13.25,19.25,5
epipelagic,10^2 g,13.25,19.75,2
epipelagic,10^2 g,13.25,20.75,2
epipelagic,10^2 g,13.25,21.75,3
epipelagic,10^2 g,13.25,22.25,2
epipelagic,10^2 g,13.75,6.75,1
epipelagic,10^2 g,13.75,8.25,1
epipelagic,10^2 g,13.75,10.75,1
epipelagic,10^2 g,13.75,13.75,1
epipelagic,10^2 g,13.75,14.25,1
epipelagic,10^2 g,13.75,17.75,5
epipelagic,10^2 g,13.75,18.25,3
epipelagic,10^2 g,13.75,18.75,4
epipelagic,10^2 g,13.75,19.25,4
epipelagic,10^2 g,13.75,19.75,9
epipelagic,10^2 g,13.75,20.25,5
epipelagic,10^2 g,13.75,20.75,2
epipelagic,10^2 g,13.75,21.25,2
epipelagic,10^2 g,13.75,21.75,1
epipelagic,10^2 g,13.75,22.25,3
epipelagic,10^2 g,14.25,1.75,1
epipelagic,10^2 g,14.25,7.25,1
epipelagic,10^2 g,14.25,7.75,1
epipelagic,10^2 g,14.25,8.75,1
epipelagic,10^2 g,14.25,10.25,1
epipelagic,10^2 g,14.25,14.75,3
epipelagic,10^2 g,14.25,16.75,1
epipelagic,10^2 g,14.25,17.75,1
epipelagic,10^2 g,14.25,18.25,1
epipelagic,10^2 g,14.25,19.25,5
epipelagic,10^2 g,14.25,19.75,8
epipelagic,10^2 g,14.25,20.25,12
epipelagic,10^2 g,14.25,20.75,7
epipelagic,10^2 g,14.25,21.25,4
epipelagic,10^2 g,14.25,21.75,3
epipelagic,10^2 g,14.25,22.25,2
epipelagic,10^2 g,14.75,1.75,2
epipelagic,10^2 g,14.75,10.25,1
epipelagic,10^2 g,14.75,11.75,1
epipelagic,10^2 g,14.75,14.25,1
epipelagic,10^2 g,14.75,15.25,2
epipelagic,10^2 g,14.75,16.25,1
epipelagic,10^2 g,14.75,16.75,1
epipelagic,10^2 g,14.75,18.75,1
epipelagic,10^2 g,14.75,19.25,1
epipelagic,10^2 g,14.75,19.75,3
epipelagic,10^2 g,14.75,20.25,5
epipelagic,10^2 g,14.75,20.75,7
epipelagic,10^2 g,14.75,21.25,14
epipelagic,10^2 g,14.75,21.75,5
epipelagic,10^2 g,14.75,22.25,1
epipelagic,10^2 g,15.25,9.25,1
epipelagic,10^2 g,15.25,11.25,1
epipelagic,10^2 g,15.25,13.75,1
epipelagic,10^2 g,15.25,14.75,1
epipelagic,10^2 g,15.25,15.75,1
epipelagic,10^2 g,15.25,17.25,1
epipelagic,10^2 g,15.25,18.25,1
epipelagic,10^2 g,15.25,19.75,3
epipelagic,10^2 g,15.25,20.25,2
epipelagic,10^2 g,15.25,20.75,6
epipelagic,10^2 g,15.25,21.25,9
epipelagic,10^2 g,15.25,21.75,6
epipelagic,10^2 g,15.25,22.25,1
epipelagic,10^2 g,15.75,5.25,1
epipelagic,10^2 g,15.75,11.75,1
epipelagic,10^2 g,15.75,15.75,1
epipelagic,10^2 g,15.75,16.25,3
epipelagic,10^2 g,15.75,17.75,1
epipelagic,10^2 g,15.75,20.25,3
epipelagic,10^2 g,15.75,20.75,5
epipelagic,10^2 g,15.75,21.25,5
epipelagic,10^2 g,15.75,21.75,6
epipelagic,10^2 g,15.75,22.25,1
epipelagic,10^2 g,16.25,5.25,1
epipelagic,10^2 g,16.25,8.25,1
epipelagic,10^2 g,16.25,9.75,1
epipelagic,10^2 g,16.25,10.25,1
epipelagic,10^2 g,16.25,10.75,1
epipelagic,10^2 g,16.25,12.25,1
epipelagic,10^2 g,16.25,14.75,2
epipelagic,10^2 g,16.25,15.75,1
epipelagic,10^2 g,16.25,16.25,1
epipelagic,10^2 g,16.25,16.75,1
epipelagic,10^2 g,16.25,18.25,1
epipelagic,10^2 g,16.25,18.75,1
epipelagic,10^2 g,16.25,20.25,1
epipelagic,10^2 g,16.25,20.75,5
epipelagic,10^2 g,16.25,21.25,9
epipelagic,10^2 g,16.25,21.75,6
epipelagic,10^2 g,16.25,22.75,1
epipelagic,10^2 g,16.75,9.75,1
epipelagic,10^2 g,16.75,11.25,1
epipelagic,10^2 g,16.75,13.75,1
epipelagic,10^2 g,16.75,15.25,1
epipelagic,10^2 g,16.75,15.75,1
epipelagic,10^2 g,16.75,16.25,2
epipelagic,10^2 g,16.75,16.75,2
epipelagic,10^2 g,16.75,17.25,2
epipelagic,10^2 g,16.75,17.75,1
epipelagic,10^2 g,16.75,18.75,1
epipelagic,10^2 g,16.75,19.25,1
epipelagic,10^2 g,16.75,20.25,1
epipelagic,10^2 g,16.75,20.75,2
epipelagic,10^2 g,16.75,21.25,6
epipelagic,10^2 g,16.75,21.75,6
epipelagic,10^2 g,16.75,22.25,3
epipelagic,10^2 g,16.75,22.75,2
epipelagic,10^2 g,17.25,12.25,1
epipelagic,10^2 g,17.25,16.25,1
epipelagic,10^2 g,17.25,16.75,1
epipelagic,10^2 g,17.25,17.25,3
epipelagic,10^2 g,17.25,17.75,5
epipelagic,10^2 g,17.25,18.25,1
epipelagic,10^2 g,17.25,19.75,1
epipelagic,10^2 g,17.25,21.25,6
epipelagic,10^2 g,17.25,21.75,1
epipelagic,10^2 g,17.25,22.25,1
epipelagic,10^2 g,17.75,11.75,1
epipelagic,10^2 g,17.75,16.75,1
epipelagic,10^2 g,17.75,17.75,1
epipelagic,10^2 g,17.75,18.25,4
epipelagic,10^2 g,17.75,19.25,1
epipelagic,10^2 g,17.75,20.25,3
epipelagic,10^2 g,17.75,20.75,2
epipelagic,10^2 g,17.75,21.25,4
epipelagic,10^2 g,17.75,21.75,2
epipelagic,10^2 g,18.25,10.75,3
epipelagic,10^2 g,18.25,13.25,1
epipelagic,10^2 g,18.25,14.25,1
epipelagic,10^2 g,18.25,15.25,1
epipelagic,10^2 g,18.25,16.75,1
epipelagic,10^2 g,18.25,17.25,1
epipelagic,10^2 g,18.25,18.25,2
epipelagic,10^2 g,18.25,18.75,3
epipelagic,10^2 g,18.25,19.25,4
epipelagic,10^2 g,18.25,20.75,1
epipelagic,10^2 g,18.25,21.25,5
epipelagic,10^2 g,18.25,21.75,3
epipelagic,10^2 g,18.25,22.25,1
epipelagic,10^2 g,18.75,12.25,1
epipelagic,10^2 g,18.75,17.25,1
epipelagic,10^2 g,18.75,18.75,1
epipelagic,10^2 g,18.75,19.25,1
epipelagic,10^2 g,18.75,19.75,4
epipelagic,10^2 g,18.75,21.25,13
epipelagic,10^2 g,18.75,21.75,5
epipelagic,10^2 g,19.25,14.25,1
epipelagic,10^2 g,19.25,18.75,1
epipelagic,10^2 g,19.25,19.75,1
epipelagic,10^2 g,19.25,20.25,1
epipelagic,10^2 g,19.25,21.25,5
epipelagic,10^2 g,19.25,21.75,2
epipelagic,10^2 g,19.25,22.25,1
epipelagic,10^2 g,19.75,17.75,1
epipelagic,10^2 g,19.75,18.25,1
epipelagic,10^2 g,19.75,20.75,2
epipelagic,10^2 g,19.75,21.75,2
epipelagic,10^2 g,19.75,22.25,3
epipelagic,10^2 g,19.75,22.75,1
epipelagic,10^2 g,20.25,11.75,1
epipelagic,10^2 g,20.25,12.25,1
epipelagic,10^2 g,20.25,12.75,1
epipelagic,10^2 g,20.25,13.25,1
epipelagic,10^2 g,20.25,17.75,1
epipelagic,10^2 g,20.25,18.25,1
epipelagic,10^2 g,20.25,19.75,1
epipelagic,10^2 g,20.25,20.75,1
epipelagic,10^2 g,20.25,21.25,7
epipelagic,10^2 g,20.25,22.25,1
epipelagic,10^2 g,20.25,22.75,1
epipelagic,10^2 g,20.75,13.75,1
epipelagic,10^2 g,20.75,16.75,1
epipelagic,10^2 g,20.75,17.25,2
epipelagic,10^2 g,20.75,19.25,1
epipelagic,10^2 g,20.75,19.75,1
epipelagic,10^2 g,20.75,21.25,1
epipelagic,10^2 g,20.75,21.75,1
epipelagic,10^2 g,20.75,22.25,3
epipelagic,10^2 g,20.75,22.75,2
epipelagic,10^2 g,21.25,16.25,1
epipelagic,10^2 g,21.25,18.25,2
epipelagic,10^2 g,21.25,19.75,2
epipelagic,10^2 g,21.25,20.25,1
epipelagic,10^2 g,21.25,20.75,1
epipelagic,10^2 g,21.25,21.25,5
epipelagic,10^2 g,21.25,21.75,2
epipelagic,10^2 g,21.25,22.25,4
epipelagic,10^2 g,21.25,22.75,1
epipelagic,10^2 g,21.75,6.25,1
epipelagic,10^2 g,21.75,6.75,1
epipelagic,10^2 g,21.75,13.75,2
epipelagic,10^2 g,21.75,14.25,1
epipelagic,10^2 g,21.75,16.75,1
epipelagic,10^2 g,21.75,17.75,1
epipelagic,10^2 g,21.75,19.25,1
epipelagic,10^2 g,21.75,19.75,1
epipelagic,10^2 g,21.75,20.25,1
epipelagic,10^2 g,21.75,20.75,3
epipelagic,10^2 g,21.75,21.25,3
epipelagic,10^2 g,21.75,21.75,9
epipelagic,10^2 g,21.75,22.25,5
epipelagic,10^2 g,22.25,15.75,1
epipelagic,10^2 g,22.25,19.75,1
epipelagic,10^2 g,22.25,20.25,2
epipelagic,10^2 g,22.25,20.75,4
epipelagic,10^2 g,22.25,21.25,3
epipelagic,10^2 g,22.25,21.75,2
epipelagic,10^2 g,22.25,22.25,1
epipelagic,10^2 g,22.25,25.25,1
epipelagic,10^2 g,22.75,13.25,1
epipelagic,10^2 g,22.75,17.75,1
epipelagic,10^2 g,22.75,19.25,1
epipelagic,10^2 g,22.75,20.25,2
epipelagic,10^2 g,22.75,20.75,8
epipelagic,10^2 g,22.75,21.25,1
epipelagic,10^2 g,22.75,21.75,1
epipelagic,10^2 g,22.75,22.25,1
epipelagic,10^2 g,23.25,9.75,1
epipelagic,10^2 g,23.25,11.75,1
epipelagic,10^2 g,23.25,17.25,2
epipelagic,10^2 g,23.25,17.75,1
epipelagic,10^2 g,23.25,19.25,2
epipelagic,10^2 g,23.25,19.75,1
epipelagic,10^2 g,23.25,20.75,4
epipelagic,10^2 g,23.25,21.25,7
epipelagic,10^2 g,23.25,21.75,4
epipelagic,10^2 g,23.25,22.25,3
epipelagic,10^2 g,23.25,22.75,2
epipelagic,10^2 g,23.75,16.25,2
epipelagic,10^2 g,23.75,16.75,1
epipelagic,10^2 g,23.75,17.75,1
epipelagic,10^2 g,23.75,18.25,1
epipelagic,10^2 g,23.75,18.75,1
epipelagic,10^2 g,23.75,19.75,1
epipelagic,10^2 g,23.75,20.25,1
epipelagic,10^2 g,23.75,20.75,7
epipelagic,10^2 g,23.75,21.25,2
epipelagic,10^2 g,23.75,21.75,2
epipelagic,10^2 g,23.75,22.25,4
epipelagic,10^2 g,23.75,22.75,2
epipelagic,10^2 g,24.25,10.25,2
epipelagic,10^2 g,24.25,10.75,1
epipelagic,10^2 g,24.25,17.25,3
epipelagic,10^2 g,24.25,18.25,2
epipelagic,10^2 g,24.25,19.25,2
epipelagic,10^2 g,24.25,19.75,3
epipelagic,10^2 g,24.25,20.25,2
epipelagic,10^2 g,24.25,20.75,5
epipelagic,10^2 g,24.25,21.25,8
epipelagic,10^2 g,24.25,21.75,3
epipelagic,10^2 g,24.75,8.75,1
epipelagic,10^2 g,24.75,10.75,1
epipelagic,10^2 g,24.75,11.25,1
epipelagic,10^2 g,24.75,11.75,1
epipelagic,10^2 g,24.75,13.75,1
epipelagic,10^2 g,24.75,14.25,1
epipelagic,10^2 g,24.75,15.75,1
epipelagic,10^2 g,24.75,17.75,2
epipelagic,10^2 g,24.75,18.25,2
epipelagic,10^2 g,24.75,19.25,2
epipelagic,10^2 g,24.75,19.75,2
epipelagic,10^2 g,24.75,20.25,1
epipelagic,10^2 g,24.75,20.75,2
epipelagic,10^2 g,24.75,21.25,3
epipelagic,10^2 g,24.75,21.75,7
epipelagic,10^2 g,24.75,22.25,3
epipelagic,10^2 g,25.25,9.25,2
epipelagic,10^2 g,25.25,14.25,1
epipelagic,10^2 g,25.25,16.75,1
epipelagic,10^2 g,25.25,17.75,1
epipelagic,10^2 g,25.25,18.25,1
epipelagic,10^2 g,25.25,18.75,2
epipelagic,10^2 g,25.25,19.25,1
epipelagic,10^2 g,25.25,19.75,1
epipelagic,10^2 g,25.25,20.25,1
epipelagic,10^2 g,25.25,20.75,3
epipelagic,10^2 g,25.25,21.25,12
epipelagic,10^2 g,25.25,21.75,8
epipelagic,10^2 g,25.25,22.25,2
epipelagic,10^2 g,25.25,22.75,1
epipelagic,10^2 g,25.75,11.25,1
epipelagic,10^2 g,25.75,12.25,1
epipelagic,10^2 g,25.75,12.75,1
epipelagic,10^2 g,25.75,13.75,1
epipelagic,10^2 g,25.75,15.25,1
epipelagic,10^2 g,25.75,17.25,1
epipelagic,10^2 g,25.75,18.75,1
epipelagic,10^2 g,25.75,19.25,1
epipelagic,10^2 g,25.75,19.75,1
epipelagic,10^2 g,25.75,20.25,1
epipelagic,10^2 g,25.75,20.75,1
epipelagic,10^2 g,25.75,21.25,6
epipelagic,10^2 g,25.75,21.75,5
epipelagic,10^2 g,25.75,22.25,1
epipelagic,10^2 g,26.25,9.25,1
epipelagic,10^2 g,26.25,13.75,2
epipelagic,10^2 g,26.25,14.25,1
epipelagic,10^2 g,26.25,14.75,1
epipelagic,10^2 g,26.25,15.75,2
epipelagic,10^2 g,26.25,16.25,2
epipelagic,10^2 g,26.25,16.75,3
epipelagic,10^2 g,26.25,19.25,4
epipelagic,10^2 g,26.25,19.75,1
epipelagic,10^2 g,26.25,20.25,1
epipelagic,10^2 g,26.25,20.75,2
epipelagic,10^2 g,26.25,21.25,8
epipelagic,10^2 g,26.25,21.75,10
epipelagic,10^2 g,26.25,22.25,1
epipelagic,10^2 g,26.75,11.25,1
epipelagic,10^2 g,26.75,12.25,1
epipelagic,10^2 g,26.75,12.75,1
epipelagic,10^2 g,26.75,14.75,2
epipelagic,10^2 g,26.75,15.75,1
epipelagic,10^2 g,26.75,16.75,1
epipelagic,10^2 g,26.75,17.25,2
epipelagic,10^2 g,26.75,17.75,4
epipelagic,10^2 g,26.75,19.25,1
epipelagic,10^2 g,26.75,19.75,2
epipelagic,10^2 g,26.75,20.25,6
epipelagic,10^2 g,26.75,20.75,8
epipelagic,10^2 g,26.75,21.25,7
epipelagic,10^2 g,26.75,21.75,7
epipelagic,10^2 g,26.75,22.25,1
epipelagic,10^2 g,27.25,10.25,1
epipelagic,10^2 g,27.25,10.75,1
epipelagic,10^2 g,27.25,13.75,2
epipelagic,10^2 g,27.25,15.25,1
epipelagic,10^2 g,27.25,16.25,2
epipelagic,10^2 g,27.25,16.75,1
epipelagic,10^2 g,27.25,17.25,2
epipelagic,10^2 g,27.25,17.75,6
epipelagic,10^2 g,27.25,18.25,3
epipelagic,10^2 g,27.25,18.75,4
epipelagic,10^2 g,27.25,19.25,6
epipelagic,10^2 g,27.25,19.75,6
epipelagic,10^2 g,27.25,20.25,3
epipelagic,10^2 g,27.25,20.75,8
epipelagic,10^2 g,27.25,21.25,18
epipelagic,10^2 g,27.25,21.75,14
epipelagic,10^2 g,27.75,12.75,1
epipelagic,10^2 g,27.75,14.25,1
epipelagic,10^2 g,27.75,16.25,2
epipelagic,10^2 g,27.75,16.75,3
epipelagic,10^2 g,27.75,17.25,1
epipelagic,10^2 g,27.75,17.75,2
epipelagic,10^2 g,27.75,18.25,6
epipelagic,10^2 g,27.75,18.75,1
epipelagic,10^2 g,27.75,19.25,5
epipelagic,10^2 g,27.75,19.75,7
epipelagic,10^2 g,27.75,20.25,6
epipelagic,10^2 g,27.75,20.75,6
epipelagic,10^2 g,27.75,21.25,9
epipelagic,10^2 g,27.75,21.75,16
epipelagic,10^2 g,28.25,18.75,1
epipelagic,10^2 g,28.25,19.75,2
epipelagic,10^2 g,28.25,20.25,7
epipelagic,10^2 g,28.25,20.75,1
epipelagic,10^2 g,28.25,21.25,17
epipelagic,10^2 g,28.25,21.75,8
epipelagic,10^2 g,28.25,22.25,2
epipelagic,10^2 g,28.75,20.75,8
epipelagic,10^2 g,28.75,21.25,18
epipelagic,10^2 g,28.75,21.75,2
epipelagic,10^2 g,28.75,22.25,1
epipelagic,10^2 g,29.25,19.75,1
epipelagic,10^2 g,29.25,20.75,1
epipelagic,10^2 g,29.25,21.25,6
epipelagic,10^2 g,29.25,21.75,8
epipelagic,10^2 g,29.25,22.25,1
epipelagic,10^2 g,29.75,21.75,1
epipelagic,10^3 g,0.25,13.25,2
epipelagic,10^3 g,0.25,14.25,1
epipelagic,10^3 g,0.25,15.25,1
epipelagic,10^3 g,0.25,15.75,1
epipelagic,10^3 g,0.25,16.25,1
epipelagic,10^3 g,0.25,17.25,1
epipelagic,10^3 g,0.25,17.75,242
epipelagic,10^3 g,0.25,18.25,121
epipelagic,10^3 g,0.25,18.75,26
epipelagic,10^3 g,0.25,19.25,15
epipelagic,10^3 g,0.25,19.75,6
epipelagic,10^3 g,0.25,20.25,2
epipelagic,10^3 g,0.25,20.75,1
epipelagic,10^3 g,0.25,21.25,2
epipelagic,10^3 g,0.25,21.75,5
epipelagic,10^3 g,0.75,12.75,1
epipelagic,10^3 g,0.75,13.75,1
epipelagic,10^3 g,0.75,14.25,1
epipelagic,10^3 g,0.75,15.25,1
epipelagic,10^3 g,0.75,17.25,2
epipelagic,10^3 g,0.75,17.75,1
epipelagic,10^3 g,0.75,18.25,7
epipelagic,10^3 g,0.75,18.75,12
epipelagic,10^3 g,0.75,19.25,5
epipelagic,10^3 g,0.75,19.75,3
epipelagic,10^3 g,0.75,20.25,4
epipelagic,10^3 g,0.75,20.75,1
epipelagic,10^3 g,0.75,21.75,5
epipelagic,10^3 g,1.25,12.25,1
epipelagic,10^3 g,1.25,12.75,1
epipelagic,10^3 g,1.25,13.25,1
epipelagic,10^3 g,1.25,14.25,1
epipelagic,10^3 g,1.25,14.75,1
epipelagic,10^3 g,1.25,15.25,1
epipelagic,10^3 g,1.25,15.75,2
epipelagic,10^3 g,1.25,17.25,1
epipelagic,10^3 g,1.25,17.75,3
epipelagic,10^3 g,1.25,18.75,3
epipelagic,10^3 g,1.25,19.25,2
epipelagic,10^3 g,1.25,19.75,5
epipelagic,10^3 g,1.25,20.25,3
epipelagic,10^3 g,1.25,21.75,7
epipelagic,10^3 g,1.25,22.75,1
epipelagic,10^3 g,1.75,11.75,1
epipelagic,10^3 g,1.75,14.75,1
epipelagic,10^3 g,1.75,15.75,1
epipelagic,10^3 g,1.75,17.25,1
epipelagic,10^3 g,1.75,18.75,2
epipelagic,10^3 g,1.75,19.25,4
epipelagic,10^3 g,1.75,19.75,6
epipelagic,10^3 g,1.75,20.25,3
epipelagic,10^3 g,1.75,20.75,5
epipelagic,10^3 g,1.75,21.75,3
epipelagic,10^3 g,1.75,22.25,3
epipelagic,10^3 g,2.25,11.75,1
epipelagic,10^3 g,2.25,12.25,2
epipelagic,10^3 g,2.25,12.75,2
epipelagic,10^3 g,2.25,15.25,1
epipelagic,10^3 g,2.25,15.75,17
epipelagic,10^3 g,2.25,17.25,1
epipelagic,10^3 g,2.25,18.75,1
epipelagic,10^3 g,2.25,19.25,1
epipelagic,10^3 g,2.25,19.75,2
epipelagic,10^3 g,2.25,20.25,8
epipelagic,10^3 g,2.25,20.75,3
epipelagic,10^3 g,2.25,21.25,2
epipelagic,10^3 g,2.25,21.75,2
epipelagic,10^3 g,2.25,22.25,5
epipelagic,10^3 g,2.75,8.25,1
epipelagic,10^3 g,2.75,10.75,1
epipelagic,10^3 g,2.75,12.75,1
epipelagic,10^3 g,2.75,13.75,1
epipelagic,10^3 g,2.75,15.75,45
epipelagic,10^3 g,2.75,16.25,18
epipelagic,10^3 g,2.75,16.75,10
epipelagic,10^3 g,2.75,17.25,4
epipelagic,10^3 g,2.75,17.75,3
epipelagic,10^3 g,2.75,18.25,1
epipelagic,10^3 g,2.75,19.25,2
epipelagic,10^3 g,2.75,20.25,8
epipelagic,10^3 g,2.75,20.75,4
epipelagic,10^3 g,2.75,21.25,2
epipelagic,10^3 g,2.75,21.75,5
epipelagic,10^3 g,2.75,22.25,4
epipelagic,10^3 g,3.25,3.75,1
epipelagic,10^3 g,3.25,4.25,2
epipelagic,10^3 g,3.25,4.75,1
epipelagic,10^3 g,3.25,5.25,2
epipelagic,10^3 g,3.25,5.75,1
epipelagic,10^3 g,3.25,7.25,1
epipelagic,10^3 g,3.25,10.75,1
epipelagic,10^3 g,3.25,11.25,3
epipelagic,10^3 g,3.25,11.75,2
epipelagic,10^3 g,3.25,12.25,4
epipelagic,10^3 g,3.25,12.75,4
epipelagic,10^3 g,3.25,13.25,3
epipelagic,10^3 g,3.25,13.75,1
epipelagic,10^3 g,3.25,15.25,1
epipelagic,10^3 g,3.25,15.75,1
epipelagic,10^3 g,3.25,16.25,11
epipelagic,10^3 g,3.25,16.75,4
epipelagic,10^3 g,3.25,17.25,12
epipelagic,10^3 g,3.25,17.75,24
epipelagic,10^3 g,3.25,18.25,14
epipelagic,10^3 g,3.25,18.75,10
epipelagic,10^3 g,3.25,19.25,18
epipelagic,10^3 g,3.25,19.75,8
epipelagic,10^3 g,3.25,20.25,4
epipelagic,10^3 g,3.25,20.75,2
epipelagic,10^3 g,3.25,21.25,4
epipelagic,10^3 g,3.25,21.75,2
epipelagic,10^3 g,3.25,22.25,2
epipelagic,10^3 g,3.75,4.75,1
epipelagic,10^3 g,3.75,5.25,1
epipelagic,10^3 g,3.75,6.75,1
epipelagic,10^3 g,3.75,7.75,1
epipelagic,10^3 g,3.75,10.75,2
epipelagic,10^3 g,3.75,11.25,9
epipelagic,10^3 g,3.75,11.75,4
epipelagic,10^3 g,3.75,12.25,2
epipelagic,10^3 g,3.75,12.75,4
epipelagic,10^3 g,3.75,13.25,3
epipelagic,10^3 g,3.75,13.75,8
epipelagic,10^3 g,3.75,14.25,4
epipelagic,10^3 g,3.75,14.75,1
epipelagic,10^3 g,3.75,15.75,3
epipelagic,10^3 g,3.75,16.25,1
epipelagic,10^3 g,3.75,16.75,7
epipelagic,10^3 g,3.75,17.25,8
epipelagic,10^3 g,3.75,17.75,17
epipelagic,10^3 g,3.75,18.25,12
epipelagic,10^3 g,3.75,18.75,1
epipelagic,10^3 g,3.75,19.25,3
epipelagic,10^3 g,3.75,19.75,3
epipelagic,10^3 g,3.75,20.25,3
epipelagic,10^3 g,3.75,20.75,2
epipelagic,10^3 g,3.75,21.25,2
epipelagic,10^3 g,3.75,21.75,7
epipelagic,10^3 g,3.75,22.25,6
epipelagic,10^3 g,4.25,8.25,1
epipelagic,10^3 g,4.25,11.75,12
epipelagic,10^3 g,4.25,12.25,6
epipelagic,10^3 g,4.25,12.75,8
epipelagic,10^3 g,4.25,13.25,8
epipelagic,10^3 g,4.25,13.75,6
epipelagic,10^3 g,4.25,14.25,4
epipelagic,10^3 g,4.25,14.75,5
epipelagic,10^3 g,4.25,15.25,3
epipelagic,10^3 g,4.25,15.75,1
epipelagic,10^3 g,4.25,16.25,2
epipelagic,10^3 g,4.25,16.75,5
epipelagic,10^3 g,4.25,17.25,7
epipelagic,10^3 g,4.25,17.75,17
epipelagic,10^3 g,4.25,18.25,3
epipelagic,10^3 g,4.25,19.75,3
epipelagic,10^3 g,4.25,20.25,6
epipelagic,10^3 g,4.25,20.75,5
epipelagic,10^3 g,4.25,21.25,4
epipelagic,10^3 g,4.25,21.75,5
epipelagic,10^3 g,4.25,22.25,2
epipelagic,10^3 g,4.75,6.75,1
epipelagic,10^3 g,4.75,10.75,1
epipelagic,10^3 g,4.75,11.75,5
epipelagic,10^3 g,4.75,12.25,19
epipelagic,10^3 g,4.75,12.75,15
epipelagic,10^3 g,4.75,13.25,5
epipelagic,10^3 g,4.75,13.75,2
epipelagic,10^3 g,4.75,14.25,7
epipelagic,10^3 g,4.75,14.75,6
epipelagic,10^3 g,4.75,15.25,8
epipelagic,10^3 g,4.75,15.75,3
epipelagic,10^3 g,4.75,16.25,4
epipelagic,10^3 g,4.75,16.75,7
epipelagic,10^3 g,4.75,17.25,9
epipelagic,10^3 g,4.75,18.25,2
epipelagic,10^3 g,4.75,19.25,1
epipelagic,10^3 g,4.75,19.75,1
epipelagic,10^3 g,4.75,20.25,5
epipelagic,10^3 g,4.75,20.75,4
epipelagic,10^3 g,4.75,21.25,2
epipelagic,10^3 g,4.75,21.75,9
epipelagic,10^3 g,4.75,22.25,4
epipelagic,10^3 g,5.25,9.75,1
epipelagic,10^3 g,5.25,10.75,1
epipelagic,10^3 g,5.25,11.25,1
epipelagic,10^3 g,5.25,11.75,2
epipelagic,10^3 g,5.25,12.25,4
epipelagic,10^3 g,5.25,12.75,22
epipelagic,10^3 g,5.25,13.25,17
epipelagic,10^3 g,5.25,13.75,7
epipelagic,10^3 g,5.25,14.25,3
epipelagic,10^3 g,5.25,14.75,1
epipelagic,10^3 g,5.25,15.25,8
epipelagic,10^3 g,5.25,15.75,9
epipelagic,10^3 g,5.25,16.25,7
epipelagic,10^3 g,5.25,16.75,10
epipelagic,10^3 g,5.25,17.25,7
epipelagic,10^3 g,5.25,17.75,3
epipelagic,10^3 g,5.25,18.75,4
epipelagic,10^3 g,5.25,19.25,3
epipelagic,10^3 g,5.25,19.75,2
epipelagic,10^3 g,5.25,20.25,9
epipelagic,10^3 g,5.25,20.75,6
epipelagic,10^3 g,5.25,21.25,2
epipelagic,10^3 g,5.25,21.75,7
epipelagic,10^3 g,5.25,22.25,5
epipelagic,10^3 g,5.75,6.25,2
epipelagic,10^3 g,5.75,6.75,1
epipelagic,10^3 g,5.75,8.75,1
epipelagic,10^3 g,5.75,12.25,1
epipelagic,10^3 g,5.75,12.75,8
epipelagic,10^3 g,5.75,13.25,27
epipelagic,10^3 g,5.75,13.75,12
epipelagic,10^3 g,5.75,14.25,8
epipelagic,10^3 g,5.75,14.75,1
epipelagic,10^3 g,5.75,15.25,3
epipelagic,10^3 g,5.75,15.75,6
epipelagic,10^3 g,5.75,16.25,8
epipelagic,10^3 g,5.75,16.75,12
epipelagic,10^3 g,5.75,17.25,4
epipelagic,10^3 g,5.75,17.75,4
epipelagic,10^3 g,5.75,18.25,3
epipelagic,10^3 g,5.75,18.75,2
epipelagic,10^3 g,5.75,19.25,3
epipelagic,10^3 g,5.75,19.75,1
epipelagic,10^3 g,5.75,20.25,10
epipelagic,10^3 g,5.75,20.75,11
epipelagic,10^3 g,5.75,21.25,3
epipelagic,10^3 g,5.75,21.75,7
epipelagic,10^3 g,5.75,22.25,8
epipelagic,10^3 g,6.25,5.25,1
epipelagic,10^3 g,6.25,6.75,1
epipelagic,10^3 g,6.25,7.25,2
epipelagic,10^3 g,6.25,8.25,2
epipelagic,10^3 g,6.25,8.75,4
epipelagic,10^3 g,6.25,9.25,1
epipelagic,10^3 g,6.25,9.75,2
epipelagic,10^3 g,6.25,12.75,1
epipelagic,10^3 g,6.25,13.25,10
epipelagic,10^3 g,6.25,13.75,15
epipelagic,10^3 g,6.25,14.25,17
epipelagic,10^3 g,6.25,14.75,6
epipelagic,10^3 g,6.25,15.25,2
epipelagic,10^3 g,6.25,15.75,3
epipelagic,10^3 g,6.25,16.25,2
epipelagic,10^3 g,6.25,16.75,6
epipelagic,10^3 g,6.25,17.25,8
epipelagic,10^3 g,6.25,17.75,8
epipelagic,10^3 g,6.25,18.25,10
epipelagic,10^3 g,6.25,18.75,9
epipelagic,10^3 g,6.25,19.25,7
epipelagic,10^3 g,6.25,19.75,6
epipelagic,10^3 g,6.25,20.25,13
epipelagic,10^3 g,6.25,20.75,17
epipelagic,10^3 g,6.25,21.25,3
epipelagic,10^3 g,6.25,21.75,8
epipelagic,10^3 g,6.25,22.25,9
epipelagic,10^3 g,6.75,8.25,2
epipelagic,10^3 g,6.75,8.75,1
epipelagic,10^3 g,6.75,9.25,1
epipelagic,10^3 g,6.75,9.75,1
epipelagic,10^3 g,6.75,10.25,1
epipelagic,10^3 g,6.75,10.75,4
epipelagic,10^3 g,6.75,12.25,1
epipelagic,10^3 g,6.75,12.75,4
epipelagic,10^3 g,6.75,13.25,3
epipelagic,10^3 g,6.75,13.75,5
epipelagic,10^3 g,6.75,14.25,13
epipelagic,10^3 g,6.75,14.75,10
epipelagic,10^3 g,6.75,15.25,6
epipelagic,10^3 g,6.75,15.75,7
epipelagic,10^3 g,6.75,16.25,10
epipelagic,10^3 g,6.75,16.75,6
epipelagic,10^3 g,6.75,17.25,4
epipelagic,10^3 g,6.75,17.75,13
epipelagic,10^3 g,6.75,18.25,15
epipelagic,10^3 g,6.75,18.75,15
epipelagic,10^3 g,6.75,19.25,10
epipelagic,10^3 g,6.75,19.75,13
epipelagic,10^3 g,6.75,20.25,14
epipelagic,10^3 g,6.75,20.75,17
epipelagic,10^3 g,6.75,21.25,5
epipelagic,10^3 g,6.75,21.75,6
epipelagic,10^3 g,6.75,22.25,5
epipelagic,10^3 g,7.25,7.75,1
epipelagic,10^3 g,7.25,9.25,1
epipelagic,10^3 g,7.25,10.25,2
epipelagic,10^3 g,7.25,10.75,1
epipelagic,10^3 g,7.25,11.25,1
epipelagic,10^3 g,7.25,12.25,1
epipelagic,10^3 g,7.25,12.75,1
epipelagic,10^3 g,7.25,13.25,3
epipelagic,10^3 g,7.25,13.75,6
epipelagic,10^3 g,7.25,14.25,9
epipelagic,10^3 g,7.25,14.75,6
epipelagic,10^3 g,7.25,15.25,14
epipelagic,10^3 g,7.25,15.75,7
epipelagic,10^3 g,7.25,16.25,8
epipelagic,10^3 g,7.25,16.75,6
epipelagic,10^3 g,7.25,17.25,7
epipelagic,10^3 g,7.25,17.75,8
epipelagic,10^3 g,7.25,18.25,7
epipelagic,10^3 g,7.25,18.75,19
epipelagic,10^3 g,7.25,19.25,30
epipelagic,10^3 g,7.25,19.75,52
epipelagic,10^3 g,7.25,20.25,26
epipelagic,10^3 g,7.25,20.75,36
epipelagic,10^3 g,7.25,21.25,7
epipelagic,10^3 g,7.25,21.75,16
epipelagic,10^3 g,7.25,22.25,5
epipelagic,10^3 g,7.75,6.75,1
epipelagic,10^3 g,7.75,8.75,1
epipelagic,10^3 g,7.75,9.75,1
epipelagic,10^3 g,7.75,10.25,1
epipelagic,10^3 g,7.75,12.75,3
epipelagic,10^3 g,7.75,13.25,2
epipelagic,10^3 g,7.75,13.75,3
epipelagic,10^3 g,7.75,14.25,6
epipelagic,10^3 g,7.75,14.75,12
epipelagic,10^3 g,7.75,15.25,14
epipelagic,10^3 g,7.75,15.75,11
epipelagic,10^3 g,7.75,16.25,6
epipelagic,10^3 g,7.75,16.75,8
epipelagic,10^3 g,7.75,17.25,20
epipelagic,10^3 g,7.75,17.75,7
epipelagic,10^3 g,7.75,18.25,6
epipelagic,10^3 g,7.75,18.75,2
epipelagic,10^3 g,7.75,19.25,6
epipelagic,10^3 g,7.75,19.75,40
epipelagic,10^3 g,7.75,20.25,80
epipelagic,10^3 g,7.75,20.75,40
epipelagic,10^3 g,7.75,21.25,18
epipelagic,10^3 g,7.75,21.75,17
epipelagic,10^3 g,7.75,22.25,8
epipelagic,10^3 g,7.75,22.75,2
epipelagic,10^3 g,8.25,5.25,1
epipelagic,10^3 g,8.25,11.25,1
epipelagic,10^3 g,8.25,11.75,1
epipelagic,10^3 g,8.25,12.25,1
epipelagic,10^3 g,8.25,13.75,2
epipelagic,10^3 g,8.25,14.25,5
epipelagic,10^3 g,8.25,14.75,7
epipelagic,10^3 g,8.25,15.25,11
epipelagic,10^3 g,8.25,15.75,10
epipelagic,10^3 g,8.25,16.25,18
epipelagic,10^3 g,8.25,16.75,20
epipelagic,10^3 g,8.25,17.25,14
epipelagic,10^3 g,8.25,17.75,12
epipelagic,10^3 g,8.25,18.25,2
epipelagic,10^3 g,8.25,18.75,6
epipelagic,10^3 g,8.25,19.25,3
epipelagic,10^3 g,8.25,19.75,14
epipelagic,10^3 g,8.25,20.25,66
epipelagic,10^3 g,8.25,20.75,68
epipelagic,10^3 g,8.25,21.25,10
epipelagic,10^3 g,8.25,21.75,21
epipelagic,10^3 g,8.25,22.25,7
epipelagic,10^3 g,8.75,5.75,1
epipelagic,10^3 g,8.75,9.25,1
epipelagic,10^3 g,8.75,13.75,1
epipelagic,10^3 g,8.75,14.25,5
epipelagic,10^3 g,8.75,14.75,5
epipelagic,10^3 g,8.75,15.25,10
epipelagic,10^3 g,8.75,15.75,4
epipelagic,10^3 g,8.75,16.25,4
epipelagic,10^3 g,8.75,16.75,16
epipelagic,10^3 g,8.75,17.25,19
epipelagic,10^3 g,8.75,17.75,13
epipelagic,10^3 g,8.75,18.25,4
epipelagic,10^3 g,8.75,18.75,7
epipelagic,10^3 g,8.75,19.25,10
epipelagic,10^3 g,8.75,19.75,21
epipelagic,10^3 g,8.75,20.25,60
epipelagic,10^3 g,8.75,20.75,85
epipelagic,10^3 g,8.75,21.25,18
epipelagic,10^3 g,8.75,21.75,14
epipelagic,10^3 g,8.75,22.25,4
epipelagic,10^3 g,9.25,9.75,1
epipelagic,10^3 g,9.25,11.25,1
epipelagic,10^3 g,9.25,12.75,1
epipelagic,10^3 g,9.25,13.75,1
epipelagic,10^3 g,9.25,14.25,3
epipelagic,10^3 g,9.25,14.75,10
epipelagic,10^3 g,9.25,15.25,7
epipelagic,10^3 g,9.25,15.75,7
epipelagic,10^3 g,9.25,16.75,8
epipelagic,10^3 g,9.25,17.25,24
epipelagic,10^3 g,9.25,17.75,5
epipelagic,10^3 g,9.25,18.25,6
epipelagic,10^3 g,9.25,18.75,6
epipelagic,10^3 g,9.25,19.25,7
epipelagic,10^3 g,9.25,19.75,33
epipelagic,10^3 g,9.25,20.25,65
epipelagic,10^3 g,9.25,20.75,54
epipelagic,10^3 g,9.25,21.25,30
epipelagic,10^3 g,9.25,21.75,16
epipelagic,10^3 g,9.25,22.25,8
epipelagic,10^3 g,9.75,10.25,1
epipelagic,10^3 g,9.75,11.75,1
epipelagic,10^3 g,9.75,14.25,2
epipelagic,10^3 g,9.75,14.75,9
epipelagic,10^3 g,9.75,15.25,7
epipelagic,10^3 g,9.75,15.75,8
epipelagic,10^3 g,9.75,16.25,1
epipelagic,10^3 g,9.75,16.75,3
epipelagic,10^3 g,9.75,17.25,7
epipelagic,10^3 g,9.75,17.75,15
epipelagic,10^3 g,9.75,18.25,7
epipelagic,10^3 g,9.75,18.75,1
epipelagic,10^3 g,9.75,19.25,8
epipelagic,10^3 g,9.75,19.75,23
epipelagic,10^3 g,9.75,20.25,54
epipelagic,10^3 g,9.75,20.75,45
epipelagic,10^3 g,9.75,21.25,26
epipelagic,10^3 g,9.75,21.75,8
epipelagic,10^3 g,9.75,22.25,3
epipelagic,10^3 g,9.75,22.75,1
epipelagic,10^3 g,10.25,4.25,1
epipelagic,10^3 g,10.25,4.75,1
epipelagic,10^3 g,10.25,5.75,1
epipelagic,10^3 g,10.25,11.25,1
epipelagic,10^3 g,10.25,13.75,2
epipelagic,10^3 g,10.25,14.25,7
epipelagic,10^3 g,10.25,14.75,8
epipelagic,10^3 g,10.25,15.25,11
epipelagic,10^3 g,10.25,15.75,9
epipelagic,10^3 g,10.25,16.25,4
epipelagic,10^3 g,10.25,16.75,2
epipelagic,10^3 g,10.25,17.25,6
epipelagic,10^3 g,10.25,17.75,6
epipelagic,10^3 g,10.25,18.25,4
epipelagic,10^3 g,10.25,18.75,3
epipelagic,10^3 g,10.25,19.25,3
epipelagic,10^3 g,10.25,19.75,58
epipelagic,10^3 g,10.25,20.25,69
epipelagic,10^3 g,10.25,20.75,22
epipelagic,10^3 g,10.25,21.25,26
epipelagic,10^3 g,10.25,21.75,14
epipelagic,10^3 g,10.75,1.25,1
epipelagic,10^3 g,10.75,1.75,1
epipelagic,10^3 g,10.75,2.25,1
epipelagic,10^3 g,10.75,4.25,1
epipelagic,10^3 g,10.75,9.75,1
epipelagic,10^3 g,10.75,11.25,1
epipelagic,10^3 g,10.75,11.75,1
epipelagic,10^3 g,10.75,12.25,1
epipelagic,10^3 g,10.75,12.75,1
epipelagic,10^3 g,10.75,14.25,2
epipelagic,10^3 g,10.75,14.75,5
epipelagic,10^3 g,10.75,15.25,5
epipelagic,10^3 g,10.75,15.75,4
epipelagic,10^3 g,10.75,16.25,8
epipelagic,10^3 g,10.75,16.75,2
epipelagic,10^3 g,10.75,17.25,4
epipelagic,10^3 g,10.75,18.25,9
epipelagic,10^3 g,10.75,18.75,4
epipelagic,10^3 g,10.75,19.25,4
epipelagic,10^3 g,10.75,19.75,18
epipelagic,10^3 g,10.75,20.25,53
epipelagic,10^3 g,10.75,20.75,36
epipelagic,10^3 g,10.75,21.25,22
epipelagic,10^3 g,10.75,21.75,21
epipelagic,10^3 g,11.25,15.25,4
epipelagic,10^3 g,11.25,15.75,6
epipelagic,10^3 g,11.25,16.25,5
epipelagic,10^3 g,11.25,16.75,5
epipelagic,10^3 g,11.25,17.25,10
epipelagic,10^3 g,11.25,17.75,8
epipelagic,10^3 g,11.25,18.25,2
epipelagic,10^3 g,11.25,18.75,3
epipelagic,10^3 g,11.25,19.75,7
epipelagic,10^3 g,11.25,20.25,23
epipelagic,10^3 g,11.25,20.75,18
epipelagic,10^3 g,11.25,21.25,19
epipelagic,10^3 g,11.25,21.75,10
epipelagic,10^3 g,11.25,22.25,2
epipelagic,10^3 g,11.75,1.75,1
epipelagic,10^3 g,11.75,12.75,1
epipelagic,10^3 g,11.75,15.25,1
epipelagic,10^3 g,11.75,15.75,3
epipelagic,10^3 g,11.75,16.25,3
epipelagic,10^3 g,11.75,16.75,3
epipelagic,10^3 g,11.75,17.25,2
epipelagic,10^3 g,11.75,17.75,2
epipelagic,10^3 g,11.75,18.25,9
epipelagic,10^3 g,11.75,18.75,8
epipelagic,10^3 g,11.75,19.25,2
epipelagic,10^3 g,11.75,19.75,6
epipelagic,10^3 g,11.75,20.25,13
epipelagic,10^3 g,11.75,20.75,13
epipelagic,10^3 g,11.75,21.25,12
epipelagic,10^3 g,11.75,21.75,4
epipelagic,10^3 g,11.75,22.25,2
epipelagic,10^3 g,12.25,1.75,1
epipelagic,10^3 g,12.25,9.75,1
epipelagic,10^3 g,12.25,13.25,1
epipelagic,10^3 g,12.25,14.75,1
epipelagic,10^3 g,12.25,15.25,2
epipelagic,10^3 g,12.25,15.75,2
epipelagic,10^3 g,12.25,16.25,3
epipelagic,10^3 g,12.25,16.75,2
epipelagic,10^3 g,12.25,17.25,2
epipelagic,10^3 g,12.25,18.25,1
epipelagic,10^3 g,12.25,18.75,1
epipelagic,10^3 g,12.25,19.25,11
epipelagic,10^3 g,12.25,19.75,9
epipelagic,10^3 g,12.25,20.25,5
epipelagic,10^3 g,12.25,20.75,2
epipelagic,10^3 g,12.25,21.25,11
epipelagic,10^3 g,12.25,21.75,11
epipelagic,10^3 g,12.25,22.25,9
epipelagic,10^3 g,12.75,11.25,1
epipelagic,10^3 g,12.75,13.75,1
epipelagic,10^3 g,12.75,14.25,2
epipelagic,10^3 g,12.75,16.25,4
epipelagic,10^3 g,12.75,16.75,2
epipelagic,10^3 g,12.75,18.75,3
epipelagic,10^3 g,12.75,19.25,2
epipelagic,10^3 g,12.75,19.75,16
epipelagic,10^3 g,12.75,20.25,14
epipelagic,10^3 g,12.75,20.75,3
epipelagic,10^3 g,12.75,21.25,1
epipelagic,10^3 g,12.75,21.75,17
epipelagic,10^3 g,12.75,22.25,8
epipelagic,10^3 g,13.25,6.75,1
epipelagic,10^3 g,13.25,13.25,1
epipelagic,10^3 g,13.25,13.75,2
epipelagic,10^3 g,13.25,14.25,1
epipelagic,10^3 g,13.25,16.25,4
epipelagic,10^3 g,13.25,16.75,5
epipelagic,10^3 g,13.25,17.25,8
epipelagic,10^3 g,13.25,17.75,4
epipelagic,10^3 g,13.25,18.25,4
epipelagic,10^3 g,13.25,18.75,2
epipelagic,10^3 g,13.25,19.25,11
epipelagic,10^3 g,13.25,19.75,2
epipelagic,10^3 g,13.25,20.25,9
epipelagic,10^3 g,13.25,20.75,6
epipelagic,10^3 g,13.25,21.25,1
epipelagic,10^3 g,13.25,21.75,9
epipelagic,10^3 g,13.25,22.25,2
epipelagic,10^3 g,13.75,3.25,1
epipelagic,10^3 g,13.75,12.25,1
epipelagic,10^3 g,13.75,13.75,1
epipelagic,10^3 g,13.75,15.75,2
epipelagic,10^3 g,13.75,16.25,2
epipelagic,10^3 g,13.75,16.75,1
epipelagic,10^3 g,13.75,17.25,3
epipelagic,10^3 g,13.75,17.75,2
epipelagic,10^3 g,13.75,18.25,1
epipelagic,10^3 g,13.75,18.75,7
epipelagic,10^3 g,13.75,19.25,7
epipelagic,10^3 g,13.75,19.75,13
epipelagic,10^3 g,13.75,20.25,11
epipelagic,10^3 g,13.75,20.75,6
epipelagic,10^3 g,13.75,21.75,5
epipelagic,10^3 g,13.75,22.25,2
epipelagic,10^3 g,14.25,1.75,1
epipelagic,10^3 g,14.25,10.25,1
epipelagic,10^3 g,14.25,15.75,1
epipelagic,10^3 g,14.25,17.25,3
epipelagic,10^3 g,14.25,17.75,1
epipelagic,10^3 g,14.25,18.25,2
epipelagic,10^3 g,14.25,18.75,3
epipelagic,10^3 g,14.25,19.25,5
epipelagic,10^3 g,14.25,19.75,13
epipelagic,10^3 g,14.25,20.25,12
epipelagic,10^3 g,14.25,20.75,11
epipelagic,10^3 g,14.25,21.25,9
epipelagic,10^3 g,14.25,21.75,5
epipelagic,10^3 g,14.25,22.25,1
epipelagic,10^3 g,14.75,1.75,1
epipelagic,10^3 g,14.75,14.25,1
epipelagic,10^3 g,14.75,17.25,1
epipelagic,10^3 g,14.75,17.75,1
epipelagic,10^3 g,14.75,18.25,3
epipelagic,10^3 g,14.75,18.75,2
epipelagic,10^3 g,14.75,19.25,7
epipelagic,10^3 g,14.75,19.75,14
epipelagic,10^3 g,14.75,20.25,6
epipelagic,10^3 g,14.75,20.75,12
epipelagic,10^3 g,14.75,21.25,20
epipelagic,10^3 g,14.75,21.75,8
epipelagic,10^3 g,14.75,22.25,1
epipelagic,10^3 g,15.25,13.25,1
epipelagic,10^3 g,15.25,14.75,1
epipelagic,10^3 g,15.25,18.75,3
epipelagic,10^3 g,15.25,19.25,3
epipelagic,10^3 g,15.25,19.75,6
epipelagic,10^3 g,15.25,20.25,7
epipelagic,10^3 g,15.25,20.75,4
epipelagic,10^3 g,15.25,21.25,13
epipelagic,10^3 g,15.25,21.75,12
epipelagic,10^3 g,15.25,22.25,1
epipelagic,10^3 g,15.75,2.75,1
epipelagic,10^3 g,15.75,13.75,1
epipelagic,10^3 g,15.75,15.25,1
epipelagic,10^3 g,15.75,15.75,1
epipelagic,10^3 g,15.75,16.25,1
epipelagic,10^3 g,15.75,16.75,1
epipelagic,10^3 g,15.75,17.75,3
epipelagic,10^3 g,15.75,18.25,1
epipelagic,10^3 g,15.75,18.75,1
epipelagic,10^3 g,15.75,19.25,2
epipelagic,10^3 g,15.75,19.75,2
epipelagic,10^3 g,15.75,20.25,4
epipelagic,10^3 g,15.75,20.75,11
epipelagic,10^3 g,15.75,21.25,15
epipelagic,10^3 g,15.75,21.75,7
epipelagic,10^3 g,15.75,22.25,2
epipelagic,10^3 g,16.25,5.25,2
epipelagic,10^3 g,16.25,9.75,1
epipelagic,10^3 g,16.25,10.25,1
epipelagic,10^3 g,16.25,14.75,1
epipelagic,10^3 g,16.25,15.25,1
epipelagic,10^3 g,16.25,15.75,1
epipelagic,10^3 g,16.25,16.25,1
epipelagic,10^3 g,16.25,19.25,2
epipelagic,10^3 g,16.25,20.25,5
epipelagic,10^3 g,16.25,20.75,10
epipelagic,10^3 g,16.25,21.25,16
epipelagic,10^3 g,16.25,21.75,4
epipelagic,10^3 g,16.25,22.75,1
epipelagic,10^3 g,16.75,11.25,1
epipelagic,10^3 g,16.75,16.25,1
epipelagic,10^3 g,16.75,16.75,1
epipelagic,10^3 g,16.75,19.75,1
epipelagic,10^3 g,16.75,20.25,8
epipelagic,10^3 g,16.75,20.75,4
epipelagic,10^3 g,16.75,21.25,7
epipelagic,10^3 g,16.75,21.75,5
epipelagic,10^3 g,16.75,22.25,2
epipelagic,10^3 g,16.75,22.75,2
epipelagic,10^3 g,17.25,6.25,2
epipelagic,10^3 g,17.25,15.75,1
epipelagic,10^3 g,17.25,16.25,3
epipelagic,10^3 g,17.25,17.75,1
epipelagic,10^3 g,17.25,18.25,1
epipelagic,10^3 g,17.25,19.25,1
epipelagic,10^3 g,17.25,19.75,1
epipelagic,10^3 g,17.25,20.25,4
epipelagic,10^3 g,17.25,20.75,7
epipelagic,10^3 g,17.25,21.25,9
epipelagic,10^3 g,17.25,21.75,1
epipelagic,10^3 g,17.25,22.25,2
epipelagic,10^3 g,17.75,9.25,1
epipelagic,10^3 g,17.75,12.25,1
epipelagic,10^3 g,17.75,15.25,1
epipelagic,10^3 g,17.75,15.75,1
epipelagic,10^3 g,17.75,16.75,1
epipelagic,10^3 g,17.75,18.25,1
epipelagic,10^3 g,17.75,20.25,4
epipelagic,10^3 g,17.75,20.75,11
epipelagic,10^3 g,17.75,21.25,11
epipelagic,10^3 g,17.75,21.75,5
epipelagic,10^3 g,17.75,22.25,2
epipelagic,10^3 g,18.25,11.25,1
epipelagic,10^3 g,18.25,14.25,1
epipelagic,10^3 g,18.25,15.25,1
epipelagic,10^3 g,18.25,17.25,1
epipelagic,10^3 g,18.25,19.25,1
epipelagic,10^3 g,18.25,19.75,1
epipelagic,10^3 g,18.25,20.75,7
epipelagic,10^3 g,18.25,21.25,10
epipelagic,10^3 g,18.25,21.75,6
epipelagic,10^3 g,18.25,22.25,3
epipelagic,10^3 g,18.75,11.25,1
epipelagic,10^3 g,18.75,12.25,1
epipelagic,10^3 g,18.75,14.25,1
epipelagic,10^3 g,18.75,14.75,1
epipelagic,10^3 g,18.75,15.75,1
epipelagic,10^3 g,18.75,16.75,1
epipelagic,10^3 g,18.75,17.25,1
epipelagic,10^3 g,18.75,17.75,1
epipelagic,10^3 g,18.75,19.75,1
epipelagic,10^3 g,18.75,21.25,14
epipelagic,10^3 g,18.75,21.75,2
epipelagic,10^3 g,18.75,22.25,1
epipelagic,10^3 g,19.25,13.25,1
epipelagic,10^3 g,19.25,14.25,1
epipelagic,10^3 g,19.25,15.75,2
epipelagic,10^3 g,19.25,18.25,1
epipelagic,10^3 g,19.25,19.75,1
epipelagic,10^3 g,19.25,20.25,2
epipelagic,10^3 g,19.25,21.25,4
epipelagic,10^3 g,19.25,21.75,3
epipelagic,10^3 g,19.25,22.25,1
epipelagic,10^3 g,19.75,14.25,1
epipelagic,10^3 g,19.75,15.25,1
epipelagic,10^3 g,19.75,17.25,1
epipelagic,10^3 g,19.75,18.25,1
epipelagic,10^3 g,19.75,18.75,1
epipelagic,10^3 g,19.75,19.25,1
epipelagic,10^3 g,19.75,20.25,1
epipelagic,10^3 g,19.75,20.75,1
epipelagic,10^3 g,19.75,21.25,1
epipelagic,10^3 g,19.75,21.75,1
epipelagic,10^3 g,19.75,22.25,1
epipelagic,10^3 g,19.75,22.75,1
epipelagic,10^3 g,20.25,15.75,1
epipelagic,10^3 g,20.25,17.75,2
epipelagic,10^3 g,20.25,18.25,1
epipelagic,10^3 g,20.25,18.75,3
epipelagic,10^3 g,20.25,19.25,1
epipelagic,10^3 g,20.25,19.75,2
epipelagic,10^3 g,20.25,20.25,1
epipelagic,10^3 g,20.25,20.75,1
epipelagic,10^3 g,20.25,21.25,4
epipelagic,10^3 g,20.25,21.75,1
epipelagic,10^3 g,20.25,22.25,1
epipelagic,10^3 g,20.25,22.75,1
epipelagic,10^3 g,20.75,11.25,1
epipelagic,10^3 g,20.75,13.75,1
epipelagic,10^3 g,20.75,16.75,1
epipelagic,10^3 g,20.75,18.25,1
epipelagic,10^3 g,20.75,19.25,2
epipelagic,10^3 g,20.75,19.75,2
epipelagic,10^3 g,20.75,20.25,1
epipelagic,10^3 g,20.75,21.25,2
epipelagic,10^3 g,20.75,21.75,3
epipelagic,10^3 g,20.75,22.25,3
epipelagic,10^3 g,20.75,22.75,2
epipelagic,10^3 g,21.25,17.25,1
epipelagic,10^3 g,21.25,18.25,1
epipelagic,10^3 g,21.25,18.75,1
epipelagic,10^3 g,21.25,19.75,2
epipelagic,10^3 g,21.25,20.25,1
epipelagic,10^3 g,21.25,21.25,5
epipelagic,10^3 g,21.25,21.75,6
epipelagic,10^3 g,21.25,22.25,4
epipelagic,10^3 g,21.25,22.75,1
epipelagic,10^3 g,21.75,6.25,1
epipelagic,10^3 g,21.75,6.75,1
epipelagic,10^3 g,21.75,13.75,1
epipelagic,10^3 g,21.75,14.25,1
epipelagic,10^3 g,21.75,17.75,1
epipelagic,10^3 g,21.75,19.25,1
epipelagic,10^3 g,21.75,19.75,2
epipelagic,10^3 g,21.75,20.25,2
epipelagic,10^3 g,21.75,20.75,4
epipelagic,10^3 g,21.75,21.25,5
epipelagic,10^3 g,21.75,21.75,2
epipelagic,10^3 g,21.75,22.25,2
epipelagic,10^3 g,22.25,13.75,1
epipelagic,10^3 g,22.25,15.75,1
epipelagic,10^3 g,22.25,19.25,1
epipelagic,10^3 g,22.25,20.25,2
epipelagic,10^3 g,22.25,20.75,6
epipelagic,10^3 g,22.25,21.25,5
epipelagic,10^3 g,22.25,21.75,3
epipelagic,10^3 g,22.25,22.25,1
epipelagic,10^3 g,22.25,25.25,1
epipelagic,10^3 g,22.75,13.25,1
epipelagic,10^3 g,22.75,19.25,1
epipelagic,10^3 g,22.75,19.75,1
epipelagic,10^3 g,22.75,20.25,2
epipelagic,10^3 g,22.75,20.75,8
epipelagic,10^3 g,22.75,21.25,2
epipelagic,10^3 g,22.75,21.75,2
epipelagic,10^3 g,22.75,22.25,1
epipelagic,10^3 g,22.75,23.25,1
epipelagic,10^3 g,23.25,9.75,1
epipelagic,10^3 g,23.25,19.25,2
epipelagic,10^3 g,23.25,19.75,2
epipelagic,10^3 g,23.25,20.25,1
epipelagic,10^3 g,23.25,20.75,2
epipelagic,10^3 g,23.25,21.25,16
epipelagic,10^3 g,23.25,21.75,6
epipelagic,10^3 g,23.25,22.25,3
epipelagic,10^3 g,23.25,22.75,1
epipelagic,10^3 g,23.75,11.25,1
epipelagic,10^3 g,23.75,15.75,1
epipelagic,10^3 g,23.75,16.25,3
epipelagic,10^3 g,23.75,16.75,1
epipelagic,10^3 g,23.75,17.25,1
epipelagic,10^3 g,23.75,18.25,2
epipelagic,10^3 g,23.75,18.75,2
epipelagic,10^3 g,23.75,19.75,1
epipelagic,10^3 g,23.75,20.25,2
epipelagic,10^3 g,23.75,20.75,8
epipelagic,10^3 g,23.75,21.25,2
epipelagic,10^3 g,23.75,21.75,1
epipelagic,10^3 g,23.75,22.25,2
epipelagic,10^3 g,23.75,22.75,2
epipelagic,10^3 g,24.25,10.75,1
epipelagic,10^3 g,24.25,16.75,1
epipelagic,10^3 g,24.25,17.25,1
epipelagic,10^3 g,24.25,17.75,2
epipelagic,10^3 g,24.25,18.25,3
epipelagic,10^3 g,24.25,18.75,1
epipelagic,10^3 g,24.25,19.25,1
epipelagic,10^3 g,24.25,19.75,2
epipelagic,10^3 g,24.25,20.25,2
epipelagic,10^3 g,24.25,20.75,4
epipelagic,10^3 g,24.25,21.25,10
epipelagic,10^3 g,24.25,21.75,2
epipelagic,10^3 g,24.25,22.25,1
epipelagic,10^3 g,24.75,10.75,1
epipelagic,10^3 g,24.75,11.75,1
epipelagic,10^3 g,24.75,13.75,1
epipelagic,10^3 g,24.75,15.75,1
epipelagic,10^3 g,24.75,16.25,1
epipelagic,10^3 g,24.75,16.75,1
epipelagic,10^3 g,24.75,17.25,1
epipelagic,10^3 g,24.75,17.75,3
epipelagic,10^3 g,24.75,18.25,1
epipelagic,10^3 g,24.75,18.75,1
epipelagic,10^3 g,24.75,19.25,2
epipelagic,10^3 g,24.75,19.75,4
epipelagic,10^3 g,24.75,20.25,9
epipelagic,10^3 g,24.75,20.75,11
epipelagic,10^3 g,24.75,21.25,8
epipelagic,10^3 g,24.75,21.75,13
epipelagic,10^3 g,24.75,22.25,3
epipelagic,10^3 g,25.25,16.75,1
epipelagic,10^3 g,25.25,17.75,3
epipelagic,10^3 g,25.25,18.25,1
epipelagic,10^3 g,25.25,19.25,1
epipelagic,10^3 g,25.25,19.75,1
epipelagic,10^3 g,25.25,20.25,1
epipelagic,10^3 g,25.25,20.75,12
epipelagic,10^3 g,25.25,21.25,26
epipelagic,10^3 g,25.25,21.75,16
epipelagic,10^3 g,25.25,22.25,3
epipelagic,10^3 g,25.75,11.25,1
epipelagic,10^3 g,25.75,12.25,1
epipelagic,10^3 g,25.75,13.75,1
epipelagic,10^3 g,25.75,17.75,1
epipelagic,10^3 g,25.75,18.25,1
epipelagic,10^3 g,25.75,19.75,2
epipelagic,10^3 g,25.75,20.25,1
epipelagic,10^3 g,25.75,20.75,4
epipelagic,10^3 g,25.75,21.25,8
epipelagic,10^3 g,25.75,21.75,9
epipelagic,10^3 g,25.75,22.25,1
epipelagic,10^3 g,26.25,9.25,1
epipelagic,10^3 g,26.25,13.75,1
epipelagic,10^3 g,26.25,15.75,3
epipelagic,10^3 g,26.25,16.25,2
epipelagic,10^3 g,26.25,16.75,1
epipelagic,10^3 g,26.25,17.25,1
epipelagic,10^3 g,26.25,17.75,1
epipelagic,10^3 g,26.25,19.25,1
epipelagic,10^3 g,26.25,20.25,4
epipelagic,10^3 g,26.25,20.75,2
epipelagic,10^3 g,26.25,21.25,9
epipelagic,10^3 g,26.25,21.75,5
epipelagic,10^3 g,26.25,22.25,1
epipelagic,10^3 g,26.75,12.25,1
epipelagic,10^3 g,26.75,12.75,1
epipelagic,10^3 g,26.75,14.75,1
epipelagic,10^3 g,26.75,16.25,1
epipelagic,10^3 g,26.75,16.75,1
epipelagic,10^3 g,26.75,17.25,4
epipelagic,10^3 g,26.75,17.75,3
epipelagic,10^3 g,26.75,19.25,1
epipelagic,10^3 g,26.75,19.75,4
epipelagic,10^3 g,26.75,20.25,5
epipelagic,10^3 g,26.75,20.75,11
epipelagic,10^3 g,26.75,21.25,4
epipelagic,10^3 g,26.75,21.75,5
epipelagic,10^3 g,26.75,22.25,1
epipelagic,10^3 g,27.25,13.75,2
epipelagic,10^3 g,27.25,14.75,1
epipelagic,10^3 g,27.25,15.25,1
epipelagic,10^3 g,27.25,16.25,2
epipelagic,10^3 g,27.25,16.75,2
epipelagic,10^3 g,27.25,17.25,2
epipelagic,10^3 g,27.25,17.75,5
epipelagic,10^3 g,27.25,18.25,1
epipelagic,10^3 g,27.25,18.75,4
epipelagic,10^3 g,27.25,19.25,3
epipelagic,10^3 g,27.25,19.75,3
epipelagic,10^3 g,27.25,20.25,4
epipelagic,10^3 g,27.25,20.75,13
epipelagic,10^3 g,27.25,21.25,21
epipelagic,10^3 g,27.25,21.75,16
epipelagic,10^3 g,27.25,22.25,1
epipelagic,10^3 g,27.75,11.25,1
epipelagic,10^3 g,27.75,12.75,1
epipelagic,10^3 g,27.75,14.25,1
epipelagic,10^3 g,27.75,16.25,2
epipelagic,10^3 g,27.75,16.75,1
epipelagic,10^3 g,27.75,17.25,1
epipelagic,10^3 g,27.75,17.75,3
epipelagic,10^3 g,27.75,18.25,4
epipelagic,10^3 g,27.75,18.75,1
epipelagic,10^3 g,27.75,19.25,5
epipelagic,10^3 g,27.75,19.75,7
epipelagic,10^3 g,27.75,20.25,5
epipelagic,10^3 g,27.75,20.75,5
epipelagic,10^3 g,27.75,21.25,11
epipelagic,10^3 g,27.75,21.75,14
epipelagic,10^3 g,27.75,22.25,2
epipelagic,10^3 g,28.25,18.75,2
epipelagic,10^3 g,28.25,19.25,1
epipelagic,10^3 g,28.25,19.75,2
epipelagic,10^3 g,28.25,20.25,6
epipelagic,10^3 g,28.25,20.75,1
epipelagic,10^3 g,28.25,21.25,15
epipelagic,10^3 g,28.25,21.75,9
epipelagic,10^3 g,28.25,22.25,1
epipelagic,10^3 g,28.75,18.25,1
epipelagic,10^3 g,28.75,19.75,1
epipelagic,10^3 g,28.75,20.75,2
epipelagic,10^3 g,28.75,21.25,13
epipelagic,10^3 g,28.75,21.75,18
epipelagic,10^3 g,28.75,22.25,1
epipelagic,10^3 g,29.25,19.75,1
epipelagic,10^3 g,29.25,21.25,3
epipelagic,10^3 g,29.25,21.75,7
epipelagic,10^3 g,29.25,22.25,2
epipelagic,10^3 g,29.75,21.75,1
epipelagic,10^4 g,0.25,13.25,1
epipelagic,10^4 g,0.25,13.75,1
epipelagic,10^4 g,0.25,16.75,1
epipelagic,10^4 g,0.25,17.25,1
epipelagic,10^4 g,0.25,17.75,14
epipelagic,10^4 g,0.25,18.25,9
epipelagic,10^4 g,0.25,18.75,8
epipelagic,10^4 g,0.25,19.25,4
epipelagic,10^4 g,0.25,19.75,8
epipelagic,10^4 g,0.25,20.25,3
epipelagic,10^4 g,0.25,20.75,1
epipelagic,10^4 g,0.75,14.25,2
epipelagic,10^4 g,0.75,17.25,1
epipelagic,10^4 g,0.75,17.75,1
epipelagic,10^4 g,0.75,18.25,1
epipelagic,10^4 g,0.75,18.75,1
epipelagic,10^4 g,0.75,19.25,1
epipelagic,10^4 g,0.75,19.75,4
epipelagic,10^4 g,0.75,20.75,1
epipelagic,10^4 g,0.75,22.25,1
epipelagic,10^4 g,1.25,12.75,1
epipelagic,10^4 g,1.25,14.25,1
epipelagic,10^4 g,1.25,15.75,1
epipelagic,10^4 g,1.25,19.25,1
epipelagic,10^4 g,1.25,19.75,6
epipelagic,10^4 g,1.25,20.25,7
epipelagic,10^4 g,1.25,22.25,3
epipelagic,10^4 g,1.75,12.75,1
epipelagic,10^4 g,1.75,13.25,3
epipelagic,10^4 g,1.75,13.75,1
epipelagic,10^4 g,1.75,14.75,1
epipelagic,10^4 g,1.75,15.25,6
epipelagic,10^4 g,1.75,15.75,4
epipelagic,10^4 g,1.75,16.25,1
epipelagic,10^4 g,1.75,18.25,1
epipelagic,10^4 g,1.75,19.25,2
epipelagic,10^4 g,1.75,19.75,9
epipelagic,10^4 g,1.75,20.25,10
epipelagic,10^4 g,1.75,20.75,1
epipelagic,10^4 g,1.75,21.75,1
epipelagic,10^4 g,1.75,22.25,2
epipelagic,10^4 g,1.75,23.25,1
epipelagic,10^4 g,2.25,12.25,1
epipelagic,10^4 g,2.25,13.75,1
epipelagic,10^4 g,2.25,15.25,1
epipelagic,10^4 g,2.25,15.75,14
epipelagic,10^4 g,2.25,16.75,1
epipelagic,10^4 g,2.25,17.25,5
epipelagic,10^4 g,2.25,17.75,3
epipelagic,10^4 g,2.25,18.25,1
epipelagic,10^4 g,2.25,19.25,2
epipelagic,10^4 g,2.25,19.75,3
epipelagic,10^4 g,2.25,20.25,17
epipelagic,10^4 g,2.25,22.25,1
epipelagic,10^4 g,2.25,22.75,2
epipelagic,10^4 g,2.25,23.25,1
epipelagic,10^4 g,2.75,12.75,1
epipelagic,10^4 g,2.75,15.25,1
epipelagic,10^4 g,2.75,15.75,33
epipelagic,10^4 g,2.75,16.25,14
epipelagic,10^4 g,2.75,16.75,27
epipelagic,10^4 g,2.75,17.25,15
epipelagic,10^4 g,2.75,17.75,4
epipelagic,10^4 g,2.75,18.25,3
epipelagic,10^4 g,2.75,18.75,9
epipelagic,10^4 g,2.75,19.25,5
epipelagic,10^4 g,2.75,19.75,1
epipelagic,10^4 g,2.75,20.25,21
epipelagic,10^4 g,2.75,20.75,2
epipelagic,10^4 g,2.75,22.75,1
epipelagic,10^4 g,2.75,23.25,1
epipelagic,10^4 g,3.25,4.75,1
epipelagic,10^4 g,3.25,5.25,2
epipelagic,10^4 g,3.25,5.75,1
epipelagic,10^4 g,3.25,12.75,1
epipelagic,10^4 g,3.25,15.75,5
epipelagic,10^4 g,3.25,16.25,10
epipelagic,10^4 g,3.25,16.75,32
epipelagic,10^4 g,3.25,17.25,50
epipelagic,10^4 g,3.25,17.75,43
epipelagic,10^4 g,3.25,18.25,21
epipelagic,10^4 g,3.25,18.75,54
epipelagic,10^4 g,3.25,19.25,51
epipelagic,10^4 g,3.25,19.75,22
epipelagic,10^4 g,3.25,20.25,30
epipelagic,10^4 g,3.25,20.75,3
epipelagic,10^4 g,3.25,21.25,8
epipelagic,10^4 g,3.25,21.75,1
epipelagic,10^4 g,3.25,22.75,1
epipelagic,10^4 g,3.75,5.25,1
epipelagic,10^4 g,3.75,13.25,1
epipelagic,10^4 g,3.75,13.75,4
epipelagic,10^4 g,3.75,15.25,3
epipelagic,10^4 g,3.75,15.75,3
epipelagic,10^4 g,3.75,16.25,3
epipelagic,10^4 g,3.75,16.75,17
epipelagic,10^4 g,3.75,17.25,22
epipelagic,10^4 g,3.75,17.75,50
epipelagic,10^4 g,3.75,18.25,12
epipelagic,10^4 g,3.75,18.75,7
epipelagic,10^4 g,3.75,19.25,35
epipelagic,10^4 g,3.75,19.75,15
epipelagic,10^4 g,3.75,20.25,18
epipelagic,10^4 g,3.75,20.75,9
epipelagic,10^4 g,3.75,21.25,2
epipelagic,10^4 g,3.75,21.75,6
epipelagic,10^4 g,3.75,22.75,2
epipelagic,10^4 g,3.75,23.25,1
epipelagic,10^4 g,4.25,11.75,1
epipelagic,10^4 g,4.25,12.25,1
epipelagic,10^4 g,4.25,13.25,2
epipelagic,10^4 g,4.25,13.75,14
epipelagic,10^4 g,4.25,14.25,39
epipelagic,10^4 g,4.25,14.75,64
epipelagic,10^4 g,4.25,15.25,9
epipelagic,10^4 g,4.25,15.75,1
epipelagic,10^4 g,4.25,16.25,2
epipelagic,10^4 g,4.25,16.75,7
epipelagic,10^4 g,4.25,17.25,5
epipelagic,10^4 g,4.25,17.75,10
epipelagic,10^4 g,4.25,18.25,4
epipelagic,10^4 g,4.25,18.75,2
epipelagic,10^4 g,4.25,19.75,2
epipelagic,10^4 g,4.25,20.25,16
epipelagic,10^4 g,4.25,20.75,12
epipelagic,10^4 g,4.25,21.25,3
epipelagic,10^4 g,4.25,21.75,1
epipelagic,10^4 g,4.25,22.25,3
epipelagic,10^4 g,4.25,22.75,1
epipelagic,10^4 g,4.75,4.75,1
epipelagic,10^4 g,4.75,10.25,1
epipelagic,10^4 g,4.75,11.75,1
epipelagic,10^4 g,4.75,12.25,3
epipelagic,10^4 g,4.75,12.75,11
epipelagic,10^4 g,4.75,13.25,16
epipelagic,10^4 g,4.75,13.75,13
epipelagic,10^4 g,4.75,14.25,4
epipelagic,10^4 g,4.75,14.75,4
epipelagic,10^4 g,4.75,15.25,2
epipelagic,10^4 g,4.75,15.75,2
epipelagic,10^4 g,4.75,16.25,5
epipelagic,10^4 g,4.75,16.75,4
epipelagic,10^4 g,4.75,17.25,3
epipelagic,10^4 g,4.75,17.75,3
epipelagic,10^4 g,4.75,19.25,2
epipelagic,10^4 g,4.75,20.25,12
epipelagic,10^4 g,4.75,20.75,5
epipelagic,10^4 g,4.75,21.25,4
epipelagic,10^4 g,4.75,21.75,4
epipelagic,10^4 g,4.75,22.25,7
epipelagic,10^4 g,4.75,22.75,2
epipelagic,10^4 g,5.25,3.75,1
epipelagic,10^4 g,5.25,4.25,1
epipelagic,10^4 g,5.25,4.75,1
epipelagic,10^4 g,5.25,10.25,1
epipelagic,10^4 g,5.25,11.25,3
epipelagic,10^4 g,5.25,11.75,9
epipelagic,10^4 g,5.25,12.25,7
epipelagic,10^4 g,5.25,12.75,5
epipelagic,10^4 g,5.25,13.25,6
epipelagic,10^4 g,5.25,13.75,1
epipelagic,10^4 g,5.25,14.25,1
epipelagic,10^4 g,5.25,15.25,2
epipelagic,10^4 g,5.25,15.75,2
epipelagic,10^4 g,5.25,16.25,1
epipelagic,10^4 g,5.25,16.75,5
epipelagic,10^4 g,5.25,17.25,1
epipelagic,10^4 g,5.25,17.75,3
epipelagic,10^4 g,5.25,18.75,3
epipelagic,10^4 g,5.25,19.25,2
epipelagic,10^4 g,5.25,19.75,3
epipelagic,10^4 g,5.25,20.25,12
epipelagic,10^4 g,5.25,20.75,11
epipelagic,10^4 g,5.25,21.25,2
epipelagic,10^4 g,5.25,21.75,19
epipelagic,10^4 g,5.25,22.25,3
epipelagic,10^4 g,5.25,23.25,1
epipelagic,10^4 g,5.75,5.25,1
epipelagic,10^4 g,5.75,5.75,1
epipelagic,10^4 g,5.75,6.25,2
epipelagic,10^4 g,5.75,6.75,1
epipelagic,10^4 g,5.75,8.75,1
epipelagic,10^4 g,5.75,10.25,1
epipelagic,10^4 g,5.75,10.75,4
epipelagic,10^4 g,5.75,11.25,7
epipelagic,10^4 g,5.75,11.75,3
epipelagic,10^4 g,5.75,12.75,3
epipelagic,10^4 g,5.75,13.25,3
epipelagic,10^4 g,5.75,13.75,2
epipelagic,10^4 g,5.75,14.25,2
epipelagic,10^4 g,5.75,14.75,1
epipelagic,10^4 g,5.75,15.25,1
epipelagic,10^4 g,5.75,15.75,1
epipelagic,10^4 g,5.75,16.75,3
epipelagic,10^4 g,5.75,17.25,1
epipelagic,10^4 g,5.75,17.75,3
epipelagic,10^4 g,5.75,18.25,1
epipelagic,10^4 g,5.75,19.25,1
epipelagic,10^4 g,5.75,19.75,2
epipelagic,10^4 g,5.75,20.25,8
epipelagic,10^4 g,5.75,20.75,23
epipelagic,10^4 g,5.75,21.25,16
epipelagic,10^4 g,5.75,21.75,13
epipelagic,10^4 g,5.75,22.25,4
epipelagic,10^4 g,6.25,6.75,1
epipelagic,10^4 g,6.25,7.25,2
epipelagic,10^4 g,6.25,8.25,1
epipelagic,10^4 g,6.25,8.75,2
epipelagic,10^4 g,6.25,9.25,1
epipelagic,10^4 g,6.25,9.75,1
epipelagic,10^4 g,6.25,10.25,7
epipelagic,10^4 g,6.25,10.75,7
epipelagic,10^4 g,6.25,11.25,1
epipelagic,10^4 g,6.25,12.25,1
epipelagic,10^4 g,6.25,13.25,2
epipelagic,10^4 g,6.25,13.75,3
epipelagic,10^4 g,6.25,14.25,5
epipelagic,10^4 g,6.25,14.75,3
epipelagic,10^4 g,6.25,15.25,1
epipelagic,10^4 g,6.25,15.75,3
epipelagic,10^4 g,6.25,16.25,2
epipelagic,10^4 g,6.25,17.25,1
epipelagic,10^4 g,6.25,17.75,3
epipelagic,10^4 g,6.25,18.25,4
epipelagic,10^4 g,6.25,18.75,5
epipelagic,10^4 g,6.25,19.25,6
epipelagic,10^4 g,6.25,19.75,5
epipelagic,10^4 g,6.25,20.25,6
epipelagic,10^4 g,6.25,20.75,24
epipelagic,10^4 g,6.25,21.25,20
epipelagic,10^4 g,6.25,21.75,15
epipelagic,10^4 g,6.25,22.25,1
epipelagic,10^4 g,6.75,1.75,1
epipelagic,10^4 g,6.75,8.25,2
epipelagic,10^4 g,6.75,8.75,2
epipelagic,10^4 g,6.75,9.25,3
epipelagic,10^4 g,6.75,9.75,1
epipelagic,10^4 g,6.75,10.25,5
epipelagic,10^4 g,6.75,10.75,2
epipelagic,10^4 g,6.75,11.75,1
epipelagic,10^4 g,6.75,12.25,1
epipelagic,10^4 g,6.75,13.25,1
epipelagic,10^4 g,6.75,14.25,7
epipelagic,10^4 g,6.75,14.75,1
epipelagic,10^4 g,6.75,15.25,4
epipelagic,10^4 g,6.75,15.75,4
epipelagic,10^4 g,6.75,16.25,6
epipelagic,10^4 g,6.75,16.75,1
epipelagic,10^4 g,6.75,17.25,2
epipelagic,10^4 g,6.75,17.75,5
epipelagic,10^4 g,6.75,18.25,3
epipelagic,10^4 g,6.75,18.75,4
epipelagic,10^4 g,6.75,19.25,4
epipelagic,10^4 g,6.75,19.75,6
epipelagic,10^4 g,6.75,20.25,17
epipelagic,10^4 g,6.75,20.75,15
epipelagic,10^4 g,6.75,21.25,23
epipelagic,10^4 g,6.75,21.75,27
epipelagic,10^4 g,6.75,22.25,2
epipelagic,10^4 g,6.75,22.75,1
epipelagic,10^4 g,7.25,9.25,1
epipelagic,10^4 g,7.25,9.75,4
epipelagic,10^4 g,7.25,10.25,1
epipelagic,10^4 g,7.25,10.75,1
epipelagic,10^4 g,7.25,12.75,1
epipelagic,10^4 g,7.25,13.75,2
epipelagic,10^4 g,7.25,14.25,3
epipelagic,10^4 g,7.25,14.75,2
epipelagic,10^4 g,7.25,15.25,7
epipelagic,10^4 g,7.25,15.75,4
epipelagic,10^4 g,7.25,16.25,3
epipelagic,10^4 g,7.25,16.75,1
epipelagic,10^4 g,7.25,17.25,4
epipelagic,10^4 g,7.25,17.75,5
epipelagic,10^4 g,7.25,18.25,4
epipelagic,10^4 g,7.25,18.75,8
epipelagic,10^4 g,7.25,19.25,16
epipelagic,10^4 g,7.25,19.75,42
epipelagic,10^4 g,7.25,20.25,17
epipelagic,10^4 g,7.25,20.75,24
epipelagic,10^4 g,7.25,21.25,4
epipelagic,10^4 g,7.25,21.75,29
epipelagic,10^4 g,7.75,8.75,1
epipelagic,10^4 g,7.75,9.25,2
epipelagic,10^4 g,7.75,9.75,4
epipelagic,10^4 g,7.75,10.75,1
epipelagic,10^4 g,7.75,13.25,1
epipelagic,10^4 g,7.75,14.25,4
epipelagic,10^4 g,7.75,14.75,5
epipelagic,10^4 g,7.75,15.25,6
epipelagic,10^4 g,7.75,15.75,1
epipelagic,10^4 g,7.75,16.25,3
epipelagic,10^4 g,7.75,16.75,4
epipelagic,10^4 g,7.75,17.25,13
epipelagic,10^4 g,7.75,17.75,3
epipelagic,10^4 g,7.75,18.25,6
epipelagic,10^4 g,7.75,19.25,3
epipelagic,10^4 g,7.75,19.75,26
epipelagic,10^4 g,7.75,20.25,64
epipelagic,10^4 g,7.75,20.75,14
epipelagic,10^4 g,7.75,21.25,8
epipelagic,10^4 g,7.75,21.75,36
epipelagic,10^4 g,7.75,22.25,4
epipelagic,10^4 g,7.75,22.75,3
epipelagic,10^4 g,8.25,5.25,2
epipelagic,10^4 g,8.25,8.75,2
epipelagic,10^4 g,8.25,9.25,3
epipelagic,10^4 g,8.25,11.25,3
epipelagic,10^4 g,8.25,11.75,1
epipelagic,10^4 g,8.25,12.25,1
epipelagic,10^4 g,8.25,13.25,1
epipelagic,10^4 g,8.25,14.25,1
epipelagic,10^4 g,8.25,14.75,4
epipelagic,10^4 g,8.25,15.25,3
epipelagic,10^4 g,8.25,15.75,5
epipelagic,10^4 g,8.25,16.25,8
epipelagic,10^4 g,8.25,16.75,12
epipelagic,10^4 g,8.25,17.25,7
epipelagic,10^4 g,8.25,17.75,12
epipelagic,10^4 g,8.25,18.75,3
epipelagic,10^4 g,8.25,19.25,2
epipelagic,10^4 g,8.25,19.75,10
epipelagic,10^4 g,8.25,20.25,43
epipelagic,10^4 g,8.25,20.75,30
epipelagic,10^4 g,8.25,21.25,3
epipelagic,10^4 g,8.25,21.75,31
epipelagic,10^4 g,8.25,22.25,5
epipelagic,10^4 g,8.25,22.75,1
epipelagic,10^4 g,8.75,9.25,2
epipelagic,10^4 g,8.75,10.25,1
epipelagic,10^4 g,8.75,11.25,1
epipelagic,10^4 g,8.75,12.75,1
epipelagic,10^4 g,8.75,13.25,1
epipelagic,10^4 g,8.75,14.75,3
epipelagic,10^4 g,8.75,15.25,5
epipelagic,10^4 g,8.75,15.75,1
epipelagic,10^4 g,8.75,16.25,2
epipelagic,10^4 g,8.75,16.75,12
epipelagic,10^4 g,8.75,17.25,14
epipelagic,10^4 g,8.75,17.75,8
epipelagic,10^4 g,8.75,18.25,3
epipelagic,10^4 g,8.75,18.75,4
epipelagic,10^4 g,8.75,19.25,5
epipelagic,10^4 g,8.75,19.75,12
epipelagic,10^4 g,8.75,20.25,31
epipelagic,10^4 g,8.75,20.75,40
epipelagic,10^4 g,8.75,21.25,7
epipelagic,10^4 g,8.75,21.75,22
epipelagic,10^4 g,8.75,22.25,7
epipelagic,10^4 g,8.75,22.75,1
epipelagic,10^4 g,9.25,5.75,1
epipelagic,10^4 g,9.25,9.25,1
epipelagic,10^4 g,9.25,11.25,2
epipelagic,10^4 g,9.25,12.75,1
epipelagic,10^4 g,9.25,14.25,1
epipelagic,10^4 g,9.25,14.75,9
epipelagic,10^4 g,9.25,15.25,3
epipelagic,10^4 g,9.25,15.75,3
epipelagic,10^4 g,9.25,16.75,7
epipelagic,10^4 g,9.25,17.25,21
epipelagic,10^4 g,9.25,17.75,4
epipelagic,10^4 g,9.25,18.25,4
epipelagic,10^4 g,9.25,18.75,5
epipelagic,10^4 g,9.25,19.25,6
epipelagic,10^4 g,9.25,19.75,7
epipelagic,10^4 g,9.25,20.25,35
epipelagic,10^4 g,9.25,20.75,33
epipelagic,10^4 g,9.25,21.25,15
epipelagic,10^4 g,9.25,21.75,27
epipelagic,10^4 g,9.25,22.25,7
epipelagic,10^4 g,9.25,22.75,2
epipelagic,10^4 g,9.75,1.25,1
epipelagic,10^4 g,9.75,9.25,4
epipelagic,10^4 g,9.75,9.75,1
epipelagic,10^4 g,9.75,11.75,2
epipelagic,10^4 g,9.75,14.25,1
epipelagic,10^4 g,9.75,14.75,7
epipelagic,10^4 g,9.75,15.25,4
epipelagic,10^4 g,9.75,15.75,5
epipelagic,10^4 g,9.75,16.25,3
epipelagic,10^4 g,9.75,16.75,1
epipelagic,10^4 g,9.75,17.25,6
epipelagic,10^4 g,9.75,17.75,12
epipelagic,10^4 g,9.75,18.25,6
epipelagic,10^4 g,9.75,18.75,5
epipelagic,10^4 g,9.75,19.25,6
epipelagic,10^4 g,9.75,19.75,16
epipelagic,10^4 g,9.75,20.25,37
epipelagic,10^4 g,9.75,20.75,48
epipelagic,10^4 g,9.75,21.25,24
epipelagic,10^4 g,9.75,21.75,26
epipelagic,10^4 g,9.75,22.25,2
epipelagic,10^4 g,9.75,22.75,6
epipelagic,10^4 g,10.25,9.75,3
epipelagic,10^4 g,10.25,12.25,1
epipelagic,10^4 g,10.25,13.75,1
epipelagic,10^4 g,10.25,14.25,4
epipelagic,10^4 g,10.25,14.75,6
epipelagic,10^4 g,10.25,15.25,7
epipelagic,10^4 g,10.25,15.75,3
epipelagic,10^4 g,10.25,16.25,3
epipelagic,10^4 g,10.25,16.75,1
epipelagic,10^4 g,10.25,17.25,7
epipelagic,10^4 g,10.25,17.75,6
epipelagic,10^4 g,10.25,18.25,6
epipelagic,10^4 g,10.25,18.75,4
epipelagic,10^4 g,10.25,19.25,5
epipelagic,10^4 g,10.25,19.75,43
epipelagic,10^4 g,10.25,20.25,65
epipelagic,10^4 g,10.25,20.75,23
epipelagic,10^4 g,10.25,21.25,24
epipelagic,10^4 g,10.25,21.75,15
epipelagic,10^4 g,10.25,22.25,4
epipelagic,10^4 g,10.25,22.75,1
epipelagic,10^4 g,10.75,9.75,3
epipelagic,10^4 g,10.75,11.75,1
epipelagic,10^4 g,10.75,12.25,1
epipelagic,10^4 g,10.75,14.25,1
epipelagic,10^4 g,10.75,14.75,5
epipelagic,10^4 g,10.75,15.25,3
epipelagic,10^4 g,10.75,15.75,5
epipelagic,10^4 g,10.75,16.25,7
epipelagic,10^4 g,10.75,16.75,2
epipelagic,10^4 g,10.75,17.25,4
epipelagic,10^4 g,10.75,18.25,11
epipelagic,10^4 g,10.75,18.75,5
epipelagic,10^4 g,10.75,19.25,4
epipelagic,10^4 g,10.75,19.75,19
epipelagic,10^4 g,10.75,20.25,56
epipelagic,10^4 g,10.75,20.75,34
epipelagic,10^4 g,10.75,21.25,22
epipelagic,10^4 g,10.75,21.75,19
epipelagic,10^4 g,10.75,22.25,4
epipelagic,10^4 g,10.75,22.75,2
epipelagic,10^4 g,11.25,6.75,1
epipelagic,10^4 g,11.25,9.75,2
epipelagic,10^4 g,11.25,11.75,1
epipelagic,10^4 g,11.25,12.25,1
epipelagic,10^4 g,11.25,12.75,1
epipelagic,10^4 g,11.25,13.25,1
epipelagic,10^4 g,11.25,14.25,1
epipelagic,10^4 g,11.25,15.75,2
epipelagic,10^4 g,11.25,16.25,4
epipelagic,10^4 g,11.25,16.75,3
epipelagic,10^4 g,11.25,17.25,9
epipelagic,10^4 g,11.25,17.75,6
epipelagic,10^4 g,11.25,18.25,4
epipelagic,10^4 g,11.25,18.75,8
epipelagic,10^4 g,11.25,19.25,1
epipelagic,10^4 g,11.25,19.75,5
epipelagic,10^4 g,11.25,20.25,25
epipelagic,10^4 g,11.25,20.75,25
epipelagic,10^4 g,11.25,21.25,21
epipelagic,10^4 g,11.25,21.75,24
epipelagic,10^4 g,11.25,22.25,5
epipelagic,10^4 g,11.25,22.75,1
epipelagic,10^4 g,11.75,0.25,1
epipelagic,10^4 g,11.75,4.25,1
epipelagic,10^4 g,11.75,9.75,1
epipelagic,10^4 g,11.75,11.75,1
epipelagic,10^4 g,11.75,12.75,1
epipelagic,10^4 g,11.75,13.25,1
epipelagic,10^4 g,11.75,14.25,1
epipelagic,10^4 g,11.75,14.75,1
epipelagic,10^4 g,11.75,15.25,1
epipelagic,10^4 g,11.75,15.75,3
epipelagic,10^4 g,11.75,16.25,3
epipelagic,10^4 g,11.75,16.75,4
epipelagic,10^4 g,11.75,17.25,2
epipelagic,10^4 g,11.75,17.75,4
epipelagic,10^4 g,11.75,18.25,9
epipelagic,10^4 g,11.75,18.75,11
epipelagic,10^4 g,11.75,19.25,3
epipelagic,10^4 g,11.75,19.75,13
epipelagic,10^4 g,11.75,20.25,13
epipelagic,10^4 g,11.75,20.75,15
epipelagic,10^4 g,11.75,21.25,13
epipelagic,10^4 g,11.75,21.75,10
epipelagic,10^4 g,11.75,22.25,5
epipelagic,10^4 g,11.75,22.75,1
epipelagic,10^4 g,12.25,0.25,2
epipelagic,10^4 g,12.25,0.75,1
epipelagic,10^4 g,12.25,7.25,2
epipelagic,10^4 g,12.25,8.25,1
epipelagic,10^4 g,12.25,9.75,3
epipelagic,10^4 g,12.25,10.25,2
epipelagic,10^4 g,12.25,12.75,2
epipelagic,10^4 g,12.25,14.75,1
epipelagic,10^4 g,12.25,15.25,2
epipelagic,10^4 g,12.25,15.75,2
epipelagic,10^4 g,12.25,16.25,6
epipelagic,10^4 g,12.25,16.75,2
epipelagic,10^4 g,12.25,17.25,2
epipelagic,10^4 g,12.25,17.75,1
epipelagic,10^4 g,12.25,18.25,4
epipelagic,10^4 g,12.25,18.75,2
epipelagic,10^4 g,12.25,19.25,13
epipelagic,10^4 g,12.25,19.75,10
epipelagic,10^4 g,12.25,20.25,9
epipelagic,10^4 g,12.25,20.75,7
epipelagic,10^4 g,12.25,21.25,16
epipelagic,10^4 g,12.25,21.75,13
epipelagic,10^4 g,12.25,22.25,12
epipelagic,10^4 g,12.25,22.75,4
epipelagic,10^4 g,12.75,10.25,1
epipelagic,10^4 g,12.75,10.75,2
epipelagic,10^4 g,12.75,11.75,1
epipelagic,10^4 g,12.75,13.25,2
epipelagic,10^4 g,12.75,14.25,2
epipelagic,10^4 g,12.75,14.75,2
epipelagic,10^4 g,12.75,15.25,1
epipelagic,10^4 g,12.75,15.75,1
epipelagic,10^4 g,12.75,16.25,3
epipelagic,10^4 g,12.75,16.75,3
epipelagic,10^4 g,12.75,17.25,6
epipelagic,10^4 g,12.75,17.75,4
epipelagic,10^4 g,12.75,18.25,3
epipelagic,10^4 g,12.75,18.75,5
epipelagic,10^4 g,12.75,19.25,4
epipelagic,10^4 g,12.75,19.75,17
epipelagic,10^4 g,12.75,20.25,15
epipelagic,10^4 g,12.75,20.75,8
epipelagic,10^4 g,12.75,21.25,6
epipelagic,10^4 g,12.75,21.75,11
epipelagic,10^4 g,12.75,22.25,9
epipelagic,10^4 g,12.75,22.75,4
epipelagic,10^4 g,13.25,7.75,1
epipelagic,10^4 g,13.25,10.25,1
epipelagic,10^4 g,13.25,11.25,1
epipelagic,10^4 g,13.25,12.75,2
epipelagic,10^4 g,13.25,13.75,2
epipelagic,10^4 g,13.25,15.25,1
epipelagic,10^4 g,13.25,16.25,2
epipelagic,10^4 g,13.25,16.75,4
epipelagic,10^4 g,13.25,17.25,5
epipelagic,10^4 g,13.25,17.75,8
epipelagic,10^4 g,13.25,18.25,5
epipelagic,10^4 g,13.25,18.75,5
epipelagic,10^4 g,13.25,19.25,10
epipelagic,10^4 g,13.25,19.75,6
epipelagic,10^4 g,13.25,20.25,14
epipelagic,10^4 g,13.25,20.75,8
epipelagic,10^4 g,13.25,21.25,4
epipelagic,10^4 g,13.25,21.75,10
epipelagic,10^4 g,13.25,22.25,11
epipelagic,10^4 g,13.25,22.75,2
epipelagic,10^4 g,13.75,4.75,1
epipelagic,10^4 g,13.75,10.25,1
epipelagic,10^4 g,13.75,10.75,3
epipelagic,10^4 g,13.75,13.75,1
epipelagic,10^4 g,13.75,14.75,1
epipelagic,10^4 g,13.75,15.75,1
epipelagic,10^4 g,13.75,16.25,1
epipelagic,10^4 g,13.75,17.25,4
epipelagic,10^4 g,13.75,17.75,2
epipelagic,10^4 g,13.75,18.25,4
epipelagic,10^4 g,13.75,18.75,4
epipelagic,10^4 g,13.75,19.25,6
epipelagic,10^4 g,13.75,19.75,15
epipelagic,10^4 g,13.75,20.25,10
epipelagic,10^4 g,13.75,20.75,18
epipelagic,10^4 g,13.75,21.25,2
epipelagic,10^4 g,13.75,21.75,10
epipelagic,10^4 g,13.75,22.25,9
epipelagic,10^4 g,14.25,9.75,1
epipelagic,10^4 g,14.25,10.25,1
epipelagic,10^4 g,14.25,10.75,2
epipelagic,10^4 g,14.25,11.25,5
epipelagic,10^4 g,14.25,12.25,1
epipelagic,10^4 g,14.25,13.25,1
epipelagic,10^4 g,14.25,14.25,1
epipelagic,10^4 g,14.25,14.75,3
epipelagic,10^4 g,14.25,15.75,1
epipelagic,10^4 g,14.25,16.25,1
epipelagic,10^4 g,14.25,16.75,3
epipelagic,10^4 g,14.25,17.25,2
epipelagic,10^4 g,14.25,17.75,5
epipelagic,10^4 g,14.25,18.25,2
epipelagic,10^4 g,14.25,18.75,5
epipelagic,10^4 g,14.25,19.25,5
epipelagic,10^4 g,14.25,19.75,6
epipelagic,10^4 g,14.25,20.25,13
epipelagic,10^4 g,14.25,20.75,16
epipelagic,10^4 g,14.25,21.25,10
epipelagic,10^4 g,14.25,21.75,9
epipelagic,10^4 g,14.25,22.25,9
epipelagic,10^4 g,14.25,22.75,1
epipelagic,10^4 g,14.75,9.75,1
epipelagic,10^4 g,14.75,10.75,4
epipelagic,10^4 g,14.75,11.25,4
epipelagic,10^4 g,14.75,11.75,1
epipelagic,10^4 g,14.75,12.25,1
epipelagic,10^4 g,14.75,12.75,1
epipelagic,10^4 g,14.75,13.75,1
epipelagic,10^4 g,14.75,14.75,1
epipelagic,10^4 g,14.75,16.25,1
epipelagic,10^4 g,14.75,17.75,3
epipelagic,10^4 g,14.75,18.25,4
epipelagic,10^4 g,14.75,18.75,4
epipelagic,10^4 g,14.75,19.25,5
epipelagic,10^4 g,14.75,19.75,13
epipelagic,10^4 g,14.75,20.25,8
epipelagic,10^4 g,14.75,20.75,13
epipelagic,10^4 g,14.75,21.25,13
epipelagic,10^4 g,14.75,21.75,13
epipelagic,10^4 g,14.75,22.25,10
epipelagic,10^4 g,14.75,22.75,2
epipelagic,10^4 g,15.25,10.75,1
epipelagic,10^4 g,15.25,11.25,5
epipelagic,10^4 g,15.25,11.75,8
epipelagic,10^4 g,15.25,14.75,1
epipelagic,10^4 g,15.25,15.25,4
epipelagic,10^4 g,15.25,17.75,2
epipelagic,10^4 g,15.25,18.25,3
epipelagic,10^4 g,15.25,18.75,3
epipelagic,10^4 g,15.25,19.25,5
epipelagic,10^4 g,15.25,19.75,7
epipelagic,10^4 g,15.25,20.25,7
epipelagic,10^4 g,15.25,20.75,8
epipelagic,10^4 g,15.25,21.25,15
epipelagic,10^4 g,15.25,21.75,16
epipelagic,10^4 g,15.25,22.25,7
epipelagic,10^4 g,15.25,22.75,1
epipelagic,10^4 g,15.75,11.25,5
epipelagic,10^4 g,15.75,11.75,3
epipelagic,10^4 g,15.75,12.25,2
epipelagic,10^4 g,15.75,13.75,2
epipelagic,10^4 g,15.75,14.25,1
epipelagic,10^4 g,15.75,15.25,1
epipelagic,10^4 g,15.75,15.75,2
epipelagic,10^4 g,15.75,16.25,2
epipelagic,10^4 g,15.75,16.75,1
epipelagic,10^4 g,15.75,17.25,2
epipelagic,10^4 g,15.75,18.25,1
epipelagic,10^4 g,15.75,18.75,4
epipelagic,10^4 g,15.75,19.75,4
epipelagic,10^4 g,15.75,20.25,6
epipelagic,10^4 g,15.75,20.75,8
epipelagic,10^4 g,15.75,21.25,14
epipelagic,10^4 g,15.75,21.75,9
epipelagic,10^4 g,15.75,22.25,9
epipelagic,10^4 g,15.75,22.75,2
epipelagic,10^4 g,16.25,5.25,1
epipelagic,10^4 g,16.25,12.25,4
epipelagic,10^4 g,16.25,12.75,1
epipelagic,10^4 g,16.25,13.75,1
epipelagic,10^4 g,16.25,15.25,3
epipelagic,10^4 g,16.25,16.25,6
epipelagic,10^4 g,16.25,16.75,7
epipelagic,10^4 g,16.25,17.75,1
epipelagic,10^4 g,16.25,18.25,2
epipelagic,10^4 g,16.25,18.75,1
epipelagic,10^4 g,16.25,20.25,1
epipelagic,10^4 g,16.25,20.75,11
epipelagic,10^4 g,16.25,21.25,13
epipelagic,10^4 g,16.25,21.75,10
epipelagic,10^4 g,16.25,22.25,7
epipelagic,10^4 g,16.25,22.75,3
epipelagic,10^4 g,16.75,11.75,1
epipelagic,10^4 g,16.75,12.25,1
epipelagic,10^4 g,16.75,12.75,3
epipelagic,10^4 g,16.75,13.75,1
epipelagic,10^4 g,16.75,15.25,3
epipelagic,10^4 g,16.75,15.75,2
epipelagic,10^4 g,16.75,16.25,3
epipelagic,10^4 g,16.75,16.75,3
epipelagic,10^4 g,16.75,17.25,3
epipelagic,10^4 g,16.75,17.75,1
epipelagic,10^4 g,16.75,18.75,1
epipelagic,10^4 g,16.75,19.75,1
epipelagic,10^4 g,16.75,20.25,2
epipelagic,10^4 g,16.75,20.75,4
epipelagic,10^4 g,16.75,21.25,5
epipelagic,10^4 g,16.75,21.75,7
epipelagic,10^4 g,16.75,22.25,10
epipelagic,10^4 g,16.75,22.75,1
epipelagic,10^4 g,17.25,11.75,1
epipelagic,10^4 g,17.25,12.25,4
epipelagic,10^4 g,17.25,12.75,2
epipelagic,10^4 g,17.25,13.25,4
epipelagic,10^4 g,17.25,13.75,1
epipelagic,10^4 g,17.25,14.75,2
epipelagic,10^4 g,17.25,15.75,1
epipelagic,10^4 g,17.25,16.25,1
epipelagic,10^4 g,17.25,16.75,1
epipelagic,10^4 g,17.25,17.25,3
epipelagic,10^4 g,17.25,18.25,1
epipelagic,10^4 g,17.25,18.75,1
epipelagic,10^4 g,17.25,19.25,1
epipelagic,10^4 g,17.25,20.25,3
epipelagic,10^4 g,17.25,20.75,1
epipelagic,10^4 g,17.25,21.25,8
epipelagic,10^4 g,17.25,21.75,1
epipelagic,10^4 g,17.25,22.25,9
epipelagic,10^4 g,17.25,22.75,1
epipelagic,10^4 g,17.75,11.75,1
epipelagic,10^4 g,17.75,12.75,4
epipelagic,10^4 g,17.75,13.25,3
epipelagic,10^4 g,17.75,13.75,1
epipelagic,10^4 g,17.75,14.75,1
epipelagic,10^4 g,17.75,15.25,1
epipelagic,10^4 g,17.75,15.75,3
epipelagic,10^4 g,17.75,16.25,3
epipelagic,10^4 g,17.75,16.75,3
epipelagic,10^4 g,17.75,17.25,2
epipelagic,10^4 g,17.75,17.75,1
epipelagic,10^4 g,17.75,18.25,3
epipelagic,10^4 g,17.75,18.75,2
epipelagic,10^4 g,17.75,20.25,4
epipelagic,10^4 g,17.75,20.75,5
epipelagic,10^4 g,17.75,21.25,12
epipelagic,10^4 g,17.75,21.75,11
epipelagic,10^4 g,17.75,22.25,7
epipelagic,10^4 g,17.75,22.75,1
epipelagic,10^4 g,18.25,12.75,1
epipelagic,10^4 g,18.25,13.25,3
epipelagic,10^4 g,18.25,13.75,6
epipelagic,10^4 g,18.25,14.25,2
epipelagic,10^4 g,18.25,14.75,2
epipelagic,10^4 g,18.25,15.75,1
epipelagic,10^4 g,18.25,16.75,1
epipelagic,10^4 g,18.25,17.25,5
epipelagic,10^4 g,18.25,17.75,2
epipelagic,10^4 g,18.25,18.25,1
epipelagic,10^4 g,18.25,18.75,3
epipelagic,10^4 g,18.25,19.25,6
epipelagic,10^4 g,18.25,20.25,2
epipelagic,10^4 g,18.25,20.75,3
epipelagic,10^4 g,18.25,21.25,4
epipelagic,10^4 g,18.25,21.75,10
epipelagic,10^4 g,18.25,22.25,9
epipelagic,10^4 g,18.75,4.25,1
epipelagic,10^4 g,18.75,12.75,1
epipelagic,10^4 g,18.75,13.25,4
epipelagic,10^4 g,18.75,13.75,3
epipelagic,10^4 g,18.75,14.25,5
epipelagic,10^4 g,18.75,14.75,1
epipelagic,10^4 g,18.75,15.25,2
epipelagic,10^4 g,18.75,15.75,1
epipelagic,10^4 g,18.75,16.75,2
epipelagic,10^4 g,18.75,17.75,3
epipelagic,10^4 g,18.75,18.25,2
epipelagic,10^4 g,18.75,18.75,2
epipelagic,10^4 g,18.75,19.25,1
epipelagic,10^4 g,18.75,19.75,3
epipelagic,10^4 g,18.75,20.25,2
epipelagic,10^4 g,18.75,21.25,3
epipelagic,10^4 g,18.75,21.75,11
epipelagic,10^4 g,18.75,22.25,12
epipelagic,10^4 g,19.25,14.25,4
epipelagic,10^4 g,19.25,14.75,3
epipelagic,10^4 g,19.25,15.25,1
epipelagic,10^4 g,19.25,15.75,1
epipelagic,10^4 g,19.25,16.25,2
epipelagic,10^4 g,19.25,17.25,2
epipelagic,10^4 g,19.25,17.75,2
epipelagic,10^4 g,19.25,18.25,1
epipelagic,10^4 g,19.25,18.75,6
epipelagic,10^4 g,19.25,19.25,5
epipelagic,10^4 g,19.25,19.75,3
epipelagic,10^4 g,19.25,20.25,1
epipelagic,10^4 g,19.25,21.25,3
epipelagic,10^4 g,19.25,21.75,15
epipelagic,10^4 g,19.25,22.25,8
epipelagic,10^4 g,19.25,22.75,2
epipelagic,10^4 g,19.75,14.25,2
epipelagic,10^4 g,19.75,14.75,2
epipelagic,10^4 g,19.75,15.25,3
epipelagic,10^4 g,19.75,15.75,2
epipelagic,10^4 g,19.75,16.75,2
epipelagic,10^4 g,19.75,17.25,2
epipelagic,10^4 g,19.75,17.75,2
epipelagic,10^4 g,19.75,18.25,1
epipelagic,10^4 g,19.75,18.75,7
epipelagic,10^4 g,19.75,19.25,4
epipelagic,10^4 g,19.75,19.75,5
epipelagic,10^4 g,19.75,20.25,1
epipelagic,10^4 g,19.75,20.75,2
epipelagic,10^4 g,19.75,21.25,2
epipelagic,10^4 g,19.75,21.75,6
epipelagic,10^4 g,19.75,22.25,11
epipelagic,10^4 g,19.75,22.75,1
epipelagic,10^4 g,20.25,15.25,2
epipelagic,10^4 g,20.25,15.75,3
epipelagic,10^4 g,20.25,16.25,4
epipelagic,10^4 g,20.25,17.75,2
epipelagic,10^4 g,20.25,18.25,3
epipelagic,10^4 g,20.25,18.75,2
epipelagic,10^4 g,20.25,19.25,2
epipelagic,10^4 g,20.25,19.75,10
epipelagic,10^4 g,20.25,20.25,1
epipelagic,10^4 g,20.25,20.75,1
epipelagic,10^4 g,20.25,21.25,3
epipelagic,10^4 g,20.25,21.75,6
epipelagic,10^4 g,20.25,22.25,2
epipelagic,10^4 g,20.25,22.75,2
epipelagic,10^4 g,20.75,15.75,2
epipelagic,10^4 g,20.75,16.25,3
epipelagic,10^4 g,20.75,16.75,9
epipelagic,10^4 g,20.75,17.25,2
epipelagic,10^4 g,20.75,17.75,4
epipelagic,10^4 g,20.75,18.25,1
epipelagic,10^4 g,20.75,18.75,1
epipelagic,10^4 g,20.75,19.25,1
epipelagic,10^4 g,20.75,19.75,2
epipelagic,10^4 g,20.75,20.25,4
epipelagic,10^4 g,20.75,20.75,4
epipelagic,10^4 g,20.75,21.25,1
epipelagic,10^4 g,20.75,21.75,6
epipelagic,10^4 g,20.75,22.25,8
epipelagic,10^4 g,20.75,22.75,2
epipelagic,10^4 g,21.25,15.25,2
epipelagic,10^4 g,21.25,15.75,1
epipelagic,10^4 g,21.25,16.25,1
epipelagic,10^4 g,21.25,16.75,1
epipelagic,10^4 g,21.25,17.25,7
epipelagic,10^4 g,21.25,17.75,6
epipelagic,10^4 g,21.25,18.25,2
epipelagic,10^4 g,21.25,18.75,1
epipelagic,10^4 g,21.25,19.25,1
epipelagic,10^4 g,21.25,19.75,5
epipelagic,10^4 g,21.25,20.25,2
epipelagic,10^4 g,21.25,20.75,4
epipelagic,10^4 g,21.25,21.25,4
epipelagic,10^4 g,21.25,21.75,8
epipelagic,10^4 g,21.25,22.25,13
epipelagic,10^4 g,21.25,22.75,2
epipelagic,10^4 g,21.75,13.75,1
epipelagic,10^4 g,21.75,16.75,1
epipelagic,10^4 g,21.75,17.75,2
epipelagic,10^4 g,21.75,18.25,5
epipelagic,10^4 g,21.75,18.75,1
epipelagic,10^4 g,21.75,19.25,3
epipelagic,10^4 g,21.75,19.75,4
epipelagic,10^4 g,21.75,20.75,4
epipelagic,10^4 g,21.75,21.25,13
epipelagic,10^4 g,21.75,21.75,15
epipelagic,10^4 g,21.75,22.25,11
epipelagic,10^4 g,21.75,22.75,2
epipelagic,10^4 g,22.25,16.25,1
epipelagic,10^4 g,22.25,16.75,1
epipelagic,10^4 g,22.25,17.25,2
epipelagic,10^4 g,22.25,17.75,1
epipelagic,10^4 g,22.25,18.25,1
epipelagic,10^4 g,22.25,18.75,6
epipelagic,10^4 g,22.25,19.25,19
epipelagic,10^4 g,22.25,19.75,6
epipelagic,10^4 g,22.25,20.25,4
epipelagic,10^4 g,22.25,20.75,9
epipelagic,10^4 g,22.25,21.25,14
epipelagic,10^4 g,22.25,21.75,19
epipelagic,10^4 g,22.25,22.25,17
epipelagic,10^4 g,22.25,22.75,3
epipelagic,10^4 g,22.25,25.25,1
epipelagic,10^4 g,22.75,10.25,1
epipelagic,10^4 g,22.75,17.75,2
epipelagic,10^4 g,22.75,18.25,3
epipelagic,10^4 g,22.75,18.75,3
epipelagic,10^4 g,22.75,19.25,2
epipelagic,10^4 g,22.75,19.75,6
epipelagic,10^4 g,22.75,20.25,9
epipelagic,10^4 g,22.75,20.75,14
epipelagic,10^4 g,22.75,21.25,5
epipelagic,10^4 g,22.75,21.75,19
epipelagic,10^4 g,22.75,22.25,21
epipelagic,10^4 g,22.75,22.75,1
epipelagic,10^4 g,23.25,16.75,1
epipelagic,10^4 g,23.25,18.75,1
epipelagic,10^4 g,23.25,19.25,1
epipelagic,10^4 g,23.25,19.75,4
epipelagic,10^4 g,23.25,20.25,2
epipelagic,10^4 g,23.25,20.75,12
epipelagic,10^4 g,23.25,21.25,25
epipelagic,10^4 g,23.25,21.75,18
epipelagic,10^4 g,23.25,22.25,21
epipelagic,10^4 g,23.25,22.75,3
epipelagic,10^4 g,23.75,15.75,1
epipelagic,10^4 g,23.75,16.25,1
epipelagic,10^4 g,23.75,16.75,1
epipelagic,10^4 g,23.75,18.25,2
epipelagic,10^4 g,23.75,19.25,1
epipelagic,10^4 g,23.75,19.75,3
epipelagic,10^4 g,23.75,20.75,13
epipelagic,10^4 g,23.75,21.25,28
epipelagic,10^4 g,23.75,21.75,37
epipelagic,10^4 g,23.75,22.25,21
epipelagic,10^4 g,23.75,22.75,2
epipelagic,10^4 g,23.75,23.25,1
epipelagic,10^4 g,24.25,16.75,1
epipelagic,10^4 g,24.25,17.25,3
epipelagic,10^4 g,24.25,17.75,2
epipelagic,10^4 g,24.25,18.75,4
epipelagic,10^4 g,24.25,19.25,2
epipelagic,10^4 g,24.25,19.75,4
epipelagic,10^4 g,24.25,20.25,5
epipelagic,10^4 g,24.25,20.75,10
epipelagic,10^4 g,24.25,21.25,44
epipelagic,10^4 g,24.25,21.75,57
epipelagic,10^4 g,24.25,22.25,16
epipelagic,10^4 g,24.25,22.75,2
epipelagic,10^4 g,24.25,23.25,1
epipelagic,10^4 g,24.75,13.75,1
epipelagic,10^4 g,24.75,16.25,1
epipelagic,10^4 g,24.75,17.25,1
epipelagic,10^4 g,24.75,17.75,5
epipelagic,10^4 g,24.75,18.25,1
epipelagic,10^4 g,24.75,18.75,1
epipelagic,10^4 g,24.75,19.25,1
epipelagic,10^4 g,24.75,19.75,5
epipelagic,10^4 g,24.75,20.25,9
epipelagic,10^4 g,24.75,20.75,11
epipelagic,10^4 g,24.75,21.25,34
epipelagic,10^4 g,24.75,21.75,87
epipelagic,10^4 g,24.75,22.25,26
epipelagic,10^4 g,24.75,22.75,2
epipelagic,10^4 g,25.25,17.75,2
epipelagic,10^4 g,25.25,18.25,3
epipelagic,10^4 g,25.25,18.75,1
epipelagic,10^4 g,25.25,19.25,2
epipelagic,10^4 g,25.25,19.75,3
epipelagic,10^4 g,25.25,20.25,5
epipelagic,10^4 g,25.25,20.75,11
epipelagic,10^4 g,25.25,21.25,59
epipelagic,10^4 g,25.25,21.75,96
epipelagic,10^4 g,25.25,22.25,19
epipelagic,10^4 g,25.25,22.75,1
epipelagic,10^4 g,25.75,11.25,1
epipelagic,10^4 g,25.75,12.25,1
epipelagic,10^4 g,25.75,13.25,1
epipelagic,10^4 g,25.75,15.25,2
epipelagic,10^4 g,25.75,16.25,1
epipelagic,10^4 g,25.75,18.25,1
epipelagic,10^4 g,25.75,18.75,3
epipelagic,10^4 g,25.75,19.25,3
epipelagic,10^4 g,25.75,19.75,3
epipelagic,10^4 g,25.75,20.25,3
epipelagic,10^4 g,25.75,20.75,9
epipelagic,10^4 g,25.75,21.25,46
epipelagic,10^4 g,25.75,21.75,102
epipelagic,10^4 g,25.75,22.25,16
epipelagic,10^4 g,25.75,22.75,3
epipelagic,10^4 g,26.25,13.75,1
epipelagic,10^4 g,26.25,15.75,3
epipelagic,10^4 g,26.25,16.25,1
epipelagic,10^4 g,26.25,17.25,1
epipelagic,10^4 g,26.25,18.25,1
epipelagic,10^4 g,26.25,19.25,3
epipelagic,10^4 g,26.25,19.75,2
epipelagic,10^4 g,26.25,20.25,6
epipelagic,10^4 g,26.25,20.75,10
epipelagic,10^4 g,26.25,21.25,49
epipelagic,10^4 g,26.25,21.75,74
epipelagic,10^4 g,26.25,22.25,94
epipelagic,10^4 g,26.25,22.75,1
epipelagic,10^4 g,26.75,11.25,1
epipelagic,10^4 g,26.75,12.25,1
epipelagic,10^4 g,26.75,12.75,1
epipelagic,10^4 g,26.75,14.25,1
epipelagic,10^4 g,26.75,14.75,1
epipelagic,10^4 g,26.75,16.25,1
epipelagic,10^4 g,26.75,16.75,1
epipelagic,10^4 g,26.75,17.75,3
epipelagic,10^4 g,26.75,18.25,1
epipelagic,10^4 g,26.75,19.25,2
epipelagic,10^4 g,26.75,19.75,3
epipelagic,10^4 g,26.75,20.25,3
epipelagic,10^4 g,26.75,20.75,13
epipelagic,10^4 g,26.75,21.25,41
epipelagic,10^4 g,26.75,21.75,111
epipelagic,10^4 g,26.75,22.25,55
epipelagic,10^4 g,27.25,10.75,1
epipelagic,10^4 g,27.25,13.75,2
epipelagic,10^4 g,27.25,16.25,2
epipelagic,10^4 g,27.25,16.75,1
epipelagic,10^4 g,27.25,17.25,2
epipelagic,10^4 g,27.25,17.75,3
epipelagic,10^4 g,27.25,18.25,1
epipelagic,10^4 g,27.25,18.75,3
epipelagic,10^4 g,27.25,19.25,2
epipelagic,10^4 g,27.25,19.75,5
epipelagic,10^4 g,27.25,20.25,5
epipelagic,10^4 g,27.25,20.75,16
epipelagic,10^4 g,27.25,21.25,66
epipelagic,10^4 g,27.25,21.75,154
epipelagic,10^4 g,27.25,22.25,56
epipelagic,10^4 g,27.25,22.75,1
epipelagic,10^4 g,27.75,14.25,1
epipelagic,10^4 g,27.75,16.25,2
epipelagic,10^4 g,27.75,16.75,1
epipelagic,10^4 g,27.75,17.25,1
epipelagic,10^4 g,27.75,17.75,2
epipelagic,10^4 g,27.75,18.25,4
epipelagic,10^4 g,27.75,18.75,1
epipelagic,10^4 g,27.75,19.25,2
epipelagic,10^4 g,27.75,19.75,9
epipelagic,10^4 g,27.75,20.25,3
epipelagic,10^4 g,27.75,20.75,11
epipelagic,10^4 g,27.75,21.25,116
epipelagic,10^4 g,27.75,21.75,198
epipelagic,10^4 g,27.75,22.25,100
epipelagic,10^4 g,28.25,19.25,1
epipelagic,10^4 g,28.25,19.75,2
epipelagic,10^4 g,28.25,20.25,4
epipelagic,10^4 g,28.25,20.75,16
epipelagic,10^4 g,28.25,21.25,116
epipelagic,10^4 g,28.25,21.75,125
epipelagic,10^4 g,28.25,22.25,9
epipelagic,10^4 g,28.75,19.75,1
epipelagic,10^4 g,28.75,20.25,2
epipelagic,10^4 g,28.75,20.75,5
epipelagic,10^4 g,28.75,21.25,108
epipelagic,10^4 g,28.75,21.75,120
epipelagic,10^4 g,28.75,22.25,4
epipelagic,10^4 g,29.25,21.25,88
epipelagic,10^4 g,29.25,21.75,162
epipelagic,10^4 g,29.25,22.25,6
epipelagic,10^4 g,29.75,21.25,27
epipelagic,10^4 g,29.75,21.75,118
epipelagic,10^4 g,29.75,22.25,5
epipelagic,10^5 g,0.25,12.75,4
epipelagic,10^5 g,0.25,13.25,6
epipelagic,10^5 g,0.25,13.75,1
epipelagic,10^5 g,0.25,14.25,2
epipelagic,10^5 g,0.25,14.75,1
epipelagic,10^5 g,0.25,16.25,1
epipelagic,10^5 g,0.25,16.75,2
epipelagic,10^5 g,0.25,17.75,3
epipelagic,10^5 g,0.25,18.75,3
epipelagic,10^5 g,0.25,19.25,1
epipelagic,10^5 g,0.25,19.75,1
epipelagic,10^5 g,0.25,20.25,3
epipelagic,10^5 g,0.25,20.75,1
epipelagic,10^5 g,0.75,12.25,19
epipelagic,10^5 g,0.75,12.75,56
epipelagic,10^5 g,0.75,13.25,17
epipelagic,10^5 g,0.75,14.25,3
epipelagic,10^5 g,0.75,18.75,1
epipelagic,10^5 g,0.75,20.75,1
epipelagic,10^5 g,1.25,11.75,4
epipelagic,10^5 g,1.25,12.25,19
epipelagic,10^5 g,1.25,12.75,16
epipelagic,10^5 g,1.25,15.75,1
epipelagic,10^5 g,1.25,17.75,1
epipelagic,10^5 g,1.25,18.75,2
epipelagic,10^5 g,1.25,20.25,1
epipelagic,10^5 g,1.75,9.75,1
epipelagic,10^5 g,1.75,11.75,1
epipelagic,10^5 g,1.75,12.25,6
epipelagic,10^5 g,1.75,15.25,7
epipelagic,10^5 g,1.75,15.75,4
epipelagic,10^5 g,1.75,16.25,1
epipelagic,10^5 g,1.75,17.25,1
epipelagic,10^5 g,1.75,18.25,1
epipelagic,10^5 g,1.75,20.75,1
epipelagic,10^5 g,2.25,11.25,1
epipelagic,10^5 g,2.25,11.75,1
epipelagic,10^5 g,2.25,13.25,1
epipelagic,10^5 g,2.25,14.25,2
epipelagic,10^5 g,2.25,15.25,2
epipelagic,10^5 g,2.25,16.25,1
epipelagic,10^5 g,2.25,16.75,1
epipelagic,10^5 g,2.25,17.25,4
epipelagic,10^5 g,2.25,18.25,4
epipelagic,10^5 g,2.25,20.25,1
epipelagic,10^5 g,2.25,20.75,1
epipelagic,10^5 g,2.75,13.25,1
epipelagic,10^5 g,2.75,15.75,1
epipelagic,10^5 g,2.75,16.25,1
epipelagic,10^5 g,2.75,16.75,33
epipelagic,10^5 g,2.75,17.25,22
epipelagic,10^5 g,2.75,17.75,2
epipelagic,10^5 g,2.75,18.25,1
epipelagic,10^5 g,3.25,12.75,1
epipelagic,10^5 g,3.25,13.25,2
epipelagic,10^5 g,3.25,16.25,5
epipelagic,10^5 g,3.25,16.75,31
epipelagic,10^5 g,3.25,17.25,50
epipelagic,10^5 g,3.25,17.75,60
epipelagic,10^5 g,3.25,18.25,29
epipelagic,10^5 g,3.25,18.75,59
epipelagic,10^5 g,3.25,19.25,3
epipelagic,10^5 g,3.25,21.25,1
epipelagic,10^5 g,3.75,13.25,1
epipelagic,10^5 g,3.75,15.25,1
epipelagic,10^5 g,3.75,15.75,2
epipelagic,10^5 g,3.75,16.25,3
epipelagic,10^5 g,3.75,16.75,13
epipelagic,10^5 g,3.75,17.25,16
epipelagic,10^5 g,3.75,17.75,68
epipelagic,10^5 g,3.75,18.25,19
epipelagic,10^5 g,3.75,18.75,4
epipelagic,10^5 g,3.75,19.25,2
epipelagic,10^5 g,3.75,19.75,1
epipelagic,10^5 g,3.75,20.25,2
epipelagic,10^5 g,3.75,20.75,1
epipelagic,10^5 g,3.75,21.75,1
epipelagic,10^5 g,4.25,13.25,3
epipelagic,10^5 g,4.25,13.75,22
epipelagic,10^5 g,4.25,14.25,58
epipelagic,10^5 g,4.25,14.75,105
epipelagic,10^5 g,4.25,15.25,13
epipelagic,10^5 g,4.25,15.75,1
epipelagic,10^5 g,4.25,16.25,2
epipelagic,10^5 g,4.25,16.75,7
epipelagic,10^5 g,4.25,17.25,6
epipelagic,10^5 g,4.25,17.75,10
epipelagic,10^5 g,4.25,18.25,2
epipelagic,10^5 g,4.25,18.75,2
epipelagic,10^5 g,4.25,19.25,2
epipelagic,10^5 g,4.25,21.75,1
epipelagic,10^5 g,4.75,12.25,4
epipelagic,10^5 g,4.75,12.75,9
epipelagic,10^5 g,4.75,13.25,18
epipelagic,10^5 g,4.75,13.75,16
epipelagic,10^5 g,4.75,14.25,3
epipelagic,10^5 g,4.75,14.75,1
epipelagic,10^5 g,4.75,15.25,1
epipelagic,10^5 g,4.75,15.75,1
epipelagic,10^5 g,4.75,16.25,1
epipelagic,10^5 g,4.75,16.75,4
epipelagic,10^5 g,4.75,17.25,3
epipelagic,10^5 g,4.75,17.75,2
epipelagic,10^5 g,4.75,18.75,1
epipelagic,10^5 g,4.75,19.25,1
epipelagic,10^5 g,4.75,19.75,2
epipelagic,10^5 g,4.75,20.25,2
epipelagic,10^5 g,4.75,21.75,2
epipelagic,10^5 g,5.25,10.25,2
epipelagic,10^5 g,5.25,10.75,1
epipelagic,10^5 g,5.25,11.25,4
epipelagic,10^5 g,5.25,11.75,11
epipelagic,10^5 g,5.25,12.25,10
epipelagic,10^5 g,5.25,12.75,4
epipelagic,10^5 g,5.25,13.25,1
epipelagic,10^5 g,5.25,14.25,1
epipelagic,10^5 g,5.25,15.25,5
epipelagic,10^5 g,5.25,15.75,1
epipelagic,10^5 g,5.25,16.75,2
epipelagic,10^5 g,5.25,18.75,1
epipelagic,10^5 g,5.25,19.25,1
epipelagic,10^5 g,5.25,19.75,2
epipelagic,10^5 g,5.25,20.25,5
epipelagic,10^5 g,5.25,20.75,1
epipelagic,10^5 g,5.25,21.25,1
epipelagic,10^5 g,5.75,10.25,2
epipelagic,10^5 g,5.75,10.75,4
epipelagic,10^5 g,5.75,11.25,7
epipelagic,10^5 g,5.75,11.75,6
epipelagic,10^5 g,5.75,12.25,1
epipelagic,10^5 g,5.75,12.75,1
epipelagic,10^5 g,5.75,14.25,1
epipelagic,10^5 g,5.75,14.75,1
epipelagic,10^5 g,5.75,15.75,1
epipelagic,10^5 g,5.75,19.75,3
epipelagic,10^5 g,5.75,20.25,2
epipelagic,10^5 g,5.75,20.75,3
epipelagic,10^5 g,5.75,21.25,2
epipelagic,10^5 g,5.75,22.25,1
epipelagic,10^5 g,6.25,10.25,8
epipelagic,10^5 g,6.25,10.75,10
epipelagic,10^5 g,6.25,11.25,1
epipelagic,10^5 g,6.25,12.25,1
epipelagic,10^5 g,6.25,13.25,1
epipelagic,10^5 g,6.25,13.75,1
epipelagic,10^5 g,6.25,14.25,1
epipelagic,10^5 g,6.25,14.75,1
epipelagic,10^5 g,6.25,16.25,1
epipelagic,10^5 g,6.25,18.75,2
epipelagic,10^5 g,6.25,19.25,3
epipelagic,10^5 g,6.25,19.75,2
epipelagic,10^5 g,6.25,21.25,3
epipelagic,10^5 g,6.25,21.75,1
epipelagic,10^5 g,6.25,22.25,1
epipelagic,10^5 g,6.75,9.25,1
epipelagic,10^5 g,6.75,9.75,1
epipelagic,10^5 g,6.75,10.25,7
epipelagic,10^5 g,6.75,10.75,2
epipelagic,10^5 g,6.75,11.75,1
epipelagic,10^5 g,6.75,12.25,1
epipelagic,10^5 g,6.75,13.75,1
epipelagic,10^5 g,6.75,14.25,1
epipelagic,10^5 g,6.75,14.75,1
epipelagic,10^5 g,6.75,15.75,1
epipelagic,10^5 g,6.75,16.25,1
epipelagic,10^5 g,6.75,16.75,1
epipelagic,10^5 g,6.75,19.75,2
epipelagic,10^5 g,6.75,20.25,1
epipelagic,10^5 g,6.75,21.25,1
epipelagic,10^5 g,7.25,9.25,1
epipelagic,10^5 g,7.25,9.75,5
epipelagic,10^5 g,7.25,10.25,3
epipelagic,10^5 g,7.25,15.25,1
epipelagic,10^5 g,7.25,17.25,1
epipelagic,10^5 g,7.25,18.75,2
epipelagic,10^5 g,7.25,19.25,2
epipelagic,10^5 g,7.25,19.75,1
epipelagic,10^5 g,7.25,20.25,1
epipelagic,10^5 g,7.25,21.25,1
epipelagic,10^5 g,7.25,22.25,1
epipelagic,10^5 g,7.25,22.75,1
epipelagic,10^5 g,7.75,9.25,2
epipelagic,10^5 g,7.75,9.75,3
epipelagic,10^5 g,7.75,10.75,1
epipelagic,10^5 g,7.75,11.75,1
epipelagic,10^5 g,7.75,13.75,1
epipelagic,10^5 g,7.75,16.25,1
epipelagic,10^5 g,7.75,16.75,1
epipelagic,10^5 g,7.75,17.25,1
epipelagic,10^5 g,7.75,18.75,1
epipelagic,10^5 g,7.75,19.25,1
epipelagic,10^5 g,7.75,19.75,4
epipelagic,10^5 g,7.75,20.25,4
epipelagic,10^5 g,7.75,20.75,4
epipelagic,10^5 g,7.75,21.75,1
epipelagic,10^5 g,7.75,22.25,4
epipelagic,10^5 g,7.75,22.75,3
epipelagic,10^5 g,8.25,8.75,2
epipelagic,10^5 g,8.25,9.25,3
epipelagic,10^5 g,8.25,11.25,2
epipelagic,10^5 g,8.25,11.75,1
epipelagic,10^5 g,8.25,17.75,2
epipelagic,10^5 g,8.25,19.25,2
epipelagic,10^5 g,8.25,19.75,1
epipelagic,10^5 g,8.25,20.25,6
epipelagic,10^5 g,8.25,20.75,4
epipelagic,10^5 g,8.25,22.75,1
epipelagic,10^5 g,8.75,9.25,6
epipelagic,10^5 g,8.75,9.75,1
epipelagic,10^5 g,8.75,10.25,1
epipelagic,10^5 g,8.75,11.25,1
epipelagic,10^5 g,8.75,13.25,1
epipelagic,10^5 g,8.75,17.25,2
epipelagic,10^5 g,8.75,18.75,3
epipelagic,10^5 g,8.75,19.25,7
epipelagic,10^5 g,8.75,19.75,6
epipelagic,10^5 g,8.75,20.25,4
epipelagic,10^5 g,8.75,20.75,2
epipelagic,10^5 g,8.75,21.75,3
epipelagic,10^5 g,8.75,22.75,1
epipelagic,10^5 g,9.25,9.25,2
epipelagic,10^5 g,9.25,11.25,1
epipelagic,10^5 g,9.25,12.75,1
epipelagic,10^5 g,9.25,16.25,1
epipelagic,10^5 g,9.25,17.25,1
epipelagic,10^5 g,9.25,18.25,2
epipelagic,10^5 g,9.25,19.25,2
epipelagic,10^5 g,9.25,19.75,5
epipelagic,10^5 g,9.25,20.25,9
epipelagic,10^5 g,9.25,20.75,2
epipelagic,10^5 g,9.25,21.75,1
epipelagic,10^5 g,9.25,22.75,2
epipelagic,10^5 g,9.75,9.25,6
epipelagic,10^5 g,9.75,9.75,1
epipelagic,10^5 g,9.75,11.75,1
epipelagic,10^5 g,9.75,12.75,1
epipelagic,10^5 g,9.75,15.75,1
epipelagic,10^5 g,9.75,17.75,1
epipelagic,10^5 g,9.75,18.25,2
epipelagic,10^5 g,9.75,18.75,4
epipelagic,10^5 g,9.75,19.25,3
epipelagic,10^5 g,9.75,19.75,5
epipelagic,10^5 g,9.75,20.25,7
epipelagic,10^5 g,9.75,20.75,10
epipelagic,10^5 g,9.75,21.25,2
epipelagic,10^5 g,9.75,21.75,1
epipelagic,10^5 g,9.75,22.25,1
epipelagic,10^5 g,9.75,22.75,4
epipelagic,10^5 g,10.25,9.25,3
epipelagic,10^5 g,10.25,9.75,6
epipelagic,10^5 g,10.25,12.25,1
epipelagic,10^5 g,10.25,16.75,1
epipelagic,10^5 g,10.25,17.25,2
epipelagic,10^5 g,10.25,17.75,1
epipelagic,10^5 g,10.25,18.25,2
epipelagic,10^5 g,10.25,19.25,3
epipelagic,10^5 g,10.25,19.75,2
epipelagic,10^5 g,10.25,20.25,4
epipelagic,10^5 g,10.25,20.75,4
epipelagic,10^5 g,10.25,21.25,2
epipelagic,10^5 g,10.25,21.75,2
epipelagic,10^5 g,10.25,22.25,3
epipelagic,10^5 g,10.25,22.75,1
epipelagic,10^5 g,10.75,9.25,4
epipelagic,10^5 g,10.75,9.75,8
epipelagic,10^5 g,10.75,10.75,1
epipelagic,10^5 g,10.75,11.75,1
epipelagic,10^5 g,10.75,15.75,1
epipelagic,10^5 g,10.75,17.75,1
epipelagic,10^5 g,10.75,18.75,2
epipelagic,10^5 g,10.75,19.25,2
epipelagic,10^5 g,10.75,19.75,5
epipelagic,10^5 g,10.75,20.25,7
epipelagic,10^5 g,10.75,20.75,5
epipelagic,10^5 g,10.75,21.25,3
epipelagic,10^5 g,10.75,21.75,5
epipelagic,10^5 g,10.75,22.25,3
epipelagic,10^5 g,10.75,22.75,4
epipelagic,10^5 g,11.25,9.25,3
epipelagic,10^5 g,11.25,9.75,5
epipelagic,10^5 g,11.25,11.75,1
epipelagic,10^5 g,11.25,12.25,1
epipelagic,10^5 g,11.25,12.75,1
epipelagic,10^5 g,11.25,13.25,1
epipelagic,10^5 g,11.25,15.75,2
epipelagic,10^5 g,11.25,16.75,1
epipelagic,10^5 g,11.25,17.25,2
epipelagic,10^5 g,11.25,17.75,3
epipelagic,10^5 g,11.25,18.25,1
epipelagic,10^5 g,11.25,18.75,2
epipelagic,10^5 g,11.25,19.25,3
epipelagic,10^5 g,11.25,19.75,5
epipelagic,10^5 g,11.25,20.25,10
epipelagic,10^5 g,11.25,20.75,9
epipelagic,10^5 g,11.25,21.25,3
epipelagic,10^5 g,11.25,21.75,6
epipelagic,10^5 g,11.25,22.25,8
epipelagic,10^5 g,11.25,22.75,1
epipelagic,10^5 g,11.75,9.25,2
epipelagic,10^5 g,11.75,9.75,11
epipelagic,10^5 g,11.75,10.25,2
epipelagic,10^5 g,11.75,10.75,1
epipelagic,10^5 g,11.75,11.75,1
epipelagic,10^5 g,11.75,13.25,1
epipelagic,10^5 g,11.75,14.25,1
epipelagic,10^5 g,11.75,15.75,1
epipelagic,10^5 g,11.75,16.75,3
epipelagic,10^5 g,11.75,17.75,3
epipelagic,10^5 g,11.75,18.25,2
epipelagic,10^5 g,11.75,18.75,2
epipelagic,10^5 g,11.75,19.25,1
epipelagic,10^5 g,11.75,19.75,6
epipelagic,10^5 g,11.75,20.25,3
epipelagic,10^5 g,11.75,20.75,3
epipelagic,10^5 g,11.75,21.25,3
epipelagic,10^5 g,11.75,21.75,9
epipelagic,10^5 g,11.75,22.25,5
epipelagic,10^5 g,11.75,22.75,1
epipelagic,10^5 g,12.25,9.75,9
epipelagic,10^5 g,12.25,10.25,8
epipelagic,10^5 g,12.25,10.75,1
epipelagic,10^5 g,12.25,12.75,2
epipelagic,10^5 g,12.25,15.75,1
epipelagic,10^5 g,12.25,18.25,2
epipelagic,10^5 g,12.25,18.75,2
epipelagic,10^5 g,12.25,19.25,5
epipelagic,10^5 g,12.25,19.75,5
epipelagic,10^5 g,12.25,20.25,11
epipelagic,10^5 g,12.25,20.75,7
epipelagic,10^5 g,12.25,21.25,4
epipelagic,10^5 g,12.25,21.75,10
epipelagic,10^5 g,12.25,22.25,14
epipelagic,10^5 g,12.25,22.75,5
epipelagic,10^5 g,12.75,9.75,3
epipelagic,10^5 g,12.75,10.25,8
epipelagic,10^5 g,12.75,10.75,2
epipelagic,10^5 g,12.75,11.25,1
epipelagic,10^5 g,12.75,11.75,1
epipelagic,10^5 g,12.75,13.25,3
epipelagic,10^5 g,12.75,14.25,1
epipelagic,10^5 g,12.75,14.75,1
epipelagic,10^5 g,12.75,16.75,1
epipelagic,10^5 g,12.75,17.25,2
epipelagic,10^5 g,12.75,17.75,4
epipelagic,10^5 g,12.75,18.25,1
epipelagic,10^5 g,12.75,18.75,1
epipelagic,10^5 g,12.75,19.75,5
epipelagic,10^5 g,12.75,20.25,3
epipelagic,10^5 g,12.75,20.75,8
epipelagic,10^5 g,12.75,21.25,5
epipelagic,10^5 g,12.75,21.75,15
epipelagic,10^5 g,12.75,22.25,10
epipelagic,10^5 g,12.75,22.75,5
epipelagic,10^5 g,13.25,10.25,3
epipelagic,10^5 g,13.25,10.75,3
epipelagic,10^5 g,13.25,11.25,4
epipelagic,10^5 g,13.25,12.75,2
epipelagic,10^5 g,13.25,13.75,2
epipelagic,10^5 g,13.25,14.25,1
epipelagic,10^5 g,13.25,14.75,2
epipelagic,10^5 g,13.25,15.25,1
epipelagic,10^5 g,13.25,16.25,3
epipelagic,10^5 g,13.25,16.75,2
epipelagic,10^5 g,13.25,17.25,1
epipelagic,10^5 g,13.25,17.75,1
epipelagic,10^5 g,13.25,18.25,1
epipelagic,10^5 g,13.25,18.75,3
epipelagic,10^5 g,13.25,19.25,2
epipelagic,10^5 g,13.25,19.75,5
epipelagic,10^5 g,13.25,20.25,7
epipelagic,10^5 g,13.25,20.75,6
epipelagic,10^5 g,13.25,21.25,4
epipelagic,10^5 g,13.25,21.75,10
epipelagic,10^5 g,13.25,22.25,11
epipelagic,10^5 g,13.25,22.75,1
epipelagic,10^5 g,13.75,10.25,2
epipelagic,10^5 g,13.75,10.75,9
epipelagic,10^5 g,13.75,11.25,2
epipelagic,10^5 g,13.75,11.75,3
epipelagic,10^5 g,13.75,12.75,2
epipelagic,10^5 g,13.75,13.75,1
epipelagic,10^5 g,13.75,14.25,1
epipelagic,10^5 g,13.75,14.75,1
epipelagic,10^5 g,13.75,18.25,2
epipelagic,10^5 g,13.75,18.75,1
epipelagic,10^5 g,13.75,19.25,1
epipelagic,10^5 g,13.75,19.75,2
epipelagic,10^5 g,13.75,20.25,2
epipelagic,10^5 g,13.75,20.75,7
epipelagic,10^5 g,13.75,21.25,1
epipelagic,10^5 g,13.75,21.75,10
epipelagic,10^5 g,13.75,22.25,14
epipelagic,10^5 g,14.25,9.75,1
epipelagic,10^5 g,14.25,10.25,1
epipelagic,10^5 g,14.25,10.75,6
epipelagic,10^5 g,14.25,11.25,7
epipelagic,10^5 g,14.25,11.75,2
epipelagic,10^5 g,14.25,12.75,1
epipelagic,10^5 g,14.25,13.25,1
epipelagic,10^5 g,14.25,14.25,1
epipelagic,10^5 g,14.25,14.75,4
epipelagic,10^5 g,14.25,15.75,1
epipelagic,10^5 g,14.25,16.25,1
epipelagic,10^5 g,14.25,16.75,2
epipelagic,10^5 g,14.25,17.25,1
epipelagic,10^5 g,14.25,17.75,2
epipelagic,10^5 g,14.25,18.25,2
epipelagic,10^5 g,14.25,19.25,2
epipelagic,10^5 g,14.25,19.75,1
epipelagic,10^5 g,14.25,20.25,4
epipelagic,10^5 g,14.25,20.75,9
epipelagic,10^5 g,14.25,21.25,2
epipelagic,10^5 g,14.25,21.75,8
epipelagic,10^5 g,14.25,22.25,9
epipelagic,10^5 g,14.25,22.75,1
epipelagic,10^5 g,14.75,9.75,1
epipelagic,10^5 g,14.75,10.75,5
epipelagic,10^5 g,14.75,11.25,6
epipelagic,10^5 g,14.75,11.75,4
epipelagic,10^5 g,14.75,12.75,1
epipelagic,10^5 g,14.75,13.75,1
epipelagic,10^5 g,14.75,14.75,2
epipelagic,10^5 g,14.75,15.25,1
epipelagic,10^5 g,14.75,15.75,1
epipelagic,10^5 g,14.75,17.25,1
epipelagic,10^5 g,14.75,17.75,2
epipelagic,10^5 g,14.75,18.25,2
epipelagic,10^5 g,14.75,18.75,4
epipelagic,10^5 g,14.75,19.25,4
epipelagic,10^5 g,14.75,19.75,4
epipelagic,10^5 g,14.75,20.25,2
epipelagic,10^5 g,14.75,20.75,7
epipelagic,10^5 g,14.75,21.25,3
epipelagic,10^5 g,14.75,21.75,4
epipelagic,10^5 g,14.75,22.25,12
epipelagic,10^5 g,14.75,22.75,3
epipelagic,10^5 g,15.25,10.75,2
epipelagic,10^5 g,15.25,11.25,7
epipelagic,10^5 g,15.25,11.75,10
epipelagic,10^5 g,15.25,12.25,1
epipelagic,10^5 g,15.25,12.75,1
epipelagic,10^5 g,15.25,13.25,1
epipelagic,10^5 g,15.25,13.75,2
epipelagic,10^5 g,15.25,14.75,1
epipelagic,10^5 g,15.25,15.25,5
epipelagic,10^5 g,15.25,15.75,6
epipelagic,10^5 g,15.25,16.25,1
epipelagic,10^5 g,15.25,17.75,2
epipelagic,10^5 g,15.25,18.25,2
epipelagic,10^5 g,15.25,18.75,4
epipelagic,10^5 g,15.25,19.25,2
epipelagic,10^5 g,15.25,19.75,4
epipelagic,10^5 g,15.25,20.25,9
epipelagic,10^5 g,15.25,20.75,4
epipelagic,10^5 g,15.25,21.25,2
epipelagic,10^5 g,15.25,21.75,8
epipelagic,10^5 g,15.25,22.25,12
epipelagic,10^5 g,15.25,22.75,1
epipelagic,10^5 g,15.75,11.25,7
epipelagic,10^5 g,15.75,11.75,6
epipelagic,10^5 g,15.75,12.25,3
epipelagic,10^5 g,15.75,13.25,2
epipelagic,10^5 g,15.75,13.75,2
epipelagic,10^5 g,15.75,14.25,2
epipelagic,10^5 g,15.75,14.75,2
epipelagic,10^5 g,15.75,15.25,4
epipelagic,10^5 g,15.75,15.75,5
epipelagic,10^5 g,15.75,16.25,5
epipelagic,10^5 g,15.75,16.75,2
epipelagic,10^5 g,15.75,17.25,3
epipelagic,10^5 g,15.75,17.75,1
epipelagic,10^5 g,15.75,18.25,2
epipelagic,10^5 g,15.75,18.75,4
epipelagic,10^5 g,15.75,19.75,2
epipelagic,10^5 g,15.75,20.25,2
epipelagic,10^5 g,15.75,20.75,5
epipelagic,10^5 g,15.75,21.25,3
epipelagic,10^5 g,15.75,21.75,6
epipelagic,10^5 g,15.75,22.25,10
epipelagic,10^5 g,15.75,22.75,2
epipelagic,10^5 g,16.25,11.25,3
epipelagic,10^5 g,16.25,11.75,5
epipelagic,10^5 g,16.25,12.25,5
epipelagic,10^5 g,16.25,12.75,1
epipelagic,10^5 g,16.25,13.25,1
epipelagic,10^5 g,16.25,13.75,1
epipelagic,10^5 g,16.25,15.25,2
epipelagic,10^5 g,16.25,15.75,2
epipelagic,10^5 g,16.25,16.25,6
epipelagic,10^5 g,16.25,16.75,8
epipelagic,10^5 g,16.25,17.75,1
epipelagic,10^5 g,16.25,18.25,4
epipelagic,10^5 g,16.25,18.75,3
epipelagic,10^5 g,16.25,19.75,1
epipelagic,10^5 g,16.25,20.25,3
epipelagic,10^5 g,16.25,20.75,2
epipelagic,10^5 g,16.25,21.25,3
epipelagic,10^5 g,16.25,21.75,3
epipelagic,10^5 g,16.25,22.25,7
epipelagic,10^5 g,16.25,22.75,3
epipelagic,10^5 g,16.75,11.75,4
epipelagic,10^5 g,16.75,12.25,3
epipelagic,10^5 g,16.75,12.75,7
epipelagic,10^5 g,16.75,13.75,2
epipelagic,10^5 g,16.75,15.25,3
epipelagic,10^5 g,16.75,15.75,3
epipelagic,10^5 g,16.75,16.25,4
epipelagic,10^5 g,16.75,16.75,6
epipelagic,10^5 g,16.75,17.25,2
epipelagic,10^5 g,16.75,17.75,2
epipelagic,10^5 g,16.75,18.25,1
epipelagic,10^5 g,16.75,19.25,2
epipelagic,10^5 g,16.75,19.75,4
epipelagic,10^5 g,16.75,20.25,1
epipelagic,10^5 g,16.75,20.75,3
epipelagic,10^5 g,16.75,21.25,2
epipelagic,10^5 g,16.75,21.75,10
epipelagic,10^5 g,16.75,22.25,7
epipelagic,10^5 g,16.75,22.75,1
epipelagic,10^5 g,17.25,11.75,1
epipelagic,10^5 g,17.25,12.25,5
epipelagic,10^5 g,17.25,12.75,4
epipelagic,10^5 g,17.25,13.25,5
epipelagic,10^5 g,17.25,13.75,2
epipelagic,10^5 g,17.25,14.75,2
epipelagic,10^5 g,17.25,15.75,2
epipelagic,10^5 g,17.25,16.25,4
epipelagic,10^5 g,17.25,16.75,4
epipelagic,10^5 g,17.25,17.25,7
epipelagic,10^5 g,17.25,18.25,2
epipelagic,10^5 g,17.25,18.75,5
epipelagic,10^5 g,17.25,19.25,4
epipelagic,10^5 g,17.25,19.75,4
epipelagic,10^5 g,17.25,20.25,5
epipelagic,10^5 g,17.25,20.75,2
epipelagic,10^5 g,17.25,21.25,2
epipelagic,10^5 g,17.25,21.75,2
epipelagic,10^5 g,17.25,22.25,12
epipelagic,10^5 g,17.25,22.75,1
epipelagic,10^5 g,17.75,11.75,2
epipelagic,10^5 g,17.75,12.75,4
epipelagic,10^5 g,17.75,13.25,5
epipelagic,10^5 g,17.75,13.75,3
epipelagic,10^5 g,17.75,14.75,2
epipelagic,10^5 g,17.75,15.25,1
epipelagic,10^5 g,17.75,15.75,5
epipelagic,10^5 g,17.75,16.25,4
epipelagic,10^5 g,17.75,16.75,7
epipelagic,10^5 g,17.75,17.25,5
epipelagic,10^5 g,17.75,17.75,3
epipelagic,10^5 g,17.75,18.25,3
epipelagic,10^5 g,17.75,18.75,3
epipelagic,10^5 g,17.75,19.25,2
epipelagic,10^5 g,17.75,19.75,3
epipelagic,10^5 g,17.75,20.25,6
epipelagic,10^5 g,17.75,20.75,4
epipelagic,10^5 g,17.75,21.25,2
epipelagic,10^5 g,17.75,21.75,7
epipelagic,10^5 g,17.75,22.25,9
epipelagic,10^5 g,17.75,22.75,1
epipelagic,10^5 g,18.25,12.75,1
epipelagic,10^5 g,18.25,13.25,4
epipelagic,10^5 g,18.25,13.75,6
epipelagic,10^5 g,18.25,14.25,2
epipelagic,10^5 g,18.25,14.75,3
epipelagic,10^5 g,18.25,15.75,1
epipelagic,10^5 g,18.25,16.25,2
epipelagic,10^5 g,18.25,16.75,2
epipelagic,10^5 g,18.25,17.25,10
epipelagic,10^5 g,18.25,17.75,3
epipelagic,10^5 g,18.25,18.25,2
epipelagic,10^5 g,18.25,18.75,3
epipelagic,10^5 g,18.25,19.25,2
epipelagic,10^5 g,18.25,19.75,2
epipelagic,10^5 g,18.25,20.25,1
epipelagic,10^5 g,18.25,20.75,3
epipelagic,10^5 g,18.25,21.25,1
epipelagic,10^5 g,18.25,21.75,8
epipelagic,10^5 g,18.25,22.25,9
epipelagic,10^5 g,18.75,12.75,1
epipelagic,10^5 g,18.75,13.25,5
epipelagic,10^5 g,18.75,13.75,5
epipelagic,10^5 g,18.75,14.25,8
epipelagic,10^5 g,18.75,14.75,2
epipelagic,10^5 g,18.75,15.25,5
epipelagic,10^5 g,18.75,15.75,2
epipelagic,10^5 g,18.75,16.75,2
epipelagic,10^5 g,18.75,17.25,2
epipelagic,10^5 g,18.75,17.75,6
epipelagic,10^5 g,18.75,18.25,4
epipelagic,10^5 g,18.75,18.75,5
epipelagic,10^5 g,18.75,19.25,3
epipelagic,10^5 g,18.75,19.75,3
epipelagic,10^5 g,18.75,20.25,3
epipelagic,10^5 g,18.75,20.75,1
epipelagic,10^5 g,18.75,21.25,2
epipelagic,10^5 g,18.75,21.75,11
epipelagic,10^5 g,18.75,22.25,9
epipelagic,10^5 g,18.75,22.75,2
epipelagic,10^5 g,19.25,14.25,5
epipelagic,10^5 g,19.25,14.75,5
epipelagic,10^5 g,19.25,15.25,3
epipelagic,10^5 g,19.25,15.75,1
epipelagic,10^5 g,19.25,16.25,2
epipelagic,10^5 g,19.25,17.25,2
epipelagic,10^5 g,19.25,17.75,5
epipelagic,10^5 g,19.25,18.25,2
epipelagic,10^5 g,19.25,18.75,8
epipelagic,10^5 g,19.25,19.25,7
epipelagic,10^5 g,19.25,19.75,3
epipelagic,10^5 g,19.25,20.25,2
epipelagic,10^5 g,19.25,20.75,1
epipelagic,10^5 g,19.25,21.25,2
epipelagic,10^5 g,19.25,21.75,9
epipelagic,10^5 g,19.25,22.25,6
epipelagic,10^5 g,19.25,22.75,2
epipelagic,10^5 g,19.75,13.75,1
epipelagic,10^5 g,19.75,14.25,2
epipelagic,10^5 g,19.75,14.75,4
epipelagic,10^5 g,19.75,15.25,5
epipelagic,10^5 g,19.75,15.75,3
epipelagic,10^5 g,19.75,16.75,2
epipelagic,10^5 g,19.75,17.25,1
epipelagic,10^5 g,19.75,17.75,5
epipelagic,10^5 g,19.75,18.25,3
epipelagic,10^5 g,19.75,18.75,10
epipelagic,10^5 g,19.75,19.25,4
epipelagic,10^5 g,19.75,19.75,6
epipelagic,10^5 g,19.75,20.25,1
epipelagic,10^5 g,19.75,20.75,4
epipelagic,10^5 g,19.75,21.25,3
epipelagic,10^5 g,19.75,21.75,11
epipelagic,10^5 g,19.75,22.25,5
epipelagic,10^5 g,19.75,22.75,1
epipelagic,10^5 g,20.25,12.75,1
epipelagic,10^5 g,20.25,14.75,1
epipelagic,10^5 g,20.25,15.25,3
epipelagic,10^5 g,20.25,15.75,8
epipelagic,10^5 g,20.25,16.25,6
epipelagic,10^5 g,20.25,16.75,3
epipelagic,10^5 g,20.25,17.25,1
epipelagic,10^5 g,20.25,17.75,2
epipelagic,10^5 g,20.25,18.25,4
epipelagic,10^5 g,20.25,18.75,3
epipelagic,10^5 g,20.25,19.25,2
epipelagic,10^5 g,20.25,19.75,9
epipelagic,10^5 g,20.25,20.25,1
epipelagic,10^5 g,20.25,20.75,2
epipelagic,10^5 g,20.25,21.25,1
epipelagic,10^5 g,20.25,21.75,7
epipelagic,10^5 g,20.25,22.25,7
epipelagic,10^5 g,20.25,22.75,2
epipelagic,10^5 g,20.75,15.75,2
epipelagic,10^5 g,20.75,16.25,6
epipelagic,10^5 g,20.75,16.75,14
epipelagic,10^5 g,20.75,17.25,2
epipelagic,10^5 g,20.75,17.75,6
epipelagic,10^5 g,20.75,18.25,2
epipelagic,10^5 g,20.75,18.75,2
epipelagic,10^5 g,20.75,19.25,2
epipelagic,10^5 g,20.75,19.75,4
epipelagic,10^5 g,20.75,20.25,7
epipelagic,10^5 g,20.75,20.75,9
epipelagic,10^5 g,20.75,21.25,3
epipelagic,10^5 g,20.75,21.75,6
epipelagic,10^5 g,20.75,22.25,7
epipelagic,10^5 g,20.75,22.75,1
epipelagic,10^5 g,21.25,15.25,1
epipelagic,10^5 g,21.25,15.75,1
epipelagic,10^5 g,21.25,16.25,1
epipelagic,10^5 g,21.25,16.75,2
epipelagic,10^5 g,21.25,17.25,10
epipelagic,10^5 g,21.25,17.75,9
epipelagic,10^5 g,21.25,18.25,5
epipelagic,10^5 g,21.25,18.75,6
epipelagic,10^5 g,21.25,19.25,4
epipelagic,10^5 g,21.25,19.75,4
epipelagic,10^5 g,21.25,20.25,1
epipelagic,10^5 g,21.25,20.75,11
epipelagic,10^5 g,21.25,21.25,7
epipelagic,10^5 g,21.25,21.75,7
epipelagic,10^5 g,21.25,22.25,12
epipelagic,10^5 g,21.25,22.75,2
epipelagic,10^5 g,21.75,16.25,1
epipelagic,10^5 g,21.75,16.75,1
epipelagic,10^5 g,21.75,17.25,3
epipelagic,10^5 g,21.75,17.75,6
epipelagic,10^5 g,21.75,18.25,16
epipelagic,10^5 g,21.75,18.75,8
epipelagic,10^5 g,21.75,19.25,9
epipelagic,10^5 g,21.75,19.75,3
epipelagic,10^5 g,21.75,20.25,2
epipelagic,10^5 g,21.75,20.75,3
epipelagic,10^5 g,21.75,21.25,10
epipelagic,10^5 g,21.75,21.75,23
epipelagic,10^5 g,21.75,22.25,12
epipelagic,10^5 g,21.75,22.75,2
epipelagic,10^5 g,22.25,13.75,1
epipelagic,10^5 g,22.25,16.25,1
epipelagic,10^5 g,22.25,16.75,3
epipelagic,10^5 g,22.25,17.25,1
epipelagic,10^5 g,22.25,17.75,1
epipelagic,10^5 g,22.25,18.25,2
epipelagic,10^5 g,22.25,18.75,12
epipelagic,10^5 g,22.25,19.25,23
epipelagic,10^5 g,22.25,19.75,9
epipelagic,10^5 g,22.25,20.25,8
epipelagic,10^5 g,22.25,20.75,8
epipelagic,10^5 g,22.25,21.25,8
epipelagic,10^5 g,22.25,21.75,21
epipelagic,10^5 g,22.25,22.25,20
epipelagic,10^5 g,22.25,22.75,4
epipelagic,10^5 g,22.25,25.25,1
epipelagic,10^5 g,22.75,16.25,1
epipelagic,10^5 g,22.75,16.75,1
epipelagic,10^5 g,22.75,17.25,1
epipelagic,10^5 g,22.75,17.75,3
epipelagic,10^5 g,22.75,18.25,6
epipelagic,10^5 g,22.75,18.75,3
epipelagic,10^5 g,22.75,19.25,2
epipelagic,10^5 g,22.75,19.75,17
epipelagic,10^5 g,22.75,20.25,18
epipelagic,10^5 g,22.75,20.75,12
epipelagic,10^5 g,22.75,21.25,8
epipelagic,10^5 g,22.75,21.75,37
epipelagic,10^5 g,22.75,22.25,24
epipelagic,10^5 g,22.75,22.75,1
epipelagic,10^5 g,23.25,16.75,1
epipelagic,10^5 g,23.25,18.75,3
epipelagic,10^5 g,23.25,19.25,3
epipelagic,10^5 g,23.25,19.75,6
epipelagic,10^5 g,23.25,20.25,8
epipelagic,10^5 g,23.25,20.75,21
epipelagic,10^5 g,23.25,21.25,29
epipelagic,10^5 g,23.25,21.75,26
epipelagic,10^5 g,23.25,22.25,21
epipelagic,10^5 g,23.25,22.75,3
epipelagic,10^5 g,23.75,15.75,1
epipelagic,10^5 g,23.75,16.25,1
epipelagic,10^5 g,23.75,18.25,3
epipelagic,10^5 g,23.75,18.75,3
epipelagic,10^5 g,23.75,19.25,1
epipelagic,10^5 g,23.75,19.75,6
epipelagic,10^5 g,23.75,20.25,3
epipelagic,10^5 g,23.75,20.75,20
epipelagic,10^5 g,23.75,21.25,37
epipelagic,10^5 g,23.75,21.75,43
epipelagic,10^5 g,23.75,22.25,20
epipelagic,10^5 g,23.75,22.75,3
epipelagic,10^5 g,23.75,23.25,1
epipelagic,10^5 g,24.25,10.25,1
epipelagic,10^5 g,24.25,16.75,1
epipelagic,10^5 g,24.25,17.75,2
epipelagic,10^5 g,24.25,18.25,1
epipelagic,10^5 g,24.25,18.75,2
epipelagic,10^5 g,24.25,19.25,1
epipelagic,10^5 g,24.25,19.75,5
epipelagic,10^5 g,24.25,20.25,11
epipelagic,10^5 g,24.25,20.75,12
epipelagic,10^5 g,24.25,21.25,44
epipelagic,10^5 g,24.25,21.75,69
epipelagic,10^5 g,24.25,22.25,14
epipelagic,10^5 g,24.25,22.75,2
epipelagic,10^5 g,24.25,23.25,1
epipelagic,10^5 g,24.75,17.75,2
epipelagic,10^5 g,24.75,18.25,1
epipelagic,10^5 g,24.75,19.25,2
epipelagic,10^5 g,24.75,19.75,4
epipelagic,10^5 g,24.75,20.25,9
epipelagic,10^5 g,24.75,20.75,30
epipelagic,10^5 g,24.75,21.25,44
epipelagic,10^5 g,24.75,21.75,96
epipelagic,10^5 g,24.75,22.25,31
epipelagic,10^5 g,24.75,22.75,2
epipelagic,10^5 g,25.25,16.75,1
epipelagic,10^5 g,25.25,17.75,1
epipelagic,10^5 g,25.25,18.25,1
epipelagic,10^5 g,25.25,19.75,3
epipelagic,10^5 g,25.25,20.25,4
epipelagic,10^5 g,25.25,20.75,20
epipelagic,10^5 g,25.25,21.25,93
epipelagic,10^5 g,25.25,21.75,126
epipelagic,10^5 g,25.25,22.25,30
epipelagic,10^5 g,25.25,22.75,1
epipelagic,10^5 g,25.75,11.25,1
epipelagic,10^5 g,25.75,13.25,1
epipelagic,10^5 g,25.75,19.75,1
epipelagic,10^5 g,25.75,20.25,2
epipelagic,10^5 g,25.75,20.75,11
epipelagic,10^5 g,25.75,21.25,68
epipelagic,10^5 g,25.75,21.75,145
epipelagic,10^5 g,25.75,22.25,40
epipelagic,10^5 g,25.75,22.75,5
epipelagic,10^5 g,26.25,9.25,1
epipelagic,10^5 g,26.25,13.75,1
epipelagic,10^5 g,26.25,15.75,1
epipelagic,10^5 g,26.25,20.25,1
epipelagic,10^5 g,26.25,20.75,17
epipelagic,10^5 g,26.25,21.25,69
epipelagic,10^5 g,26.25,21.75,101
epipelagic,10^5 g,26.25,22.25,125
epipelagic,10^5 g,26.75,12.25,1
epipelagic,10^5 g,26.75,12.75,1
epipelagic,10^5 g,26.75,14.75,1
epipelagic,10^5 g,26.75,17.25,2
epipelagic,10^5 g,26.75,17.75,2
epipelagic,10^5 g,26.75,19.75,1
epipelagic,10^5 g,26.75,20.25,1
epipelagic,10^5 g,26.75,20.75,11
epipelagic,10^5 g,26.75,21.25,57
epipelagic,10^5 g,26.75,21.75,144
epipelagic,10^5 g,26.75,22.25,90
epipelagic,10^5 g,27.25,13.75,2
epipelagic,10^5 g,27.25,16.25,1
epipelagic,10^5 g,27.25,16.75,1
epipelagic,10^5 g,27.25,17.75,2
epipelagic,10^5 g,27.25,18.75,3
epipelagic,10^5 g,27.25,19.25,1
epipelagic,10^5 g,27.25,20.75,12
epipelagic,10^5 g,27.25,21.25,95
epipelagic,10^5 g,27.25,21.75,235
epipelagic,10^5 g,27.25,22.25,101
epipelagic,10^5 g,27.25,22.75,1
epipelagic,10^5 g,27.75,14.25,1
epipelagic,10^5 g,27.75,16.25,1
epipelagic,10^5 g,27.75,17.75,1
epipelagic,10^5 g,27.75,18.25,1
epipelagic,10^5 g,27.75,18.75,1
epipelagic,10^5 g,27.75,19.25,1
epipelagic,10^5 g,27.75,19.75,2
epipelagic,10^5 g,27.75,20.25,1
epipelagic,10^5 g,27.75,20.75,14
epipelagic,10^5 g,27.75,21.25,158
epipelagic,10^5 g,27.75,21.75,284
epipelagic,10^5 g,27.75,22.25,196
epipelagic,10^5 g,28.25,18.75,1
epipelagic,10^5 g,28.25,19.25,1
epipelagic,10^5 g,28.25,19.75,1
epipelagic,10^5 g,28.25,20.25,5
epipelagic,10^5 g,28.25,20.75,26
epipelagic,10^5 g,28.25,21.25,151
epipelagic,10^5 g,28.25,21.75,79
epipelagic,10^5 g,28.25,22.25,8
epipelagic,10^5 g,28.75,20.25,1
epipelagic,10^5 g,28.75,20.75,5
epipelagic,10^5 g,28.75,21.25,97
epipelagic,10^5 g,28.75,21.75,105
epipelagic,10^5 g,28.75,22.25,1
epipelagic,10^5 g,29.25,21.25,70
epipelagic,10^5 g,29.25,21.75,134
epipelagic,10^5 g,29.25,22.25,4
epipelagic,10^5 g,29.75,21.25,17
epipelagic,10^5 g,29.75,21.75,84
epipelagic,10^5 g,29.75,22.25,5
epipelagic,10^6 g,0.75,20.25,1
epipelagic,10^6 g,1.25,13.75,1
epipelagic,10^6 g,1.25,18.75,2
epipelagic,10^6 g,1.75,13.75,1
epipelagic,10^6 g,1.75,15.25,7
epipelagic,10^6 g,1.75,15.75,4
epipelagic,10^6 g,1.75,16.25,1
epipelagic,10^6 g,2.25,15.25,1
epipelagic,10^6 g,2.25,16.25,1
epipelagic,10^6 g,2.25,16.75,1
epipelagic,10^6 g,2.25,17.25,4
epipelagic,10^6 g,2.25,18.25,6
epipelagic,10^6 g,2.75,16.25,1
epipelagic,10^6 g,2.75,16.75,35
epipelagic,10^6 g,2.75,17.25,30
epipelagic,10^6 g,2.75,17.75,3
epipelagic,10^6 g,2.75,18.25,3
epipelagic,10^6 g,2.75,19.75,1
epipelagic,10^6 g,3.25,16.25,4
epipelagic,10^6 g,3.25,16.75,33
epipelagic,10^6 g,3.25,17.25,55
epipelagic,10^6 g,3.25,17.75,67
epipelagic,10^6 g,3.25,18.25,32
epipelagic,10^6 g,3.25,18.75,101
epipelagic,10^6 g,3.25,19.25,7
epipelagic,10^6 g,3.25,19.75,1
epipelagic,10^6 g,3.75,15.25,1
epipelagic,10^6 g,3.75,15.75,2
epipelagic,10^6 g,3.75,16.25,3
epipelagic,10^6 g,3.75,16.75,15
epipelagic,10^6 g,3.75,17.25,16
epipelagic,10^6 g,3.75,17.75,74
epipelagic,10^6 g,3.75,18.25,24
epipelagic,10^6 g,3.75,18.75,10
epipelagic,10^6 g,3.75,19.75,1
epipelagic,10^6 g,3.75,20.25,2
epipelagic,10^6 g,3.75,22.25,1
epipelagic,10^6 g,4.25,13.25,3
epipelagic,10^6 g,4.25,13.75,22
epipelagic,10^6 g,4.25,14.25,59
epipelagic,10^6 g,4.25,14.75,104
epipelagic,10^6 g,4.25,15.25,14
epipelagic,10^6 g,4.25,15.75,2
epipelagic,10^6 g,4.25,16.25,3
epipelagic,10^6 g,4.25,16.75,7
epipelagic,10^6 g,4.25,17.25,6
epipelagic,10^6 g,4.25,17.75,12
epipelagic,10^6 g,4.25,18.25,3
epipelagic,10^6 g,4.25,18.75,1
epipelagic,10^6 g,4.25,19.25,1
epipelagic,10^6 g,4.25,20.75,1
epipelagic,10^6 g,4.75,12.25,3
epipelagic,10^6 g,4.75,12.75,14
epipelagic,10^6 g,4.75,13.25,20
epipelagic,10^6 g,4.75,13.75,16
epipelagic,10^6 g,4.75,14.25,4
epipelagic,10^6 g,4.75,14.75,1
epipelagic,10^6 g,4.75,15.25,1
epipelagic,10^6 g,4.75,15.75,2
epipelagic,10^6 g,4.75,16.25,1
epipelagic,10^6 g,4.75,16.75,5
epipelagic,10^6 g,4.75,17.25,2
epipelagic,10^6 g,4.75,17.75,1
epipelagic,10^6 g,4.75,19.25,1
epipelagic,10^6 g,4.75,19.75,1
epipelagic,10^6 g,5.25,10.25,2
epipelagic,10^6 g,5.25,10.75,1
epipelagic,10^6 g,5.25,11.25,3
epipelagic,10^6 g,5.25,11.75,10
epipelagic,10^6 g,5.25,12.25,10
epipelagic,10^6 g,5.25,12.75,3
epipelagic,10^6 g,5.25,13.25,2
epipelagic,10^6 g,5.25,14.25,1
epipelagic,10^6 g,5.25,15.25,4
epipelagic,10^6 g,5.25,15.75,1
epipelagic,10^6 g,5.25,16.25,1
epipelagic,10^6 g,5.25,16.75,1
epipelagic,10^6 g,5.25,19.25,1
epipelagic,10^6 g,5.25,19.75,2
epipelagic,10^6 g,5.25,20.25,3
epipelagic,10^6 g,5.25,20.75,1
epipelagic,10^6 g,5.25,21.25,1
epipelagic,10^6 g,5.75,10.25,2
epipelagic,10^6 g,5.75,10.75,4
epipelagic,10^6 g,5.75,11.25,8
epipelagic,10^6 g,5.75,11.75,4
epipelagic,10^6 g,5.75,12.25,1
epipelagic,10^6 g,5.75,12.75,1
epipelagic,10^6 g,5.75,14.25,1
epipelagic,10^6 g,5.75,14.75,1
epipelagic,10^6 g,5.75,15.75,1
epipelagic,10^6 g,5.75,19.75,1
epipelagic,10^6 g,5.75,20.25,2
epipelagic,10^6 g,5.75,20.75,3
epipelagic,10^6 g,5.75,21.25,2
epipelagic,10^6 g,5.75,21.75,1
epipelagic,10^6 g,6.25,3.25,1
epipelagic,10^6 g,6.25,10.25,8
epipelagic,10^6 g,6.25,10.75,10
epipelagic,10^6 g,6.25,11.25,1
epipelagic,10^6 g,6.25,11.75,1
epipelagic,10^6 g,6.25,12.25,1
epipelagic,10^6 g,6.25,13.25,2
epipelagic,10^6 g,6.25,14.75,1
epipelagic,10^6 g,6.25,16.25,1
epipelagic,10^6 g,6.25,18.75,2
epipelagic,10^6 g,6.25,19.25,3
epipelagic,10^6 g,6.25,20.25,1
epipelagic,10^6 g,6.25,20.75,1
epipelagic,10^6 g,6.25,21.25,2
epipelagic,10^6 g,6.25,22.25,1
epipelagic,10^6 g,6.75,8.25,1
epipelagic,10^6 g,6.75,8.75,1
epipelagic,10^6 g,6.75,9.25,1
epipelagic,10^6 g,6.75,9.75,3
epipelagic,10^6 g,6.75,10.25,7
epipelagic,10^6 g,6.75,10.75,3
epipelagic,10^6 g,6.75,11.75,1
epipelagic,10^6 g,6.75,12.25,1
epipelagic,10^6 g,6.75,13.25,1
epipelagic,10^6 g,6.75,13.75,1
epipelagic,10^6 g,6.75,14.25,2
epipelagic,10^6 g,6.75,14.75,4
epipelagic,10^6 g,6.75,15.25,1
epipelagic,10^6 g,6.75,15.75,1
epipelagic,10^6 g,6.75,18.75,2
epipelagic,10^6 g,6.75,19.25,1
epipelagic,10^6 g,6.75,19.75,2
epipelagic,10^6 g,6.75,20.25,1
epipelagic,10^6 g,6.75,20.75,2
epipelagic,10^6 g,6.75,21.25,1
epipelagic,10^6 g,6.75,22.75,1
epipelagic,10^6 g,7.25,9.75,4
epipelagic,10^6 g,7.25,10.25,4
epipelagic,10^6 g,7.25,10.75,1
epipelagic,10^6 g,7.25,12.25,1
epipelagic,10^6 g,7.25,14.25,1
epipelagic,10^6 g,7.25,15.25,2
epipelagic,10^6 g,7.25,17.25,1
epipelagic,10^6 g,7.25,17.75,1
epipelagic,10^6 g,7.25,18.25,1
epipelagic,10^6 g,7.25,18.75,7
epipelagic,10^6 g,7.25,19.25,4
epipelagic,10^6 g,7.25,19.75,6
epipelagic,10^6 g,7.25,20.25,1
epipelagic,10^6 g,7.75,3.75,1
epipelagic,10^6 g,7.75,9.25,1
epipelagic,10^6 g,7.75,9.75,4
epipelagic,10^6 g,7.75,10.75,1
epipelagic,10^6 g,7.75,11.75,1
epipelagic,10^6 g,7.75,13.75,1
epipelagic,10^6 g,7.75,16.25,1
epipelagic,10^6 g,7.75,16.75,1
epipelagic,10^6 g,7.75,17.25,1
epipelagic,10^6 g,7.75,18.25,3
epipelagic,10^6 g,7.75,18.75,2
epipelagic,10^6 g,7.75,19.25,2
epipelagic,10^6 g,7.75,19.75,4
epipelagic,10^6 g,7.75,20.25,6
epipelagic,10^6 g,7.75,20.75,7
epipelagic,10^6 g,7.75,21.25,1
epipelagic,10^6 g,7.75,22.25,1
epipelagic,10^6 g,7.75,22.75,4
epipelagic,10^6 g,8.25,8.75,2
epipelagic,10^6 g,8.25,9.25,4
epipelagic,10^6 g,8.25,11.25,1
epipelagic,10^6 g,8.25,11.75,1
epipelagic,10^6 g,8.25,14.25,1
epipelagic,10^6 g,8.25,17.75,2
epipelagic,10^6 g,8.25,19.25,2
epipelagic,10^6 g,8.25,19.75,1
epipelagic,10^6 g,8.25,20.25,5
epipelagic,10^6 g,8.25,20.75,5
epipelagic,10^6 g,8.25,21.25,1
epipelagic,10^6 g,8.25,21.75,1
epipelagic,10^6 g,8.25,22.25,1
epipelagic,10^6 g,8.25,22.75,2
epipelagic,10^6 g,8.75,9.25,4
epipelagic,10^6 g,8.75,9.75,1
epipelagic,10^6 g,8.75,11.25,1
epipelagic,10^6 g,8.75,13.25,1
epipelagic,10^6 g,8.75,15.25,1
epipelagic,10^6 g,8.75,17.25,3
epipelagic,10^6 g,8.75,17.75,1
epipelagic,10^6 g,8.75,18.25,1
epipelagic,10^6 g,8.75,18.75,3
epipelagic,10^6 g,8.75,19.25,7
epipelagic,10^6 g,8.75,19.75,6
epipelagic,10^6 g,8.75,20.25,4
epipelagic,10^6 g,8.75,20.75,2
epipelagic,10^6 g,8.75,21.75,3
epipelagic,10^6 g,8.75,22.75,2
epipelagic,10^6 g,9.25,9.25,2
epipelagic,10^6 g,9.25,11.25,1
epipelagic,10^6 g,9.25,12.75,1
epipelagic,10^6 g,9.25,15.25,1
epipelagic,10^6 g,9.25,15.75,1
epipelagic,10^6 g,9.25,16.25,2
epipelagic,10^6 g,9.25,17.75,1
epipelagic,10^6 g,9.25,18.25,2
epipelagic,10^6 g,9.25,19.25,3
epipelagic,10^6 g,9.25,19.75,6
epipelagic,10^6 g,9.25,20.25,9
epipelagic,10^6 g,9.25,20.75,2
epipelagic,10^6 g,9.25,21.25,1
epipelagic,10^6 g,9.25,21.75,2
epipelagic,10^6 g,9.25,22.75,3
epipelagic,10^6 g,9.75,9.25,7
epipelagic,10^6 g,9.75,11.75,1
epipelagic,10^6 g,9.75,13.75,1
epipelagic,10^6 g,9.75,17.75,3
epipelagic,10^6 g,9.75,18.25,2
epipelagic,10^6 g,9.75,18.75,4
epipelagic,10^6 g,9.75,19.25,3
epipelagic,10^6 g,9.75,19.75,6
epipelagic,10^6 g,9.75,20.25,8
epipelagic,10^6 g,9.75,20.75,11
epipelagic,10^6 g,9.75,21.25,2
epipelagic,10^6 g,9.75,21.75,1
epipelagic,10^6 g,9.75,22.25,1
epipelagic,10^6 g,9.75,22.75,7
epipelagic,10^6 g,10.25,9.25,4
epipelagic,10^6 g,10.25,9.75,6
epipelagic,10^6 g,10.25,12.25,1
epipelagic,10^6 g,10.25,15.75,1
epipelagic,10^6 g,10.25,17.25,2
epipelagic,10^6 g,10.25,17.75,1
epipelagic,10^6 g,10.25,18.25,1
epipelagic,10^6 g,10.25,19.25,2
epipelagic,10^6 g,10.25,19.75,2
epipelagic,10^6 g,10.25,20.25,5
epipelagic,10^6 g,10.25,20.75,4
epipelagic,10^6 g,10.25,21.25,2
epipelagic,10^6 g,10.25,21.75,9
epipelagic,10^6 g,10.25,22.25,4
epipelagic,10^6 g,10.25,22.75,1
epipelagic,10^6 g,10.75,9.25,3
epipelagic,10^6 g,10.75,9.75,8
epipelagic,10^6 g,10.75,11.75,1
epipelagic,10^6 g,10.75,15.75,1
epipelagic,10^6 g,10.75,16.75,1
epipelagic,10^6 g,10.75,17.75,1
epipelagic,10^6 g,10.75,18.25,2
epipelagic,10^6 g,10.75,18.75,2
epipelagic,10^6 g,10.75,19.25,1
epipelagic,10^6 g,10.75,19.75,5
epipelagic,10^6 g,10.75,20.25,8
epipelagic,10^6 g,10.75,20.75,6
epipelagic,10^6 g,10.75,21.25,5
epipelagic,10^6 g,10.75,21.75,7
epipelagic,10^6 g,10.75,22.25,7
epipelagic,10^6 g,10.75,22.75,5
epipelagic,10^6 g,11.25,8.25,1
epipelagic,10^6 g,11.25,9.25,1
epipelagic,10^6 g,11.25,9.75,5
epipelagic,10^6 g,11.25,11.75,1
epipelagic,10^6 g,11.25,12.25,1
epipelagic,10^6 g,11.25,12.75,1
epipelagic,10^6 g,11.25,13.25,1
epipelagic,10^6 g,11.25,14.25,1
epipelagic,10^6 g,11.25,15.75,2
epipelagic,10^6 g,11.25,16.75,1
epipelagic,10^6 g,11.25,17.25,2
epipelagic,10^6 g,11.25,17.75,3
epipelagic,10^6 g,11.25,18.25,1
epipelagic,10^6 g,11.25,18.75,1
epipelagic,10^6 g,11.25,19.25,2
epipelagic,10^6 g,11.25,19.75,4
epipelagic,10^6 g,11.25,20.25,13
epipelagic,10^6 g,11.25,20.75,9
epipelagic,10^6 g,11.25,21.25,3
epipelagic,10^6 g,11.25,21.75,5
epipelagic,10^6 g,11.25,22.25,9
epipelagic,10^6 g,11.25,22.75,2
epipelagic,10^6 g,11.75,9.25,1
epipelagic,10^6 g,11.75,9.75,8
epipelagic,10^6 g,11.75,10.25,2
epipelagic,10^6 g,11.75,10.75,1
epipelagic,10^6 g,11.75,11.75,1
epipelagic,10^6 g,11.75,13.25,1
epipelagic,10^6 g,11.75,14.25,1
epipelagic,10^6 g,11.75,14.75,1
epipelagic,10^6 g,11.75,15.75,1
epipelagic,10^6 g,11.75,16.75,3
epipelagic,10^6 g,11.75,17.75,3
epipelagic,10^6 g,11.75,18.25,3
epipelagic,10^6 g,11.75,18.75,2
epipelagic,10^6 g,11.75,19.25,1
epipelagic,10^6 g,11.75,19.75,6
epipelagic,10^6 g,11.75,20.25,3
epipelagic,10^6 g,11.75,20.75,3
epipelagic,10^6 g,11.75,21.25,2
epipelagic,10^6 g,11.75,21.75,9
epipelagic,10^6 g,11.75,22.25,6
epipelagic,10^6 g,11.75,22.75,2
epipelagic,10^6 g,12.25,9.75,8
epipelagic,10^6 g,12.25,10.25,5
epipelagic,10^6 g,12.25,10.75,1
epipelagic,10^6 g,12.25,12.75,2
epipelagic,10^6 g,12.25,15.75,1
epipelagic,10^6 g,12.25,17.75,1
epipelagic,10^6 g,12.25,18.25,2
epipelagic,10^6 g,12.25,18.75,2
epipelagic,10^6 g,12.25,19.25,5
epipelagic,10^6 g,12.25,19.75,5
epipelagic,10^6 g,12.25,20.25,11
epipelagic,10^6 g,12.25,20.75,8
epipelagic,10^6 g,12.25,21.25,3
epipelagic,10^6 g,12.25,21.75,7
epipelagic,10^6 g,12.25,22.25,13
epipelagic,10^6 g,12.25,22.75,4
epipelagic,10^6 g,12.75,8.75,1
epipelagic,10^6 g,12.75,9.75,2
epipelagic,10^6 g,12.75,10.25,5
epipelagic,10^6 g,12.75,10.75,1
epipelagic,10^6 g,12.75,11.25,2
epipelagic,10^6 g,12.75,12.75,1
epipelagic,10^6 g,12.75,13.25,3
epipelagic,10^6 g,12.75,14.25,1
epipelagic,10^6 g,12.75,14.75,1
epipelagic,10^6 g,12.75,15.75,1
epipelagic,10^6 g,12.75,16.75,1
epipelagic,10^6 g,12.75,17.25,2
epipelagic,10^6 g,12.75,17.75,3
epipelagic,10^6 g,12.75,18.25,1
epipelagic,10^6 g,12.75,18.75,2
epipelagic,10^6 g,12.75,19.75,5
epipelagic,10^6 g,12.75,20.25,4
epipelagic,10^6 g,12.75,20.75,9
epipelagic,10^6 g,12.75,21.25,5
epipelagic,10^6 g,12.75,21.75,4
epipelagic,10^6 g,12.75,22.25,12
epipelagic,10^6 g,12.75,22.75,6
epipelagic,10^6 g,13.25,10.25,2
epipelagic,10^6 g,13.25,10.75,3
epipelagic,10^6 g,13.25,11.25,2
epipelagic,10^6 g,13.25,12.25,1
epipelagic,10^6 g,13.25,12.75,1
epipelagic,10^6 g,13.25,13.75,2
epipelagic,10^6 g,13.25,14.75,2
epipelagic,10^6 g,13.25,15.25,1
epipelagic,10^6 g,13.25,16.75,2
epipelagic,10^6 g,13.25,17.25,2
epipelagic,10^6 g,13.25,17.75,1
epipelagic,10^6 g,13.25,18.25,1
epipelagic,10^6 g,13.25,18.75,2
epipelagic,10^6 g,13.25,19.25,3
epipelagic,10^6 g,13.25,19.75,5
epipelagic,10^6 g,13.25,20.25,8
epipelagic,10^6 g,13.25,20.75,7
epipelagic,10^6 g,13.25,21.25,4
epipelagic,10^6 g,13.25,21.75,3
epipelagic,10^6 g,13.25,22.25,11
epipelagic,10^6 g,13.25,22.75,2
epipelagic,10^6 g,13.75,9.75,1
epipelagic,10^6 g,13.75,10.25,2
epipelagic,10^6 g,13.75,10.75,8
epipelagic,10^6 g,13.75,11.25,2
epipelagic,10^6 g,13.75,11.75,3
epipelagic,10^6 g,13.75,12.75,2
epipelagic,10^6 g,13.75,13.75,1
epipelagic,10^6 g,13.75,14.25,1
epipelagic,10^6 g,13.75,14.75,1
epipelagic,10^6 g,13.75,17.75,1
epipelagic,10^6 g,13.75,18.25,2
epipelagic,10^6 g,13.75,18.75,1
epipelagic,10^6 g,13.75,19.25,2
epipelagic,10^6 g,13.75,19.75,6
epipelagic,10^6 g,13.75,20.25,1
epipelagic,10^6 g,13.75,20.75,8
epipelagic,10^6 g,13.75,21.25,1
epipelagic,10^6 g,13.75,21.75,6
epipelagic,10^6 g,13.75,22.25,14
epipelagic,10^6 g,14.25,9.75,1
epipelagic,10^6 g,14.25,10.25,1
epipelagic,10^6 g,14.25,10.75,6
epipelagic,10^6 g,14.25,11.25,7
epipelagic,10^6 g,14.25,11.75,1
epipelagic,10^6 g,14.25,13.25,1
epipelagic,10^6 g,14.25,14.25,1
epipelagic,10^6 g,14.25,14.75,5
epipelagic,10^6 g,14.25,15.75,1
epipelagic,10^6 g,14.25,16.25,1
epipelagic,10^6 g,14.25,16.75,2
epipelagic,10^6 g,14.25,17.25,1
epipelagic,10^6 g,14.25,17.75,2
epipelagic,10^6 g,14.25,18.25,2
epipelagic,10^6 g,14.25,18.75,1
epipelagic,10^6 g,14.25,19.25,3
epipelagic,10^6 g,14.25,19.75,4
epipelagic,10^6 g,14.25,20.25,11
epipelagic,10^6 g,14.25,20.75,9
epipelagic,10^6 g,14.25,21.25,2
epipelagic,10^6 g,14.25,21.75,6
epipelagic,10^6 g,14.25,22.25,11
epipelagic,10^6 g,14.25,22.75,1
epipelagic,10^6 g,14.75,10.75,5
epipelagic,10^6 g,14.75,11.25,6
epipelagic,10^6 g,14.75,11.75,2
epipelagic,10^6 g,14.75,12.75,1
epipelagic,10^6 g,14.75,13.75,1
epipelagic,10^6 g,14.75,14.75,2
epipelagic,10^6 g,14.75,15.25,2
epipelagic,10^6 g,14.75,15.75,1
epipelagic,10^6 g,14.75,17.25,1
epipelagic,10^6 g,14.75,17.75,2
epipelagic,10^6 g,14.75,18.25,2
epipelagic,10^6 g,14.75,18.75,2
epipelagic,10^6 g,14.75,19.25,7
epipelagic,10^6 g,14.75,19.75,6
epipelagic,10^6 g,14.75,20.25,7
epipelagic,10^6 g,14.75,20.75,12
epipelagic,10^6 g,14.75,21.25,9
epipelagic,10^6 g,14.75,21.75,4
epipelagic,10^6 g,14.75,22.25,12
epipelagic,10^6 g,14.75,22.75,3
epipelagic,10^6 g,15.25,10.75,1
epipelagic,10^6 g,15.25,11.25,5
epipelagic,10^6 g,15.25,11.75,9
epipelagic,10^6 g,15.25,12.25,2
epipelagic,10^6 g,15.25,12.75,1
epipelagic,10^6 g,15.25,13.25,1
epipelagic,10^6 g,15.25,13.75,2
epipelagic,10^6 g,15.25,14.75,1
epipelagic,10^6 g,15.25,15.25,5
epipelagic,10^6 g,15.25,15.75,6
epipelagic,10^6 g,15.25,17.75,2
epipelagic,10^6 g,15.25,18.25,2
epipelagic,10^6 g,15.25,18.75,3
epipelagic,10^6 g,15.25,19.25,1
epipelagic,10^6 g,15.25,19.75,4
epipelagic,10^6 g,15.25,20.25,12
epipelagic,10^6 g,15.25,20.75,5
epipelagic,10^6 g,15.25,21.25,5
epipelagic,10^6 g,15.25,21.75,9
epipelagic,10^6 g,15.25,22.25,12
epipelagic,10^6 g,15.25,22.75,2
epipelagic,10^6 g,15.75,11.25,6
epipelagic,10^6 g,15.75,11.75,5
epipelagic,10^6 g,15.75,12.25,3
epipelagic,10^6 g,15.75,13.25,2
epipelagic,10^6 g,15.75,13.75,2
epipelagic,10^6 g,15.75,14.25,2
epipelagic,10^6 g,15.75,14.75,2
epipelagic,10^6 g,15.75,15.25,4
epipelagic,10^6 g,15.75,15.75,5
epipelagic,10^6 g,15.75,16.25,6
epipelagic,10^6 g,15.75,16.75,2
epipelagic,10^6 g,15.75,17.25,3
epipelagic,10^6 g,15.75,17.75,1
epipelagic,10^6 g,15.75,18.25,2
epipelagic,10^6 g,15.75,18.75,3
epipelagic,10^6 g,15.75,19.75,1
epipelagic,10^6 g,15.75,20.25,3
epipelagic,10^6 g,15.75,20.75,8
epipelagic,10^6 g,15.75,21.25,5
epipelagic,10^6 g,15.75,21.75,6
epipelagic,10^6 g,15.75,22.25,9
epipelagic,10^6 g,15.75,22.75,2
epipelagic,10^6 g,16.25,10.25,1
epipelagic,10^6 g,16.25,11.25,2
epipelagic,10^6 g,16.25,11.75,2
epipelagic,10^6 g,16.25,12.25,6
epipelagic,10^6 g,16.25,12.75,1
epipelagic,10^6 g,16.25,13.75,1
epipelagic,10^6 g,16.25,15.25,3
epipelagic,10^6 g,16.25,15.75,2
epipelagic,10^6 g,16.25,16.25,6
epipelagic,10^6 g,16.25,16.75,9
epipelagic,10^6 g,16.25,18.25,3
epipelagic,10^6 g,16.25,18.75,3
epipelagic,10^6 g,16.25,19.75,1
epipelagic,10^6 g,16.25,20.25,4
epipelagic,10^6 g,16.25,20.75,6
epipelagic,10^6 g,16.25,21.25,6
epipelagic,10^6 g,16.25,21.75,4
epipelagic,10^6 g,16.25,22.25,8
epipelagic,10^6 g,16.25,22.75,3
epipelagic,10^6 g,16.75,11.25,1
epipelagic,10^6 g,16.75,11.75,4
epipelagic,10^6 g,16.75,12.25,3
epipelagic,10^6 g,16.75,12.75,7
epipelagic,10^6 g,16.75,13.75,2
epipelagic,10^6 g,16.75,14.25,1
epipelagic,10^6 g,16.75,15.25,3
epipelagic,10^6 g,16.75,15.75,3
epipelagic,10^6 g,16.75,16.25,4
epipelagic,10^6 g,16.75,16.75,9
epipelagic,10^6 g,16.75,17.25,2
epipelagic,10^6 g,16.75,17.75,2
epipelagic,10^6 g,16.75,18.25,1
epipelagic,10^6 g,16.75,18.75,1
epipelagic,10^6 g,16.75,19.25,2
epipelagic,10^6 g,16.75,19.75,4
epipelagic,10^6 g,16.75,20.25,3
epipelagic,10^6 g,16.75,20.75,3
epipelagic,10^6 g,16.75,21.25,6
epipelagic,10^6 g,16.75,21.75,10
epipelagic,10^6 g,16.75,22.25,12
epipelagic,10^6 g,16.75,22.75,1
epipelagic,10^6 g,17.25,11.75,1
epipelagic,10^6 g,17.25,12.25,4
epipelagic,10^6 g,17.25,12.75,4
epipelagic,10^6 g,17.25,13.25,5
epipelagic,10^6 g,17.25,13.75,2
epipelagic,10^6 g,17.25,14.75,2
epipelagic,10^6 g,17.25,15.75,2
epipelagic,10^6 g,17.25,16.25,6
epipelagic,10^6 g,17.25,16.75,5
epipelagic,10^6 g,17.25,17.25,7
epipelagic,10^6 g,17.25,17.75,1
epipelagic,10^6 g,17.25,18.25,2
epipelagic,10^6 g,17.25,18.75,5
epipelagic,10^6 g,17.25,19.25,3
epipelagic,10^6 g,17.25,19.75,2
epipelagic,10^6 g,17.25,20.25,5
epipelagic,10^6 g,17.25,20.75,5
epipelagic,10^6 g,17.25,21.25,7
epipelagic,10^6 g,17.25,21.75,4
epipelagic,10^6 g,17.25,22.25,14
epipelagic,10^6 g,17.25,22.75,1
epipelagic,10^6 g,17.75,9.25,1
epipelagic,10^6 g,17.75,11.75,1
epipelagic,10^6 g,17.75,12.75,4
epipelagic,10^6 g,17.75,13.25,4
epipelagic,10^6 g,17.75,13.75,3
epipelagic,10^6 g,17.75,14.75,1
epipelagic,10^6 g,17.75,15.75,5
epipelagic,10^6 g,17.75,16.25,4
epipelagic,10^6 g,17.75,16.75,8
epipelagic,10^6 g,17.75,17.25,5
epipelagic,10^6 g,17.75,17.75,3
epipelagic,10^6 g,17.75,18.25,3
epipelagic,10^6 g,17.75,18.75,4
epipelagic,10^6 g,17.75,19.25,1
epipelagic,10^6 g,17.75,19.75,3
epipelagic,10^6 g,17.75,20.25,6
epipelagic,10^6 g,17.75,20.75,6
epipelagic,10^6 g,17.75,21.25,10
epipelagic,10^6 g,17.75,21.75,12
epipelagic,10^6 g,17.75,22.25,11
epipelagic,10^6 g,17.75,22.75,1
epipelagic,10^6 g,18.25,9.75,1
epipelagic,10^6 g,18.25,12.75,1
epipelagic,10^6 g,18.25,13.25,4
epipelagic,10^6 g,18.25,13.75,5
epipelagic,10^6 g,18.25,14.25,2
epipelagic,10^6 g,18.25,14.75,3
epipelagic,10^6 g,18.25,15.25,1
epipelagic,10^6 g,18.25,15.75,1
epipelagic,10^6 g,18.25,16.25,2
epipelagic,10^6 g,18.25,16.75,3
epipelagic,10^6 g,18.25,17.25,10
epipelagic,10^6 g,18.25,17.75,4
epipelagic,10^6 g,18.25,18.25,1
epipelagic,10^6 g,18.25,18.75,2
epipelagic,10^6 g,18.25,19.25,2
epipelagic,10^6 g,18.25,19.75,1
epipelagic,10^6 g,18.25,20.25,1
epipelagic,10^6 g,18.25,20.75,5
epipelagic,10^6 g,18.25,21.25,5
epipelagic,10^6 g,18.25,21.75,18
epipelagic,10^6 g,18.25,22.25,9
epipelagic,10^6 g,18.75,12.75,1
epipelagic,10^6 g,18.75,13.25,4
epipelagic,10^6 g,18.75,13.75,4
epipelagic,10^6 g,18.75,14.25,9
epipelagic,10^6 g,18.75,14.75,3
epipelagic,10^6 g,18.75,15.25,5
epipelagic,10^6 g,18.75,15.75,2
epipelagic,10^6 g,18.75,16.75,2
epipelagic,10^6 g,18.75,17.25,3
epipelagic,10^6 g,18.75,17.75,6
epipelagic,10^6 g,18.75,18.25,5
epipelagic,10^6 g,18.75,18.75,3
epipelagic,10^6 g,18.75,19.25,3
epipelagic,10^6 g,18.75,19.75,4
epipelagic,10^6 g,18.75,20.25,4
epipelagic,10^6 g,18.75,20.75,2
epipelagic,10^6 g,18.75,21.25,12
epipelagic,10^6 g,18.75,21.75,27
epipelagic,10^6 g,18.75,22.25,11
epipelagic,10^6 g,18.75,22.75,2
epipelagic,10^6 g,19.25,14.25,5
epipelagic,10^6 g,19.25,14.75,5
epipelagic,10^6 g,19.25,15.25,3
epipelagic,10^6 g,19.25,15.75,1
epipelagic,10^6 g,19.25,16.25,2
epipelagic,10^6 g,19.25,17.25,2
epipelagic,10^6 g,19.25,17.75,5
epipelagic,10^6 g,19.25,18.25,2
epipelagic,10^6 g,19.25,18.75,8
epipelagic,10^6 g,19.25,19.25,7
epipelagic,10^6 g,19.25,19.75,4
epipelagic,10^6 g,19.25,20.25,3
epipelagic,10^6 g,19.25,20.75,2
epipelagic,10^6 g,19.25,21.25,8
epipelagic,10^6 g,19.25,21.75,26
epipelagic,10^6 g,19.25,22.25,7
epipelagic,10^6 g,19.25,22.75,2
epipelagic,10^6 g,19.75,14.25,2
epipelagic,10^6 g,19.75,14.75,4
epipelagic,10^6 g,19.75,15.25,6
epipelagic,10^6 g,19.75,15.75,3
epipelagic,10^6 g,19.75,16.25,1
epipelagic,10^6 g,19.75,16.75,2
epipelagic,10^6 g,19.75,17.25,2
epipelagic,10^6 g,19.75,17.75,5
epipelagic,10^6 g,19.75,18.25,3
epipelagic,10^6 g,19.75,18.75,9
epipelagic,10^6 g,19.75,19.25,3
epipelagic,10^6 g,19.75,19.75,6
epipelagic,10^6 g,19.75,20.25,4
epipelagic,10^6 g,19.75,20.75,6
epipelagic,10^6 g,19.75,21.25,14
epipelagic,10^6 g,19.75,21.75,21
epipelagic,10^6 g,19.75,22.25,5
epipelagic,10^6 g,19.75,22.75,1
epipelagic,10^6 g,20.25,12.75,1
epipelagic,10^6 g,20.25,15.25,3
epipelagic,10^6 g,20.25,15.75,7
epipelagic,10^6 g,20.25,16.25,6
epipelagic,10^6 g,20.25,16.75,3
epipelagic,10^6 g,20.25,17.25,1
epipelagic,10^6 g,20.25,17.75,2
epipelagic,10^6 g,20.25,18.25,4
epipelagic,10^6 g,20.25,18.75,2
epipelagic,10^6 g,20.25,19.25,2
epipelagic,10^6 g,20.25,19.75,9
epipelagic,10^6 g,20.25,20.25,2
epipelagic,10^6 g,20.25,20.75,8
epipelagic,10^6 g,20.25,21.25,12
epipelagic,10^6 g,20.25,21.75,18
epipelagic,10^6 g,20.25,22.25,7
epipelagic,10^6 g,20.25,22.75,2
epipelagic,10^6 g,20.75,14.75,1
epipelagic,10^6 g,20.75,15.75,2
epipelagic,10^6 g,20.75,16.25,5
epipelagic,10^6 g,20.75,16.75,13
epipelagic,10^6 g,20.75,17.25,2
epipelagic,10^6 g,20.75,17.75,7
epipelagic,10^6 g,20.75,18.25,1
epipelagic,10^6 g,20.75,18.75,4
epipelagic,10^6 g,20.75,19.25,2
epipelagic,10^6 g,20.75,19.75,6
epipelagic,10^6 g,20.75,20.25,7
epipelagic,10^6 g,20.75,20.75,12
epipelagic,10^6 g,20.75,21.25,10
epipelagic,10^6 g,20.75,21.75,12
epipelagic,10^6 g,20.75,22.25,6
epipelagic,10^6 g,20.75,22.75,1
epipelagic,10^6 g,21.25,15.25,1
epipelagic,10^6 g,21.25,15.75,1
epipelagic,10^6 g,21.25,16.75,1
epipelagic,10^6 g,21.25,17.25,11
epipelagic,10^6 g,21.25,17.75,9
epipelagic,10^6 g,21.25,18.25,6
epipelagic,10^6 g,21.25,18.75,5
epipelagic,10^6 g,21.25,19.25,4
epipelagic,10^6 g,21.25,19.75,5
epipelagic,10^6 g,21.25,20.25,4
epipelagic,10^6 g,21.25,20.75,16
epipelagic,10^6 g,21.25,21.25,15
epipelagic,10^6 g,21.25,21.75,12
epipelagic,10^6 g,21.25,22.25,15
epipelagic,10^6 g,21.25,22.75,2
epipelagic,10^6 g,21.75,13.75,1
epipelagic,10^6 g,21.75,16.25,2
epipelagic,10^6 g,21.75,17.25,2
epipelagic,10^6 g,21.75,17.75,6
epipelagic,10^6 g,21.75,18.25,15
epipelagic,10^6 g,21.75,18.75,6
epipelagic,10^6 g,21.75,19.25,8
epipelagic,10^6 g,21.75,19.75,6
epipelagic,10^6 g,21.75,20.25,6
epipelagic,10^6 g,21.75,20.75,9
epipelagic,10^6 g,21.75,21.25,24
epipelagic,10^6 g,21.75,21.75,46
epipelagic,10^6 g,21.75,22.25,20
epipelagic,10^6 g,21.75,22.75,2
epipelagic,10^6 g,22.25,13.75,1
epipelagic,10^6 g,22.25,15.25,1
epipelagic,10^6 g,22.25,15.75,4
epipelagic,10^6 g,22.25,16.25,1
epipelagic,10^6 g,22.25,16.75,2
epipelagic,10^6 g,22.25,17.25,2
epipelagic,10^6 g,22.25,17.75,1
epipelagic,10^6 g,22.25,18.25,3
epipelagic,10^6 g,22.25,18.75,9
epipelagic,10^6 g,22.25,19.25,25
epipelagic,10^6 g,22.25,19.75,9
epipelagic,10^6 g,22.25,20.25,9
epipelagic,10^6 g,22.25,20.75,19
epipelagic,10^6 g,22.25,21.25,28
epipelagic,10^6 g,22.25,21.75,42
epipelagic,10^6 g,22.25,22.25,36
epipelagic,10^6 g,22.25,22.75,4
epipelagic,10^6 g,22.25,25.25,1
epipelagic,10^6 g,22.75,16.75,1
epipelagic,10^6 g,22.75,17.25,1
epipelagic,10^6 g,22.75,17.75,3
epipelagic,10^6 g,22.75,18.25,5
epipelagic,10^6 g,22.75,18.75,4
epipelagic,10^6 g,22.75,19.25,1
epipelagic,10^6 g,22.75,19.75,15
epipelagic,10^6 g,22.75,20.25,15
epipelagic,10^6 g,22.75,20.75,18
epipelagic,10^6 g,22.75,21.25,42
epipelagic,10^6 g,22.75,21.75,48
epipelagic,10^6 g,22.75,22.25,31
epipelagic,10^6 g,22.75,22.75,2
epipelagic,10^6 g,23.25,16.75,1
epipelagic,10^6 g,23.25,17.25,1
epipelagic,10^6 g,23.25,18.75,3
epipelagic,10^6 g,23.25,19.25,3
epipelagic,10^6 g,23.25,19.75,6
epipelagic,10^6 g,23.25,20.25,9
epipelagic,10^6 g,23.25,20.75,22
epipelagic,10^6 g,23.25,21.25,66
epipelagic,10^6 g,23.25,21.75,44
epipelagic,10^6 g,23.25,22.25,25
epipelagic,10^6 g,23.25,22.75,3
epipelagic,10^6 g,23.75,16.25,1
epipelagic,10^6 g,23.75,17.25,2
epipelagic,10^6 g,23.75,17.75,1
epipelagic,10^6 g,23.75,18.25,3
epipelagic,10^6 g,23.75,18.75,2
epipelagic,10^6 g,23.75,19.75,4
epipelagic,10^6 g,23.75,20.25,2
epipelagic,10^6 g,23.75,20.75,27
epipelagic,10^6 g,23.75,21.25,82
epipelagic,10^6 g,23.75,21.75,56
epipelagic,10^6 g,23.75,22.25,32
epipelagic,10^6 g,23.75,22.75,2
epipelagic,10^6 g,23.75,23.25,1
epipelagic,10^6 g,24.25,16.75,1
epipelagic,10^6 g,24.25,17.25,2
epipelagic,10^6 g,24.25,17.75,2
epipelagic,10^6 g,24.25,18.25,2
epipelagic,10^6 g,24.25,18.75,1
epipelagic,10^6 g,24.25,19.25,3
epipelagic,10^6 g,24.25,19.75,5
epipelagic,10^6 g,24.25,20.25,11
epipelagic,10^6 g,24.25,20.75,21
epipelagic,10^6 g,24.25,21.25,90
epipelagic,10^6 g,24.25,21.75,86
epipelagic,10^6 g,24.25,22.25,20
epipelagic,10^6 g,24.25,22.75,2
epipelagic,10^6 g,24.25,23.25,1
epipelagic,10^6 g,24.75,16.25,1
epipelagic,10^6 g,24.75,17.75,1
epipelagic,10^6 g,24.75,18.75,1
epipelagic,10^6 g,24.75,19.75,4
epipelagic,10^6 g,24.75,20.25,11
epipelagic,10^6 g,24.75,20.75,40
epipelagic,10^6 g,24.75,21.25,99
epipelagic,10^6 g,24.75,21.75,113
epipelagic,10^6 g,24.75,22.25,31
epipelagic,10^6 g,24.75,22.75,2
epipelagic,10^6 g,25.25,9.25,1
epipelagic,10^6 g,25.25,17.75,2
epipelagic,10^6 g,25.25,18.25,2
epipelagic,10^6 g,25.25,19.75,2
epipelagic,10^6 g,25.25,20.25,4
epipelagic,10^6 g,25.25,20.75,25
epipelagic,10^6 g,25.25,21.25,142
epipelagic,10^6 g,25.25,21.75,132
epipelagic,10^6 g,25.25,22.25,31
epipelagic,10^6 g,25.25,22.75,1
epipelagic,10^6 g,25.75,11.25,1
epipelagic,10^6 g,25.75,16.25,1
epipelagic,10^6 g,25.75,20.25,3
epipelagic,10^6 g,25.75,20.75,29
epipelagic,10^6 g,25.75,21.25,125
epipelagic,10^6 g,25.75,21.75,154
epipelagic,10^6 g,25.75,22.25,43
epipelagic,10^6 g,25.75,22.75,5
epipelagic,10^6 g,26.25,15.75,1
epipelagic,10^6 g,26.25,16.25,2
epipelagic,10^6 g,26.25,20.25,3
epipelagic,10^6 g,26.25,20.75,32
epipelagic,10^6 g,26.25,21.25,125
epipelagic,10^6 g,26.25,21.75,132
epipelagic,10^6 g,26.25,22.25,133
epipelagic,10^6 g,26.25,22.75,1
epipelagic,10^6 g,26.75,12.75,1
epipelagic,10^6 g,26.75,17.75,2
epipelagic,10^6 g,26.75,19.75,1
epipelagic,10^6 g,26.75,20.25,1
epipelagic,10^6 g,26.75,20.75,13
epipelagic,10^6 g,26.75,21.25,107
epipelagic,10^6 g,26.75,21.75,164
epipelagic,10^6 g,26.75,22.25,91
epipelagic,10^6 g,27.25,13.25,1
epipelagic,10^6 g,27.25,13.75,1
epipelagic,10^6 g,27.25,16.75,1
epipelagic,10^6 g,27.25,17.75,3
epipelagic,10^6 g,27.25,20.25,2
epipelagic,10^6 g,27.25,20.75,12
epipelagic,10^6 g,27.25,21.25,98
epipelagic,10^6 g,27.25,21.75,205
epipelagic,10^6 g,27.25,22.25,90
epipelagic,10^6 g,27.75,19.25,1
epipelagic,10^6 g,27.75,19.75,1
epipelagic,10^6 g,27.75,20.25,2
epipelagic,10^6 g,27.75,20.75,12
epipelagic,10^6 g,27.75,21.25,133
epipelagic,10^6 g,27.75,21.75,264
epipelagic,10^6 g,27.75,22.25,173
epipelagic,10^6 g,28.25,20.25,5
epipelagic,10^6 g,28.25,20.75,20
epipelagic,10^6 g,28.25,21.25,110
epipelagic,10^6 g,28.25,21.75,71
epipelagic,10^6 g,28.25,22.25,3
epipelagic,10^6 g,28.75,20.25,3
epipelagic,10^6 g,28.75,20.75,8
epipelagic,10^6 g,28.75,21.25,58
epipelagic,10^6 g,28.75,21.75,48
epipelagic,10^6 g,28.75,22.25,2
epipelagic,10^6 g,29.25,20.75,4
epipelagic,10^6 g,29.25,21.25,52
epipelagic,10^6 g,29.25,21.75,67
epipelagic,10^6 g,29.25,22.25,7
epipelagic,10^6 g,29.75,21.25,1
epipelagic,10^6 g,29.75,21.75,41
epipelagic,10^6 g,29.75,22.25,4
epipelagic,10^7 g,3.25,16.25,1
epipelagic,10^7 g,4.75,12.25,1
epipelagic,10^7 g,5.75,13.25,1
epipelagic,10^7 g,6.25,14.25,1
epipelagic,10^7 g,6.25,15.25,1
epipelagic,10^7 g,6.25,16.25,1
epipelagic,10^7 g,6.75,15.75,1
epipelagic,10^7 g,6.75,17.25,1
epipelagic,10^7 g,7.25,19.75,1
epipelagic,10^7 g,8.25,14.25,1
epipelagic,10^7 g,8.25,16.25,1
epipelagic,10^7 g,8.75,15.25,1
epipelagic,10^7 g,8.75,16.25,1
epipelagic,10^7 g,9.25,14.25,1
epipelagic,10^7 g,9.75,10.25,1
epipelagic,10^7 g,9.75,18.75,1
epipelagic,10^7 g,10.25,16.25,1
epipelagic,10^7 g,11.75,18.75,1
epipelagic,10^7 g,13.75,15.75,1
epipelagic,10^7 g,14.25,15.75,1
epipelagic,10^7 g,15.25,17.25,1
epipelagic,10^7 g,15.75,20.25,1
epipelagic,10^7 g,16.25,17.25,1
epipelagic,10^7 g,16.75,21.75,1
epipelagic,10^7 g,17.25,10.75,1
epipelagic,10^7 g,17.25,17.25,1
epipelagic,10^7 g,17.25,19.25,1
epipelagic,10^7 g,18.25,20.75,1
epipelagic,10^7 g,19.25,14.25,1
epipelagic,10^7 g,20.25,19.25,1
epipelagic,10^7 g,20.75,21.25,1
epipelagic,10^7 g,20.75,22.25,1
epipelagic,10^7 g,21.25,20.75,1
epipelagic,10^7 g,21.75,21.25,1
epipelagic,10^7 g,22.25,20.75,1
epipelagic,10^7 g,24.25,18.25,1
epipelagic,10^8 g,0.25,19.75,1
epipelagic,10^8 g,4.75,22.25,1
epipelagic,10^8 g,5.25,21.25,1
epipelagic,10^8 g,5.25,21.75,1
epipelagic,10^8 g,5.75,21.75,1
epipelagic,10^8 g,5.75,22.25,1
epipelagic,10^8 g,6.75,12.75,1
epipelagic,10^8 g,7.25,18.75,2
epipelagic,10^8 g,8.25,20.25,1
epipelagic,10^8 g,8.75,20.25,1
epipelagic,10^8 g,9.25,15.75,1
epipelagic,10^8 g,9.75,21.75,1
epipelagic,10^8 g,10.25,21.25,1
epipelagic,10^8 g,10.25,21.75,9
epipelagic,10^8 g,10.25,22.25,1
epipelagic,10^8 g,10.75,18.75,1
epipelagic,10^8 g,10.75,21.75,5
epipelagic,10^8 g,11.25,21.75,7
epipelagic,10^8 g,11.25,22.75,2
epipelagic,10^8 g,11.75,21.25,1
epipelagic,10^8 g,11.75,21.75,1
epipelagic,10^8 g,11.75,22.75,1
epipelagic,10^8 g,12.25,22.25,2
epipelagic,10^8 g,12.75,21.75,1
epipelagic,10^8 g,12.75,22.25,7
epipelagic,10^8 g,13.25,22.25,2
epipelagic,10^8 g,13.75,22.25,2
epipelagic,10^8 g,14.25,20.25,1
epipelagic,10^8 g,14.75,19.75,1
epipelagic,10^8 g,14.75,20.25,1
epipelagic,10^8 g,18.75,22.25,2
epipelagic,10^8 g,21.75,22.25,1
epipelagic,10^8 g,24.25,19.25,1
epipelagic,10^8 g,24.25,21.25,1
epipelagic,10^8 g,24.75,20.75,1
epipelagic,10^8 g,24.75,21.25,1
epipelagic,10^8 g,24.75,21.75,1
epipelagic,10^8 g,25.75,21.25,2
epipelagic,10^8 g,26.25,21.25,4
epipelagic,10^8 g,26.75,21.25,2
epipelagic,10^8 g,27.25,21.25,3
epipelagic,10^8 g,27.25,21.75,2
