group,mass_bin,T_bin,O2_bin,n
demersal,10^-2 g,25.25,21.75,2
demersal,10^-2 g,25.75,21.25,1
demersal,10^-2 g,25.75,21.75,16
demersal,10^-2 g,26.25,21.75,1
demersal,10^-2 g,26.75,21.25,1
demersal,10^-2 g,27.75,21.75,1
demersal,10^-2 g,28.25,21.25,2
demersal,10^-2 g,28.25,21.75,1
demersal,10^-2 g,28.75,21.75,5
demersal,10^-2 g,29.25,21.75,4
demersal,10^-1 g,6.25,10.25,2
demersal,10^-1 g,7.25,5.75,1
demersal,10^-1 g,7.75,7.25,1
demersal,10^-1 g,10.25,15.75,1
demersal,10^-1 g,10.75,16.25,1
demersal,10^-1 g,11.25,4.75,1
demersal,10^-1 g,12.25,16.75,3
demersal,10^-1 g,12.75,16.75,1
demersal,10^-1 g,13.25,11.25,1
demersal,10^-1 g,13.25,17.25,1
demersal,10^-1 g,14.25,16.75,2
demersal,10^-1 g,14.75,16.75,1
demersal,10^-1 g,16.25,21.25,1
demersal,10^-1 g,17.75,7.25,1
demersal,10^-1 g,18.25,22.25,1
demersal,10^-1 g,18.75,21.25,1
demersal,10^-1 g,18.75,21.75,2
demersal,10^-1 g,21.25,21.25,3
demersal,10^-1 g,21.25,21.75,1
demersal,10^-1 g,21.75,11.25,1
demersal,10^-1 g,21.75,13.75,1
demersal,10^-1 g,21.75,19.75,1
demersal,10^-1 g,21.75,21.25,3
demersal,10^-1 g,21.75,21.75,15
demersal,10^-1 g,22.25,20.75,1
demersal,10^-1 g,22.25,21.75,3
demersal,10^-1 g,22.75,20.75,1
demersal,10^-1 g,23.25,21.25,1
demersal,10^-1 g,23.75,20.75,5
demersal,10^-1 g,23.75,22.25,1
demersal,10^-1 g,24.25,20.75,1
demersal,10^-1 g,24.25,21.75,1
demersal,10^-1 g,24.75,15.25,2
demersal,10^-1 g,24.75,17.75,1
demersal,10^-1 g,24.75,20.25,1
demersal,10^-1 g,24.75,21.75,4
demersal,10^-1 g,25.25,21.25,87
demersal,10^-1 g,25.25,21.75,12
demersal,10^-1 g,25.75,20.75,4
demersal,10^-1 g,25.75,21.75,27
demersal,10^-1 g,26.25,20.75,1
demersal,10^-1 g,26.25,21.25,15
demersal,10^-1 g,26.25,21.75,4
demersal,10^-1 g,26.25,22.25,5
demersal,10^-1 g,26.75,17.25,1
demersal,10^-1 g,26.75,19.75,1
demersal,10^-1 g,26.75,20.75,4
demersal,10^-1 g,26.75,21.25,6
demersal,10^-1 g,26.75,21.75,9
demersal,10^-1 g,27.25,17.75,1
demersal,10^-1 g,27.25,19.75,1
demersal,10^-1 g,27.25,20.75,1
demersal,10^-1 g,27.25,21.25,22
demersal,10^-1 g,27.25,21.75,15
demersal,10^-1 g,27.75,20.25,1
demersal,10^-1 g,27.75,20.75,1
demersal,10^-1 g,27.75,21.25,23
demersal,10^-1 g,27.75,21.75,40
demersal,10^-1 g,27.75,22.25,11
demersal,10^-1 g,28.25,19.75,1
demersal,10^-1 g,28.25,20.75,1
demersal,10^-1 g,28.25,21.25,2
demersal,10^-1 g,28.25,21.75,7
demersal,10^-1 g,28.75,19.75,8
demersal,10^-1 g,28.75,20.25,5
demersal,10^-1 g,28.75,20.75,3
demersal,10^-1 g,28.75,21.25,11
demersal,10^-1 g,28.75,21.75,4
demersal,10^-1 g,29.25,21.25,8
demersal,10^-1 g,29.25,21.75,34
demersal,10^-1 g,29.25,22.25,5
demersal,10^-1 g,29.75,20.75,1
demersal,10^-1 g,29.75,21.75,3
demersal,10^0 g,0.25,13.25,1
demersal,10^0 g,0.25,19.25,1
demersal,10^0 g,0.25,19.75,3
demersal,10^0 g,0.25,20.25,1
demersal,10^0 g,0.75,18.25,2
demersal,10^0 g,0.75,18.75,4
demersal,10^0 g,0.75,19.25,2
demersal,10^0 g,0.75,20.25,1
demersal,10^0 g,1.25,17.25,1
demersal,10^0 g,1.75,5.25,1
demersal,10^0 g,1.75,8.75,1
demersal,10^0 g,1.75,9.25,2
demersal,10^0 g,1.75,20.75,4
demersal,10^0 g,1.75,21.75,3
demersal,10^0 g,2.25,3.25,1
demersal,10^0 g,2.25,3.75,1
demersal,10^0 g,2.25,21.25,2
demersal,10^0 g,2.25,21.75,5
demersal,10^0 g,2.25,22.75,1
demersal,10^0 g,2.75,3.25,1
demersal,10^0 g,2.75,3.75,1
demersal,10^0 g,2.75,4.75,2
demersal,10^0 g,2.75,8.75,1
demersal,10^0 g,2.75,9.75,1
demersal,10^0 g,2.75,21.25,1
demersal,10^0 g,3.25,10.25,1
demersal,10^0 g,3.25,13.25,1
demersal,10^0 g,3.25,18.25,1
demersal,10^0 g,3.25,18.75,1
demersal,10^0 g,3.25,21.75,1
demersal,10^0 g,3.25,22.25,2
demersal,10^0 g,3.75,5.25,1
demersal,10^0 g,3.75,15.25,1
demersal,10^0 g,3.75,16.75,1
demersal,10^0 g,3.75,18.25,2
demersal,10^0 g,3.75,18.75,1
demersal,10^0 g,3.75,21.75,1
demersal,10^0 g,3.75,22.25,2
demersal,10^0 g,4.25,7.25,1
demersal,10^0 g,4.25,10.75,1
demersal,10^0 g,4.25,16.75,1
demersal,10^0 g,4.25,17.75,5
demersal,10^0 g,4.25,18.75,1
demersal,10^0 g,4.25,21.75,15
demersal,10^0 g,4.25,22.25,1
demersal,10^0 g,4.75,6.75,3
demersal,10^0 g,4.75,7.75,1
demersal,10^0 g,4.75,9.25,1
demersal,10^0 g,4.75,11.25,2
demersal,10^0 g,4.75,11.75,1
demersal,10^0 g,4.75,12.25,1
demersal,10^0 g,4.75,17.25,2
demersal,10^0 g,4.75,21.75,11
demersal,10^0 g,4.75,22.25,5
demersal,10^0 g,5.25,3.25,1
demersal,10^0 g,5.25,9.25,2
demersal,10^0 g,5.25,11.75,1
demersal,10^0 g,5.25,12.25,3
demersal,10^0 g,5.25,16.75,1
demersal,10^0 g,5.25,20.75,1
demersal,10^0 g,5.25,21.75,9
demersal,10^0 g,5.75,6.25,1
demersal,10^0 g,5.75,9.25,2
demersal,10^0 g,5.75,11.25,1
demersal,10^0 g,5.75,12.75,1
demersal,10^0 g,5.75,13.75,1
demersal,10^0 g,5.75,19.75,1
demersal,10^0 g,5.75,21.25,1
demersal,10^0 g,5.75,21.75,10
demersal,10^0 g,5.75,22.25,18
demersal,10^0 g,6.25,6.25,1
demersal,10^0 g,6.25,7.25,1
demersal,10^0 g,6.25,8.25,1
demersal,10^0 g,6.25,16.25,2
demersal,10^0 g,6.25,19.75,1
demersal,10^0 g,6.25,20.25,3
demersal,10^0 g,6.25,20.75,6
demersal,10^0 g,6.25,21.75,15
demersal,10^0 g,6.75,19.25,1
demersal,10^0 g,7.25,9.25,1
demersal,10^0 g,7.25,9.75,1
demersal,10^0 g,7.25,11.25,1
demersal,10^0 g,7.25,13.75,1
demersal,10^0 g,7.25,15.25,1
demersal,10^0 g,7.25,17.25,1
demersal,10^0 g,7.25,19.75,7
demersal,10^0 g,7.25,20.25,1
demersal,10^0 g,7.25,21.75,3
demersal,10^0 g,7.25,22.25,22
demersal,10^0 g,7.25,22.75,16
demersal,10^0 g,7.75,8.75,2
demersal,10^0 g,7.75,19.75,8
demersal,10^0 g,7.75,20.25,42
demersal,10^0 g,7.75,20.75,6
demersal,10^0 g,7.75,21.75,1
demersal,10^0 g,7.75,22.25,16
demersal,10^0 g,7.75,22.75,121
demersal,10^0 g,8.25,10.75,1
demersal,10^0 g,8.25,13.25,1
demersal,10^0 g,8.25,15.75,1
demersal,10^0 g,8.25,19.75,1
demersal,10^0 g,8.25,20.25,52
demersal,10^0 g,8.25,20.75,596
demersal,10^0 g,8.25,21.25,65
demersal,10^0 g,8.25,22.75,15
demersal,10^0 g,8.75,4.25,1
demersal,10^0 g,8.75,4.75,1
demersal,10^0 g,8.75,20.75,481
demersal,10^0 g,8.75,21.25,211
demersal,10^0 g,8.75,21.75,1
demersal,10^0 g,8.75,22.25,2
demersal,10^0 g,9.25,7.25,1
demersal,10^0 g,9.25,11.75,1
demersal,10^0 g,9.25,14.75,1
demersal,10^0 g,9.25,20.25,1
demersal,10^0 g,9.25,20.75,86
demersal,10^0 g,9.25,21.25,211
demersal,10^0 g,9.25,21.75,20
demersal,10^0 g,9.25,22.25,1
demersal,10^0 g,9.75,4.75,1
demersal,10^0 g,9.75,11.25,1
demersal,10^0 g,9.75,12.75,2
demersal,10^0 g,9.75,13.75,2
demersal,10^0 g,9.75,14.75,9
demersal,10^0 g,9.75,15.25,1
demersal,10^0 g,9.75,19.25,1
demersal,10^0 g,9.75,21.25,140
demersal,10^0 g,9.75,21.75,111
demersal,10^0 g,9.75,22.25,2
demersal,10^0 g,10.25,7.75,1
demersal,10^0 g,10.25,13.25,2
demersal,10^0 g,10.25,13.75,2
demersal,10^0 g,10.25,14.25,2
demersal,10^0 g,10.25,15.25,1
demersal,10^0 g,10.25,15.75,1
demersal,10^0 g,10.25,17.75,1
demersal,10^0 g,10.25,19.25,1
demersal,10^0 g,10.25,20.75,1
demersal,10^0 g,10.25,21.25,114
demersal,10^0 g,10.25,21.75,153
demersal,10^0 g,10.25,22.25,1
demersal,10^0 g,10.75,4.25,3
demersal,10^0 g,10.75,16.25,1
demersal,10^0 g,10.75,16.75,1
demersal,10^0 g,10.75,19.75,1
demersal,10^0 g,10.75,20.25,1
demersal,10^0 g,10.75,20.75,1
demersal,10^0 g,10.75,21.25,10
demersal,10^0 g,10.75,21.75,66
demersal,10^0 g,10.75,22.25,5
demersal,10^0 g,11.25,2.25,1
demersal,10^0 g,11.25,4.25,1
demersal,10^0 g,11.25,4.75,2
demersal,10^0 g,11.25,6.25,1
demersal,10^0 g,11.25,15.25,3
demersal,10^0 g,11.25,16.25,1
demersal,10^0 g,11.25,16.75,1
demersal,10^0 g,11.25,20.25,1
demersal,10^0 g,11.25,20.75,5
demersal,10^0 g,11.25,21.25,4
demersal,10^0 g,11.25,21.75,93
demersal,10^0 g,11.25,22.25,2
demersal,10^0 g,11.25,22.75,1
demersal,10^0 g,11.75,5.25,2
demersal,10^0 g,11.75,6.75,1
demersal,10^0 g,11.75,9.75,1
demersal,10^0 g,11.75,14.25,1
demersal,10^0 g,11.75,15.25,3
demersal,10^0 g,11.75,15.75,1
demersal,10^0 g,11.75,20.25,54
demersal,10^0 g,11.75,20.75,1
demersal,10^0 g,11.75,21.25,1
demersal,10^0 g,11.75,21.75,1
demersal,10^0 g,12.25,7.75,1
demersal,10^0 g,12.25,15.75,1
demersal,10^0 g,12.25,17.25,1
demersal,10^0 g,12.25,19.75,1
demersal,10^0 g,12.25,21.25,8
demersal,10^0 g,12.25,21.75,3
demersal,10^0 g,12.25,22.25,3
demersal,10^0 g,12.75,2.75,2
demersal,10^0 g,12.75,5.75,1
demersal,10^0 g,12.75,15.25,10
demersal,10^0 g,12.75,16.75,4
demersal,10^0 g,12.75,20.25,5
demersal,10^0 g,12.75,20.75,3
demersal,10^0 g,12.75,21.75,8
demersal,10^0 g,12.75,22.25,22
demersal,10^0 g,13.25,13.75,1
demersal,10^0 g,13.25,15.75,2
demersal,10^0 g,13.25,16.25,2
demersal,10^0 g,13.25,17.25,1
demersal,10^0 g,13.25,17.75,1
demersal,10^0 g,13.25,18.25,1
demersal,10^0 g,13.75,8.75,1
demersal,10^0 g,13.75,10.75,1
demersal,10^0 g,13.75,16.25,2
demersal,10^0 g,13.75,17.75,1
demersal,10^0 g,13.75,18.25,1
demersal,10^0 g,13.75,19.75,1
demersal,10^0 g,13.75,20.25,1
demersal,10^0 g,13.75,20.75,1
demersal,10^0 g,14.25,11.75,1
demersal,10^0 g,14.25,15.25,1
demersal,10^0 g,14.25,15.75,18
demersal,10^0 g,14.25,20.25,3
demersal,10^0 g,14.25,21.75,2
demersal,10^0 g,14.25,22.25,1
demersal,10^0 g,14.75,2.75,1
demersal,10^0 g,14.75,7.75,1
demersal,10^0 g,14.75,9.75,1
demersal,10^0 g,14.75,15.75,2
demersal,10^0 g,14.75,16.75,1
demersal,10^0 g,14.75,18.75,1
demersal,10^0 g,14.75,21.25,6
demersal,10^0 g,15.25,16.75,4
demersal,10^0 g,15.25,19.25,1
demersal,10^0 g,15.75,9.25,1
demersal,10^0 g,15.75,15.75,2
demersal,10^0 g,15.75,16.75,1
demersal,10^0 g,15.75,18.75,1
demersal,10^0 g,15.75,21.25,7
demersal,10^0 g,15.75,21.75,2
demersal,10^0 g,15.75,22.25,1
demersal,10^0 g,16.25,13.25,1
demersal,10^0 g,16.25,15.25,1
demersal,10^0 g,16.25,15.75,1
demersal,10^0 g,16.25,16.75,7
demersal,10^0 g,16.75,9.75,1
demersal,10^0 g,16.75,11.25,1
demersal,10^0 g,16.75,14.25,1
demersal,10^0 g,16.75,15.75,1
demersal,10^0 g,16.75,17.25,1
demersal,10^0 g,16.75,17.75,8
demersal,10^0 g,16.75,21.25,3
demersal,10^0 g,16.75,21.75,1
demersal,10^0 g,16.75,22.25,1
demersal,10^0 g,16.75,22.75,2
demersal,10^0 g,17.25,16.75,1
demersal,10^0 g,17.25,17.25,3
demersal,10^0 g,17.25,21.75,1
demersal,10^0 g,17.25,22.25,1
demersal,10^0 g,17.75,10.25,1
demersal,10^0 g,17.75,15.25,1
demersal,10^0 g,17.75,17.25,4
demersal,10^0 g,17.75,17.75,2
demersal,10^0 g,17.75,20.75,2
demersal,10^0 g,17.75,21.25,9
demersal,10^0 g,18.25,17.75,4
demersal,10^0 g,18.25,18.25,1
demersal,10^0 g,18.25,20.75,10
demersal,10^0 g,18.25,21.25,96
demersal,10^0 g,18.25,21.75,33
demersal,10^0 g,18.25,22.25,2
demersal,10^0 g,18.75,15.75,2
demersal,10^0 g,18.75,17.25,2
demersal,10^0 g,18.75,18.25,1
demersal,10^0 g,18.75,21.25,136
demersal,10^0 g,18.75,21.75,4
demersal,10^0 g,18.75,22.25,1
demersal,10^0 g,19.25,13.25,1
demersal,10^0 g,19.25,14.75,1
demersal,10^0 g,19.25,21.25,51
demersal,10^0 g,19.75,15.75,1
demersal,10^0 g,19.75,18.25,1
demersal,10^0 g,19.75,19.75,8
demersal,10^0 g,19.75,21.25,1
demersal,10^0 g,20.25,11.75,1
demersal,10^0 g,20.25,12.75,1
demersal,10^0 g,20.25,14.25,2
demersal,10^0 g,20.25,17.75,1
demersal,10^0 g,20.25,21.25,12
demersal,10^0 g,20.25,21.75,4
demersal,10^0 g,20.75,17.25,1
demersal,10^0 g,20.75,19.25,8
demersal,10^0 g,20.75,21.75,2
demersal,10^0 g,20.75,22.25,1
demersal,10^0 g,21.25,13.25,1
demersal,10^0 g,21.25,17.25,1
demersal,10^0 g,21.25,21.25,4
demersal,10^0 g,21.75,3.25,1
demersal,10^0 g,21.75,11.25,1
demersal,10^0 g,21.75,18.25,1
demersal,10^0 g,21.75,21.25,3
demersal,10^0 g,21.75,21.75,32
demersal,10^0 g,22.25,13.75,1
demersal,10^0 g,22.25,17.25,1
demersal,10^0 g,22.25,20.75,3
demersal,10^0 g,22.25,21.75,4
demersal,10^0 g,22.25,22.25,1
demersal,10^0 g,22.75,9.25,1
demersal,10^0 g,22.75,16.75,1
demersal,10^0 g,22.75,17.25,4
demersal,10^0 g,22.75,19.75,1
demersal,10^0 g,22.75,20.75,4
demersal,10^0 g,22.75,21.75,2
demersal,10^0 g,22.75,23.25,4
demersal,10^0 g,23.25,16.25,2
demersal,10^0 g,23.25,17.75,1
demersal,10^0 g,23.25,18.25,1
demersal,10^0 g,23.25,19.25,1
demersal,10^0 g,23.25,19.75,2
demersal,10^0 g,23.25,21.25,6
demersal,10^0 g,23.25,22.25,4
demersal,10^0 g,23.75,17.75,1
demersal,10^0 g,23.75,19.75,2
demersal,10^0 g,23.75,20.75,3
demersal,10^0 g,23.75,21.75,2
demersal,10^0 g,23.75,22.25,2
demersal,10^0 g,23.75,22.75,16
demersal,10^0 g,24.25,17.25,2
demersal,10^0 g,24.25,17.75,6
demersal,10^0 g,24.25,20.25,4
demersal,10^0 g,24.25,20.75,4
demersal,10^0 g,24.25,21.25,11
demersal,10^0 g,24.25,21.75,15
demersal,10^0 g,24.75,17.75,3
demersal,10^0 g,24.75,18.25,1
demersal,10^0 g,24.75,18.75,1
demersal,10^0 g,24.75,19.25,2
demersal,10^0 g,24.75,19.75,5
demersal,10^0 g,24.75,20.25,9
demersal,10^0 g,24.75,20.75,157
demersal,10^0 g,24.75,21.25,12
demersal,10^0 g,24.75,21.75,20
demersal,10^0 g,24.75,22.25,1
demersal,10^0 g,25.25,16.25,3
demersal,10^0 g,25.25,18.25,1
demersal,10^0 g,25.25,18.75,2
demersal,10^0 g,25.25,19.25,2
demersal,10^0 g,25.25,19.75,1
demersal,10^0 g,25.25,20.75,98
demersal,10^0 g,25.25,21.25,457
demersal,10^0 g,25.25,21.75,25
demersal,10^0 g,25.25,22.25,20
demersal,10^0 g,25.75,16.75,2
demersal,10^0 g,25.75,19.25,5
demersal,10^0 g,25.75,19.75,4
demersal,10^0 g,25.75,20.25,5
demersal,10^0 g,25.75,20.75,11
demersal,10^0 g,25.75,21.25,16
demersal,10^0 g,25.75,21.75,25
demersal,10^0 g,26.25,16.75,1
demersal,10^0 g,26.25,19.25,1
demersal,10^0 g,26.25,19.75,6
demersal,10^0 g,26.25,20.25,4
demersal,10^0 g,26.25,20.75,6
demersal,10^0 g,26.25,21.25,26
demersal,10^0 g,26.25,21.75,17
demersal,10^0 g,26.25,22.25,34
demersal,10^0 g,26.75,17.75,1
demersal,10^0 g,26.75,18.25,3
demersal,10^0 g,26.75,20.25,2
demersal,10^0 g,26.75,20.75,36
demersal,10^0 g,26.75,21.25,14
demersal,10^0 g,26.75,21.75,43
demersal,10^0 g,27.25,13.75,1
demersal,10^0 g,27.25,19.25,3
demersal,10^0 g,27.25,19.75,4
demersal,10^0 g,27.25,20.75,2
demersal,10^0 g,27.25,21.25,34
demersal,10^0 g,27.25,21.75,33
demersal,10^0 g,27.25,22.25,8
demersal,10^0 g,27.75,20.75,20
demersal,10^0 g,27.75,21.25,13
demersal,10^0 g,27.75,21.75,51
demersal,10^0 g,27.75,22.25,8
demersal,10^0 g,28.25,19.75,1
demersal,10^0 g,28.25,20.25,6
demersal,10^0 g,28.25,20.75,4
demersal,10^0 g,28.25,21.25,35
demersal,10^0 g,28.25,21.75,25
demersal,10^0 g,28.25,22.25,2
demersal,10^0 g,28.75,20.25,4
demersal,10^0 g,28.75,20.75,15
demersal,10^0 g,28.75,21.25,23
demersal,10^0 g,28.75,21.75,14
demersal,10^0 g,29.25,19.75,1
demersal,10^0 g,29.25,21.25,18
demersal,10^0 g,29.25,21.75,77
demersal,10^0 g,29.25,22.25,3
demersal,10^0 g,29.75,21.75,10
demersal,10^1 g,0.25,12.25,5
demersal,10^1 g,0.25,12.75,2
demersal,10^1 g,0.25,13.25,193
demersal,10^1 g,0.25,13.75,38
demersal,10^1 g,0.25,14.25,82
demersal,10^1 g,0.25,14.75,15
demersal,10^1 g,0.25,15.25,72
demersal,10^1 g,0.25,15.75,15
demersal,10^1 g,0.25,16.25,323
demersal,10^1 g,0.25,16.75,187
demersal,10^1 g,0.25,17.25,104
demersal,10^1 g,0.25,17.75,188
demersal,10^1 g,0.25,18.25,543
demersal,10^1 g,0.25,18.75,512
demersal,10^1 g,0.25,19.25,466
demersal,10^1 g,0.25,19.75,603
demersal,10^1 g,0.25,20.25,102
demersal,10^1 g,0.25,20.75,52
demersal,10^1 g,0.25,21.25,49
demersal,10^1 g,0.25,21.75,9
demersal,10^1 g,0.25,22.25,1
demersal,10^1 g,0.25,23.25,1
demersal,10^1 g,0.75,11.75,1
demersal,10^1 g,0.75,12.25,97
demersal,10^1 g,0.75,12.75,140
demersal,10^1 g,0.75,13.25,1266
demersal,10^1 g,0.75,13.75,43
demersal,10^1 g,0.75,14.25,254
demersal,10^1 g,0.75,14.75,11
demersal,10^1 g,0.75,15.25,13
demersal,10^1 g,0.75,15.75,1
demersal,10^1 g,0.75,16.25,9
demersal,10^1 g,0.75,16.75,11
demersal,10^1 g,0.75,17.25,13
demersal,10^1 g,0.75,17.75,56
demersal,10^1 g,0.75,18.25,150
demersal,10^1 g,0.75,18.75,83
demersal,10^1 g,0.75,19.25,100
demersal,10^1 g,0.75,19.75,93
demersal,10^1 g,0.75,20.25,29
demersal,10^1 g,0.75,20.75,22
demersal,10^1 g,0.75,21.75,1
demersal,10^1 g,1.25,11.75,19
demersal,10^1 g,1.25,12.25,147
demersal,10^1 g,1.25,12.75,223
demersal,10^1 g,1.25,13.25,91
demersal,10^1 g,1.25,13.75,40
demersal,10^1 g,1.25,14.25,6
demersal,10^1 g,1.25,14.75,4
demersal,10^1 g,1.25,15.25,6
demersal,10^1 g,1.25,15.75,39
demersal,10^1 g,1.25,16.25,1
demersal,10^1 g,1.25,16.75,96
demersal,10^1 g,1.25,17.25,8
demersal,10^1 g,1.25,17.75,13
demersal,10^1 g,1.25,18.25,14
demersal,10^1 g,1.25,18.75,24
demersal,10^1 g,1.25,19.25,118
demersal,10^1 g,1.25,19.75,145
demersal,10^1 g,1.25,20.25,56
demersal,10^1 g,1.25,20.75,30
demersal,10^1 g,1.75,4.75,1
demersal,10^1 g,1.75,9.25,1
demersal,10^1 g,1.75,10.75,17
demersal,10^1 g,1.75,11.25,196
demersal,10^1 g,1.75,11.75,108
demersal,10^1 g,1.75,12.25,271
demersal,10^1 g,1.75,12.75,65
demersal,10^1 g,1.75,13.25,14
demersal,10^1 g,1.75,13.75,46
demersal,10^1 g,1.75,14.25,21
demersal,10^1 g,1.75,14.75,21
demersal,10^1 g,1.75,15.25,5
demersal,10^1 g,1.75,15.75,7
demersal,10^1 g,1.75,16.25,1
demersal,10^1 g,1.75,17.25,9
demersal,10^1 g,1.75,17.75,6
demersal,10^1 g,1.75,18.25,196
demersal,10^1 g,1.75,18.75,39
demersal,10^1 g,1.75,19.25,44
demersal,10^1 g,1.75,19.75,43
demersal,10^1 g,1.75,20.25,59
demersal,10^1 g,1.75,20.75,534
demersal,10^1 g,1.75,21.25,5
demersal,10^1 g,1.75,21.75,3
demersal,10^1 g,2.25,7.25,1
demersal,10^1 g,2.25,9.75,2
demersal,10^1 g,2.25,11.25,28
demersal,10^1 g,2.25,11.75,102
demersal,10^1 g,2.25,12.25,28
demersal,10^1 g,2.25,12.75,463
demersal,10^1 g,2.25,13.25,23
demersal,10^1 g,2.25,13.75,12
demersal,10^1 g,2.25,14.25,6
demersal,10^1 g,2.25,14.75,4
demersal,10^1 g,2.25,15.25,1
demersal,10^1 g,2.25,15.75,9
demersal,10^1 g,2.25,16.75,3
demersal,10^1 g,2.25,17.25,3
demersal,10^1 g,2.25,17.75,3
demersal,10^1 g,2.25,18.25,25
demersal,10^1 g,2.25,18.75,23
demersal,10^1 g,2.25,19.25,10
demersal,10^1 g,2.25,19.75,43
demersal,10^1 g,2.25,20.25,43
demersal,10^1 g,2.25,20.75,8
demersal,10^1 g,2.25,21.25,267
demersal,10^1 g,2.25,21.75,1
demersal,10^1 g,2.25,23.25,2
demersal,10^1 g,2.75,1.25,1
demersal,10^1 g,2.75,6.75,1
demersal,10^1 g,2.75,8.25,1
demersal,10^1 g,2.75,10.25,2
demersal,10^1 g,2.75,12.25,4
demersal,10^1 g,2.75,13.25,40
demersal,10^1 g,2.75,14.25,2
demersal,10^1 g,2.75,14.75,8
demersal,10^1 g,2.75,15.25,75
demersal,10^1 g,2.75,15.75,4
demersal,10^1 g,2.75,16.25,10
demersal,10^1 g,2.75,16.75,6
demersal,10^1 g,2.75,17.25,1
demersal,10^1 g,2.75,17.75,4
demersal,10^1 g,2.75,18.25,3
demersal,10^1 g,2.75,18.75,10
demersal,10^1 g,2.75,19.25,10
demersal,10^1 g,2.75,19.75,31
demersal,10^1 g,2.75,20.25,53
demersal,10^1 g,2.75,20.75,5
demersal,10^1 g,2.75,21.25,3
demersal,10^1 g,2.75,21.75,1
demersal,10^1 g,2.75,22.25,1
demersal,10^1 g,3.25,3.75,1
demersal,10^1 g,3.25,4.25,2
demersal,10^1 g,3.25,5.25,2
demersal,10^1 g,3.25,5.75,2
demersal,10^1 g,3.25,6.25,1
demersal,10^1 g,3.25,6.75,6
demersal,10^1 g,3.25,7.25,1
demersal,10^1 g,3.25,7.75,2
demersal,10^1 g,3.25,8.25,1
demersal,10^1 g,3.25,9.25,2
demersal,10^1 g,3.25,9.75,2
demersal,10^1 g,3.25,11.75,3
demersal,10^1 g,3.25,13.25,3
demersal,10^1 g,3.25,14.25,2
demersal,10^1 g,3.25,14.75,1
demersal,10^1 g,3.25,15.75,4
demersal,10^1 g,3.25,16.25,1
demersal,10^1 g,3.25,17.25,3
demersal,10^1 g,3.25,17.75,10
demersal,10^1 g,3.25,18.25,10
demersal,10^1 g,3.25,18.75,57
demersal,10^1 g,3.25,19.25,105
demersal,10^1 g,3.25,19.75,44
demersal,10^1 g,3.25,20.25,29
demersal,10^1 g,3.25,21.25,50
demersal,10^1 g,3.25,21.75,25
demersal,10^1 g,3.25,22.25,6
demersal,10^1 g,3.75,3.25,1
demersal,10^1 g,3.75,4.75,3
demersal,10^1 g,3.75,6.25,2
demersal,10^1 g,3.75,6.75,1
demersal,10^1 g,3.75,8.25,1
demersal,10^1 g,3.75,9.75,10
demersal,10^1 g,3.75,10.75,3
demersal,10^1 g,3.75,11.25,1
demersal,10^1 g,3.75,11.75,3
demersal,10^1 g,3.75,12.25,1
demersal,10^1 g,3.75,12.75,4
demersal,10^1 g,3.75,13.25,11
demersal,10^1 g,3.75,13.75,2
demersal,10^1 g,3.75,14.25,4
demersal,10^1 g,3.75,15.75,43
demersal,10^1 g,3.75,16.75,1
demersal,10^1 g,3.75,17.75,61
demersal,10^1 g,3.75,18.25,6
demersal,10^1 g,3.75,18.75,6
demersal,10^1 g,3.75,19.25,23
demersal,10^1 g,3.75,19.75,10
demersal,10^1 g,3.75,20.25,2
demersal,10^1 g,3.75,20.75,7
demersal,10^1 g,3.75,21.25,5
demersal,10^1 g,3.75,21.75,54
demersal,10^1 g,3.75,22.25,31
demersal,10^1 g,4.25,4.75,5
demersal,10^1 g,4.25,6.75,1
demersal,10^1 g,4.25,7.75,3
demersal,10^1 g,4.25,10.75,1
demersal,10^1 g,4.25,11.25,4
demersal,10^1 g,4.25,12.75,5
demersal,10^1 g,4.25,13.75,1
demersal,10^1 g,4.25,14.25,3
demersal,10^1 g,4.25,14.75,19
demersal,10^1 g,4.25,16.75,1
demersal,10^1 g,4.25,17.25,3
demersal,10^1 g,4.25,17.75,3
demersal,10^1 g,4.25,18.75,6
demersal,10^1 g,4.25,19.25,2
demersal,10^1 g,4.25,20.25,2
demersal,10^1 g,4.25,20.75,2
demersal,10^1 g,4.25,21.25,3
demersal,10^1 g,4.25,21.75,49
demersal,10^1 g,4.25,22.25,33
demersal,10^1 g,4.75,2.25,2
demersal,10^1 g,4.75,3.75,2
demersal,10^1 g,4.75,6.75,3
demersal,10^1 g,4.75,7.25,1
demersal,10^1 g,4.75,9.25,1
demersal,10^1 g,4.75,10.25,1
demersal,10^1 g,4.75,11.25,3
demersal,10^1 g,4.75,11.75,2
demersal,10^1 g,4.75,12.25,2
demersal,10^1 g,4.75,14.75,2
demersal,10^1 g,4.75,15.25,3
demersal,10^1 g,4.75,16.25,4
demersal,10^1 g,4.75,18.75,7
demersal,10^1 g,4.75,19.25,16
demersal,10^1 g,4.75,19.75,1
demersal,10^1 g,4.75,20.75,2
demersal,10^1 g,4.75,21.25,7
demersal,10^1 g,4.75,21.75,230
demersal,10^1 g,4.75,22.25,92
demersal,10^1 g,5.25,7.25,1
demersal,10^1 g,5.25,9.75,4
demersal,10^1 g,5.25,10.75,4
demersal,10^1 g,5.25,11.25,4
demersal,10^1 g,5.25,11.75,1
demersal,10^1 g,5.25,12.25,3
demersal,10^1 g,5.25,12.75,2
demersal,10^1 g,5.25,13.25,2
demersal,10^1 g,5.25,16.75,2
demersal,10^1 g,5.25,17.25,1
demersal,10^1 g,5.25,18.75,1
demersal,10^1 g,5.25,19.25,3
demersal,10^1 g,5.25,19.75,4
demersal,10^1 g,5.25,20.25,8
demersal,10^1 g,5.25,20.75,2
demersal,10^1 g,5.25,21.75,227
demersal,10^1 g,5.25,22.25,13
demersal,10^1 g,5.75,4.75,1
demersal,10^1 g,5.75,5.25,1
demersal,10^1 g,5.75,5.75,1
demersal,10^1 g,5.75,6.75,1
demersal,10^1 g,5.75,8.25,1
demersal,10^1 g,5.75,8.75,2
demersal,10^1 g,5.75,10.25,4
demersal,10^1 g,5.75,10.75,1
demersal,10^1 g,5.75,12.75,1
demersal,10^1 g,5.75,13.25,1
demersal,10^1 g,5.75,13.75,2
demersal,10^1 g,5.75,14.25,8
demersal,10^1 g,5.75,14.75,1
demersal,10^1 g,5.75,16.25,2
demersal,10^1 g,5.75,16.75,5
demersal,10^1 g,5.75,17.25,3
demersal,10^1 g,5.75,19.25,1
demersal,10^1 g,5.75,20.25,5
demersal,10^1 g,5.75,20.75,6
demersal,10^1 g,5.75,21.25,24
demersal,10^1 g,5.75,21.75,271
demersal,10^1 g,5.75,22.25,174
demersal,10^1 g,6.25,4.75,2
demersal,10^1 g,6.25,6.25,4
demersal,10^1 g,6.25,6.75,1
demersal,10^1 g,6.25,8.25,1
demersal,10^1 g,6.25,8.75,1
demersal,10^1 g,6.25,9.25,3
demersal,10^1 g,6.25,9.75,1
demersal,10^1 g,6.25,10.25,14
demersal,10^1 g,6.25,11.25,4
demersal,10^1 g,6.25,12.25,2
demersal,10^1 g,6.25,13.25,2
demersal,10^1 g,6.25,13.75,1
demersal,10^1 g,6.25,14.25,1
demersal,10^1 g,6.25,16.25,3
demersal,10^1 g,6.25,17.75,1
demersal,10^1 g,6.25,18.25,1
demersal,10^1 g,6.25,19.25,4
demersal,10^1 g,6.25,19.75,4
demersal,10^1 g,6.25,20.25,67
demersal,10^1 g,6.25,20.75,167
demersal,10^1 g,6.25,21.25,6
demersal,10^1 g,6.25,21.75,135
demersal,10^1 g,6.25,22.25,12
demersal,10^1 g,6.75,1.25,1
demersal,10^1 g,6.75,6.25,4
demersal,10^1 g,6.75,6.75,1
demersal,10^1 g,6.75,8.25,1
demersal,10^1 g,6.75,9.25,2
demersal,10^1 g,6.75,9.75,2
demersal,10^1 g,6.75,10.25,1
demersal,10^1 g,6.75,10.75,5
demersal,10^1 g,6.75,14.75,1
demersal,10^1 g,6.75,15.25,1
demersal,10^1 g,6.75,15.75,1
demersal,10^1 g,6.75,17.25,1
demersal,10^1 g,6.75,17.75,2
demersal,10^1 g,6.75,18.25,9
demersal,10^1 g,6.75,18.75,6
demersal,10^1 g,6.75,19.25,3
demersal,10^1 g,6.75,20.25,10
demersal,10^1 g,6.75,20.75,13
demersal,10^1 g,6.75,21.25,5
demersal,10^1 g,6.75,21.75,8
demersal,10^1 g,6.75,22.25,82
demersal,10^1 g,7.25,3.25,1
demersal,10^1 g,7.25,3.75,1
demersal,10^1 g,7.25,5.75,1
demersal,10^1 g,7.25,7.75,3
demersal,10^1 g,7.25,8.75,1
demersal,10^1 g,7.25,9.75,4
demersal,10^1 g,7.25,10.25,3
demersal,10^1 g,7.25,11.25,1
demersal,10^1 g,7.25,12.25,3
demersal,10^1 g,7.25,12.75,7
demersal,10^1 g,7.25,13.25,7
demersal,10^1 g,7.25,13.75,1
demersal,10^1 g,7.25,14.25,1
demersal,10^1 g,7.25,14.75,2
demersal,10^1 g,7.25,15.75,2
demersal,10^1 g,7.25,16.75,1
demersal,10^1 g,7.25,17.25,4
demersal,10^1 g,7.25,17.75,2
demersal,10^1 g,7.25,18.25,1
demersal,10^1 g,7.25,18.75,4
demersal,10^1 g,7.25,19.25,10
demersal,10^1 g,7.25,19.75,4
demersal,10^1 g,7.25,20.25,7
demersal,10^1 g,7.25,20.75,14
demersal,10^1 g,7.25,21.25,8
demersal,10^1 g,7.25,21.75,163
demersal,10^1 g,7.25,22.25,369
demersal,10^1 g,7.25,22.75,67
demersal,10^1 g,7.75,6.25,1
demersal,10^1 g,7.75,8.25,3
demersal,10^1 g,7.75,8.75,5
demersal,10^1 g,7.75,9.25,1
demersal,10^1 g,7.75,9.75,1
demersal,10^1 g,7.75,10.25,10
demersal,10^1 g,7.75,11.25,1
demersal,10^1 g,7.75,11.75,3
demersal,10^1 g,7.75,12.75,2
demersal,10^1 g,7.75,13.25,1
demersal,10^1 g,7.75,13.75,3
demersal,10^1 g,7.75,14.25,4
demersal,10^1 g,7.75,14.75,3
demersal,10^1 g,7.75,15.75,3
demersal,10^1 g,7.75,16.75,1
demersal,10^1 g,7.75,17.25,3
demersal,10^1 g,7.75,17.75,2
demersal,10^1 g,7.75,18.25,6
demersal,10^1 g,7.75,18.75,3
demersal,10^1 g,7.75,19.25,2
demersal,10^1 g,7.75,19.75,10
demersal,10^1 g,7.75,20.25,9
demersal,10^1 g,7.75,20.75,14
demersal,10^1 g,7.75,21.25,10
demersal,10^1 g,7.75,21.75,46
demersal,10^1 g,7.75,22.25,112
demersal,10^1 g,7.75,22.75,218
demersal,10^1 g,8.25,6.25,7
demersal,10^1 g,8.25,6.75,1
demersal,10^1 g,8.25,9.25,2
demersal,10^1 g,8.25,9.75,2
demersal,10^1 g,8.25,10.75,1
demersal,10^1 g,8.25,13.25,1
demersal,10^1 g,8.25,14.25,2
demersal,10^1 g,8.25,14.75,1
demersal,10^1 g,8.25,15.25,7
demersal,10^1 g,8.25,15.75,2
demersal,10^1 g,8.25,16.25,2
demersal,10^1 g,8.25,16.75,1
demersal,10^1 g,8.25,17.25,9
demersal,10^1 g,8.25,17.75,16
demersal,10^1 g,8.25,18.25,4
demersal,10^1 g,8.25,18.75,1
demersal,10^1 g,8.25,19.25,2
demersal,10^1 g,8.25,20.25,12
demersal,10^1 g,8.25,21.25,11
demersal,10^1 g,8.25,21.75,4
demersal,10^1 g,8.25,22.25,21
demersal,10^1 g,8.25,22.75,87
demersal,10^1 g,8.75,0.25,1
demersal,10^1 g,8.75,2.25,1
demersal,10^1 g,8.75,2.75,1
demersal,10^1 g,8.75,4.25,2
demersal,10^1 g,8.75,6.25,2
demersal,10^1 g,8.75,8.25,11
demersal,10^1 g,8.75,9.25,2
demersal,10^1 g,8.75,9.75,2
demersal,10^1 g,8.75,12.75,3
demersal,10^1 g,8.75,13.75,3
demersal,10^1 g,8.75,14.25,1
demersal,10^1 g,8.75,14.75,5
demersal,10^1 g,8.75,16.25,3
demersal,10^1 g,8.75,16.75,11
demersal,10^1 g,8.75,17.25,16
demersal,10^1 g,8.75,17.75,11
demersal,10^1 g,8.75,18.25,22
demersal,10^1 g,8.75,18.75,8
demersal,10^1 g,8.75,19.25,6
demersal,10^1 g,8.75,19.75,9
demersal,10^1 g,8.75,20.25,61
demersal,10^1 g,8.75,20.75,14
demersal,10^1 g,8.75,21.25,11
demersal,10^1 g,8.75,21.75,7
demersal,10^1 g,8.75,22.25,29
demersal,10^1 g,9.25,1.75,2
demersal,10^1 g,9.25,2.75,1
demersal,10^1 g,9.25,5.25,1
demersal,10^1 g,9.25,7.75,23
demersal,10^1 g,9.25,9.75,5
demersal,10^1 g,9.25,11.25,9
demersal,10^1 g,9.25,11.75,3
demersal,10^1 g,9.25,12.75,1
demersal,10^1 g,9.25,13.75,2
demersal,10^1 g,9.25,14.25,3
demersal,10^1 g,9.25,14.75,3
demersal,10^1 g,9.25,15.25,8
demersal,10^1 g,9.25,15.75,4
demersal,10^1 g,9.25,16.75,33
demersal,10^1 g,9.25,17.25,44
demersal,10^1 g,9.25,17.75,8
demersal,10^1 g,9.25,18.25,21
demersal,10^1 g,9.25,18.75,15
demersal,10^1 g,9.25,19.25,3
demersal,10^1 g,9.25,19.75,13
demersal,10^1 g,9.25,20.25,33
demersal,10^1 g,9.25,20.75,40
demersal,10^1 g,9.25,21.25,13
demersal,10^1 g,9.25,21.75,22
demersal,10^1 g,9.25,22.25,9
demersal,10^1 g,9.75,4.75,1
demersal,10^1 g,9.75,9.25,3
demersal,10^1 g,9.75,9.75,2
demersal,10^1 g,9.75,10.25,9
demersal,10^1 g,9.75,10.75,2
demersal,10^1 g,9.75,11.75,1
demersal,10^1 g,9.75,12.75,2
demersal,10^1 g,9.75,13.25,1
demersal,10^1 g,9.75,14.25,1
demersal,10^1 g,9.75,14.75,47
demersal,10^1 g,9.75,15.25,11
demersal,10^1 g,9.75,15.75,8
demersal,10^1 g,9.75,16.25,2
demersal,10^1 g,9.75,16.75,2
demersal,10^1 g,9.75,17.25,20
demersal,10^1 g,9.75,17.75,60
demersal,10^1 g,9.75,18.25,3
demersal,10^1 g,9.75,19.25,8
demersal,10^1 g,9.75,19.75,11
demersal,10^1 g,9.75,20.25,5
demersal,10^1 g,9.75,20.75,39
demersal,10^1 g,9.75,21.25,19
demersal,10^1 g,9.75,21.75,128
demersal,10^1 g,9.75,22.25,3
demersal,10^1 g,10.25,2.25,1
demersal,10^1 g,10.25,5.75,2
demersal,10^1 g,10.25,8.25,1
demersal,10^1 g,10.25,8.75,1
demersal,10^1 g,10.25,9.75,1
demersal,10^1 g,10.25,11.75,5
demersal,10^1 g,10.25,12.25,1
demersal,10^1 g,10.25,12.75,1
demersal,10^1 g,10.25,13.25,2
demersal,10^1 g,10.25,13.75,2
demersal,10^1 g,10.25,14.25,8
demersal,10^1 g,10.25,14.75,1
demersal,10^1 g,10.25,15.25,20
demersal,10^1 g,10.25,15.75,24
demersal,10^1 g,10.25,16.25,17
demersal,10^1 g,10.25,16.75,6
demersal,10^1 g,10.25,17.25,18
demersal,10^1 g,10.25,17.75,22
demersal,10^1 g,10.25,18.25,14
demersal,10^1 g,10.25,19.25,1
demersal,10^1 g,10.25,19.75,19
demersal,10^1 g,10.25,20.25,2
demersal,10^1 g,10.25,20.75,35
demersal,10^1 g,10.25,21.25,33
demersal,10^1 g,10.25,21.75,181
demersal,10^1 g,10.25,22.25,20
demersal,10^1 g,10.75,2.25,1
demersal,10^1 g,10.75,6.25,3
demersal,10^1 g,10.75,8.75,4
demersal,10^1 g,10.75,9.25,4
demersal,10^1 g,10.75,9.75,4
demersal,10^1 g,10.75,10.75,1
demersal,10^1 g,10.75,11.25,1
demersal,10^1 g,10.75,12.75,1
demersal,10^1 g,10.75,13.75,1
demersal,10^1 g,10.75,14.25,5
demersal,10^1 g,10.75,14.75,11
demersal,10^1 g,10.75,15.25,20
demersal,10^1 g,10.75,15.75,11
demersal,10^1 g,10.75,16.25,6
demersal,10^1 g,10.75,16.75,6
demersal,10^1 g,10.75,17.25,4
demersal,10^1 g,10.75,17.75,2
demersal,10^1 g,10.75,18.25,57
demersal,10^1 g,10.75,18.75,7
demersal,10^1 g,10.75,19.25,6
demersal,10^1 g,10.75,19.75,14
demersal,10^1 g,10.75,20.25,63
demersal,10^1 g,10.75,20.75,10
demersal,10^1 g,10.75,21.25,60
demersal,10^1 g,10.75,21.75,327
demersal,10^1 g,10.75,22.75,9
demersal,10^1 g,11.25,4.75,4
demersal,10^1 g,11.25,6.75,1
demersal,10^1 g,11.25,7.25,2
demersal,10^1 g,11.25,12.75,1
demersal,10^1 g,11.25,13.25,1
demersal,10^1 g,11.25,14.25,1
demersal,10^1 g,11.25,15.25,21
demersal,10^1 g,11.25,15.75,24
demersal,10^1 g,11.25,16.25,29
demersal,10^1 g,11.25,16.75,1
demersal,10^1 g,11.25,17.25,12
demersal,10^1 g,11.25,17.75,4
demersal,10^1 g,11.25,18.25,6
demersal,10^1 g,11.25,18.75,22
demersal,10^1 g,11.25,19.25,3
demersal,10^1 g,11.25,19.75,1
demersal,10^1 g,11.25,20.25,63
demersal,10^1 g,11.25,20.75,55
demersal,10^1 g,11.25,21.25,37
demersal,10^1 g,11.25,21.75,252
demersal,10^1 g,11.25,22.25,10
demersal,10^1 g,11.25,22.75,3
demersal,10^1 g,11.75,3.75,1
demersal,10^1 g,11.75,4.25,1
demersal,10^1 g,11.75,6.25,1
demersal,10^1 g,11.75,8.75,1
demersal,10^1 g,11.75,9.75,6
demersal,10^1 g,11.75,10.25,2
demersal,10^1 g,11.75,11.75,4
demersal,10^1 g,11.75,12.75,2
demersal,10^1 g,11.75,13.25,1
demersal,10^1 g,11.75,13.75,2
demersal,10^1 g,11.75,14.25,6
demersal,10^1 g,11.75,14.75,7
demersal,10^1 g,11.75,15.25,30
demersal,10^1 g,11.75,15.75,10
demersal,10^1 g,11.75,16.25,15
demersal,10^1 g,11.75,16.75,20
demersal,10^1 g,11.75,17.25,2
demersal,10^1 g,11.75,17.75,9
demersal,10^1 g,11.75,18.25,16
demersal,10^1 g,11.75,18.75,3
demersal,10^1 g,11.75,19.25,17
demersal,10^1 g,11.75,19.75,4
demersal,10^1 g,11.75,20.25,18
demersal,10^1 g,11.75,20.75,2
demersal,10^1 g,11.75,21.25,63
demersal,10^1 g,11.75,21.75,67
demersal,10^1 g,11.75,22.25,7
demersal,10^1 g,12.25,2.25,1
demersal,10^1 g,12.25,3.75,2
demersal,10^1 g,12.25,5.25,1
demersal,10^1 g,12.25,5.75,1
demersal,10^1 g,12.25,9.25,1
demersal,10^1 g,12.25,9.75,1
demersal,10^1 g,12.25,10.75,1
demersal,10^1 g,12.25,11.25,1
demersal,10^1 g,12.25,13.75,4
demersal,10^1 g,12.25,15.25,3
demersal,10^1 g,12.25,15.75,7
demersal,10^1 g,12.25,16.25,41
demersal,10^1 g,12.25,16.75,24
demersal,10^1 g,12.25,17.25,9
demersal,10^1 g,12.25,17.75,1
demersal,10^1 g,12.25,18.25,24
demersal,10^1 g,12.25,19.25,1
demersal,10^1 g,12.25,19.75,5
demersal,10^1 g,12.25,20.25,6
demersal,10^1 g,12.25,20.75,1
demersal,10^1 g,12.25,21.25,173
demersal,10^1 g,12.25,21.75,172
demersal,10^1 g,12.25,22.25,39
demersal,10^1 g,12.75,2.75,3
demersal,10^1 g,12.75,9.75,2
demersal,10^1 g,12.75,13.75,1
demersal,10^1 g,12.75,14.25,2
demersal,10^1 g,12.75,14.75,1
demersal,10^1 g,12.75,15.25,47
demersal,10^1 g,12.75,15.75,1
demersal,10^1 g,12.75,16.25,12
demersal,10^1 g,12.75,16.75,6
demersal,10^1 g,12.75,17.25,6
demersal,10^1 g,12.75,17.75,6
demersal,10^1 g,12.75,18.25,4
demersal,10^1 g,12.75,18.75,8
demersal,10^1 g,12.75,19.25,24
demersal,10^1 g,12.75,19.75,1
demersal,10^1 g,12.75,20.25,3
demersal,10^1 g,12.75,20.75,7
demersal,10^1 g,12.75,21.75,47
demersal,10^1 g,12.75,22.25,212
demersal,10^1 g,13.25,2.75,1
demersal,10^1 g,13.25,6.75,2
demersal,10^1 g,13.25,7.75,2
demersal,10^1 g,13.25,9.25,1
demersal,10^1 g,13.25,9.75,1
demersal,10^1 g,13.25,10.25,7
demersal,10^1 g,13.25,11.25,8
demersal,10^1 g,13.25,12.75,3
demersal,10^1 g,13.25,13.75,7
demersal,10^1 g,13.25,15.75,34
demersal,10^1 g,13.25,16.25,6
demersal,10^1 g,13.25,16.75,17
demersal,10^1 g,13.25,17.25,7
demersal,10^1 g,13.25,17.75,20
demersal,10^1 g,13.25,18.25,6
demersal,10^1 g,13.25,18.75,3
demersal,10^1 g,13.25,19.25,86
demersal,10^1 g,13.25,19.75,17
demersal,10^1 g,13.25,20.75,3
demersal,10^1 g,13.25,21.25,1
demersal,10^1 g,13.25,21.75,1
demersal,10^1 g,13.25,22.25,2
demersal,10^1 g,13.75,1.75,2
demersal,10^1 g,13.75,5.25,1
demersal,10^1 g,13.75,8.25,1
demersal,10^1 g,13.75,10.75,1
demersal,10^1 g,13.75,13.75,2
demersal,10^1 g,13.75,15.25,4
demersal,10^1 g,13.75,15.75,1
demersal,10^1 g,13.75,16.25,7
demersal,10^1 g,13.75,16.75,1
demersal,10^1 g,13.75,17.25,13
demersal,10^1 g,13.75,17.75,2
demersal,10^1 g,13.75,18.25,7
demersal,10^1 g,13.75,18.75,7
demersal,10^1 g,13.75,19.25,18
demersal,10^1 g,13.75,19.75,74
demersal,10^1 g,13.75,20.25,47
demersal,10^1 g,13.75,20.75,3
demersal,10^1 g,13.75,21.25,1
demersal,10^1 g,13.75,21.75,1
demersal,10^1 g,13.75,22.25,14
demersal,10^1 g,14.25,3.25,1
demersal,10^1 g,14.25,9.25,1
demersal,10^1 g,14.25,10.25,9
demersal,10^1 g,14.25,11.25,2
demersal,10^1 g,14.25,11.75,3
demersal,10^1 g,14.25,12.75,3
demersal,10^1 g,14.25,13.25,1
demersal,10^1 g,14.25,14.75,1
demersal,10^1 g,14.25,15.25,2
demersal,10^1 g,14.25,15.75,31
demersal,10^1 g,14.25,16.75,3
demersal,10^1 g,14.25,17.25,1
demersal,10^1 g,14.25,17.75,2
demersal,10^1 g,14.25,18.25,11
demersal,10^1 g,14.25,18.75,10
demersal,10^1 g,14.25,19.25,44
demersal,10^1 g,14.25,19.75,36
demersal,10^1 g,14.25,20.25,80
demersal,10^1 g,14.25,20.75,53
demersal,10^1 g,14.25,21.25,13
demersal,10^1 g,14.25,21.75,46
demersal,10^1 g,14.25,22.25,6
demersal,10^1 g,14.75,2.75,1
demersal,10^1 g,14.75,3.75,3
demersal,10^1 g,14.75,7.75,2
demersal,10^1 g,14.75,9.75,3
demersal,10^1 g,14.75,12.25,1
demersal,10^1 g,14.75,13.25,1
demersal,10^1 g,14.75,14.25,2
demersal,10^1 g,14.75,14.75,3
demersal,10^1 g,14.75,15.25,1
demersal,10^1 g,14.75,15.75,5
demersal,10^1 g,14.75,16.75,4
demersal,10^1 g,14.75,17.25,1
demersal,10^1 g,14.75,18.25,26
demersal,10^1 g,14.75,18.75,3
demersal,10^1 g,14.75,19.25,7
demersal,10^1 g,14.75,19.75,32
demersal,10^1 g,14.75,20.25,25
demersal,10^1 g,14.75,20.75,74
demersal,10^1 g,14.75,21.25,173
demersal,10^1 g,14.75,21.75,88
demersal,10^1 g,15.25,3.75,1
demersal,10^1 g,15.25,4.25,1
demersal,10^1 g,15.25,8.25,2
demersal,10^1 g,15.25,11.75,1
demersal,10^1 g,15.25,12.75,4
demersal,10^1 g,15.25,13.75,1
demersal,10^1 g,15.25,14.75,2
demersal,10^1 g,15.25,15.75,1
demersal,10^1 g,15.25,16.25,5
demersal,10^1 g,15.25,16.75,7
demersal,10^1 g,15.25,18.75,19
demersal,10^1 g,15.25,19.25,6
demersal,10^1 g,15.25,19.75,12
demersal,10^1 g,15.25,20.25,8
demersal,10^1 g,15.25,20.75,9
demersal,10^1 g,15.25,21.25,121
demersal,10^1 g,15.25,21.75,30
demersal,10^1 g,15.25,22.25,13
demersal,10^1 g,15.75,4.25,1
demersal,10^1 g,15.75,4.75,1
demersal,10^1 g,15.75,6.75,1
demersal,10^1 g,15.75,7.75,1
demersal,10^1 g,15.75,8.75,1
demersal,10^1 g,15.75,9.25,1
demersal,10^1 g,15.75,9.75,3
demersal,10^1 g,15.75,10.75,1
demersal,10^1 g,15.75,12.25,1
demersal,10^1 g,15.75,12.75,1
demersal,10^1 g,15.75,15.25,1
demersal,10^1 g,15.75,16.25,3
demersal,10^1 g,15.75,16.75,7
demersal,10^1 g,15.75,17.75,5
demersal,10^1 g,15.75,18.75,11
demersal,10^1 g,15.75,19.25,6
demersal,10^1 g,15.75,19.75,17
demersal,10^1 g,15.75,20.75,6
demersal,10^1 g,15.75,21.25,154
demersal,10^1 g,15.75,21.75,16
demersal,10^1 g,15.75,22.25,2
demersal,10^1 g,16.25,6.75,1
demersal,10^1 g,16.25,8.25,1
demersal,10^1 g,16.25,8.75,1
demersal,10^1 g,16.25,9.75,3
demersal,10^1 g,16.25,10.25,6
demersal,10^1 g,16.25,13.25,1
demersal,10^1 g,16.25,14.25,1
demersal,10^1 g,16.25,14.75,1
demersal,10^1 g,16.25,15.25,6
demersal,10^1 g,16.25,15.75,1
demersal,10^1 g,16.25,16.25,4
demersal,10^1 g,16.25,16.75,2
demersal,10^1 g,16.25,19.25,2
demersal,10^1 g,16.25,20.25,21
demersal,10^1 g,16.25,20.75,12
demersal,10^1 g,16.25,21.25,69
demersal,10^1 g,16.25,22.75,7
demersal,10^1 g,16.75,10.25,1
demersal,10^1 g,16.75,11.25,4
demersal,10^1 g,16.75,11.75,2
demersal,10^1 g,16.75,12.75,10
demersal,10^1 g,16.75,13.25,1
demersal,10^1 g,16.75,13.75,3
demersal,10^1 g,16.75,14.25,3
demersal,10^1 g,16.75,15.25,1
demersal,10^1 g,16.75,15.75,8
demersal,10^1 g,16.75,16.25,2
demersal,10^1 g,16.75,16.75,4
demersal,10^1 g,16.75,17.25,2
demersal,10^1 g,16.75,17.75,17
demersal,10^1 g,16.75,18.75,2
demersal,10^1 g,16.75,19.25,4
demersal,10^1 g,16.75,19.75,2
demersal,10^1 g,16.75,20.25,24
demersal,10^1 g,16.75,20.75,10
demersal,10^1 g,16.75,21.25,5
demersal,10^1 g,16.75,21.75,6
demersal,10^1 g,16.75,22.25,3
demersal,10^1 g,16.75,22.75,3
demersal,10^1 g,17.25,11.75,1
demersal,10^1 g,17.25,12.75,2
demersal,10^1 g,17.25,14.75,1
demersal,10^1 g,17.25,15.25,2
demersal,10^1 g,17.25,15.75,1
demersal,10^1 g,17.25,16.25,33
demersal,10^1 g,17.25,16.75,3
demersal,10^1 g,17.25,17.25,32
demersal,10^1 g,17.25,18.25,1
demersal,10^1 g,17.25,19.25,3
demersal,10^1 g,17.25,20.25,7
demersal,10^1 g,17.25,20.75,19
demersal,10^1 g,17.25,21.25,10
demersal,10^1 g,17.25,21.75,1
demersal,10^1 g,17.25,22.25,1
demersal,10^1 g,17.75,14.25,1
demersal,10^1 g,17.75,15.25,4
demersal,10^1 g,17.75,15.75,1
demersal,10^1 g,17.75,16.25,2
demersal,10^1 g,17.75,17.25,17
demersal,10^1 g,17.75,17.75,17
demersal,10^1 g,17.75,18.25,1
demersal,10^1 g,17.75,19.25,1
demersal,10^1 g,17.75,20.75,11
demersal,10^1 g,17.75,21.25,25
demersal,10^1 g,17.75,21.75,1
demersal,10^1 g,18.25,5.25,1
demersal,10^1 g,18.25,10.75,6
demersal,10^1 g,18.25,11.25,1
demersal,10^1 g,18.25,13.25,1
demersal,10^1 g,18.25,13.75,2
demersal,10^1 g,18.25,14.75,2
demersal,10^1 g,18.25,15.25,3
demersal,10^1 g,18.25,16.75,9
demersal,10^1 g,18.25,17.25,6
demersal,10^1 g,18.25,17.75,24
demersal,10^1 g,18.25,18.25,7
demersal,10^1 g,18.25,19.75,7
demersal,10^1 g,18.25,20.75,14
demersal,10^1 g,18.25,21.25,67
demersal,10^1 g,18.25,21.75,26
demersal,10^1 g,18.25,22.25,7
demersal,10^1 g,18.75,10.25,1
demersal,10^1 g,18.75,11.25,2
demersal,10^1 g,18.75,12.25,3
demersal,10^1 g,18.75,12.75,2
demersal,10^1 g,18.75,13.25,2
demersal,10^1 g,18.75,14.75,3
demersal,10^1 g,18.75,15.25,1
demersal,10^1 g,18.75,16.75,7
demersal,10^1 g,18.75,17.75,9
demersal,10^1 g,18.75,18.75,1
demersal,10^1 g,18.75,19.25,1
demersal,10^1 g,18.75,20.25,1
demersal,10^1 g,18.75,21.25,76
demersal,10^1 g,18.75,21.75,58
demersal,10^1 g,18.75,22.25,9
demersal,10^1 g,19.25,5.75,1
demersal,10^1 g,19.25,11.75,1
demersal,10^1 g,19.25,13.25,5
demersal,10^1 g,19.25,14.25,3
demersal,10^1 g,19.25,14.75,2
demersal,10^1 g,19.25,15.75,3
demersal,10^1 g,19.25,17.75,2
demersal,10^1 g,19.25,18.75,6
demersal,10^1 g,19.25,19.25,1
demersal,10^1 g,19.25,21.25,36
demersal,10^1 g,19.25,21.75,8
demersal,10^1 g,19.25,22.25,21
demersal,10^1 g,19.25,22.75,1
demersal,10^1 g,19.75,11.75,1
demersal,10^1 g,19.75,15.75,1
demersal,10^1 g,19.75,16.75,9
demersal,10^1 g,19.75,17.75,1
demersal,10^1 g,19.75,18.25,21
demersal,10^1 g,19.75,19.25,1
demersal,10^1 g,19.75,21.75,13
demersal,10^1 g,19.75,22.25,19
demersal,10^1 g,19.75,22.75,8
demersal,10^1 g,20.25,11.75,3
demersal,10^1 g,20.25,12.25,6
demersal,10^1 g,20.25,12.75,15
demersal,10^1 g,20.25,14.75,4
demersal,10^1 g,20.25,15.75,2
demersal,10^1 g,20.25,16.25,8
demersal,10^1 g,20.25,16.75,1
demersal,10^1 g,20.25,17.75,53
demersal,10^1 g,20.25,18.25,16
demersal,10^1 g,20.25,19.25,1
demersal,10^1 g,20.25,20.25,4
demersal,10^1 g,20.25,20.75,1
demersal,10^1 g,20.25,21.25,14
demersal,10^1 g,20.25,21.75,11
demersal,10^1 g,20.25,22.25,7
demersal,10^1 g,20.25,22.75,7
demersal,10^1 g,20.75,10.75,1
demersal,10^1 g,20.75,13.75,5
demersal,10^1 g,20.75,14.25,3
demersal,10^1 g,20.75,15.75,3
demersal,10^1 g,20.75,16.25,1
demersal,10^1 g,20.75,17.25,1
demersal,10^1 g,20.75,18.25,8
demersal,10^1 g,20.75,19.25,4
demersal,10^1 g,20.75,19.75,1
demersal,10^1 g,20.75,20.75,2
demersal,10^1 g,20.75,21.25,1
demersal,10^1 g,20.75,21.75,3
demersal,10^1 g,20.75,22.25,21
demersal,10^1 g,20.75,22.75,5
demersal,10^1 g,21.25,15.75,1
demersal,10^1 g,21.25,16.25,1
demersal,10^1 g,21.25,17.25,3
demersal,10^1 g,21.25,18.25,1
demersal,10^1 g,21.25,18.75,5
demersal,10^1 g,21.25,19.75,1
demersal,10^1 g,21.25,20.75,1
demersal,10^1 g,21.25,21.25,3
demersal,10^1 g,21.25,21.75,2
demersal,10^1 g,21.25,22.25,23
demersal,10^1 g,21.75,7.25,1
demersal,10^1 g,21.75,11.25,1
demersal,10^1 g,21.75,13.75,24
demersal,10^1 g,21.75,14.25,11
demersal,10^1 g,21.75,16.25,2
demersal,10^1 g,21.75,18.75,2
demersal,10^1 g,21.75,19.25,1
demersal,10^1 g,21.75,20.25,8
demersal,10^1 g,21.75,21.25,15
demersal,10^1 g,21.75,21.75,35
demersal,10^1 g,21.75,22.25,4
demersal,10^1 g,22.25,12.25,2
demersal,10^1 g,22.25,13.75,13
demersal,10^1 g,22.25,15.75,9
demersal,10^1 g,22.25,16.75,8
demersal,10^1 g,22.25,17.25,1
demersal,10^1 g,22.25,17.75,1
demersal,10^1 g,22.25,19.75,1
demersal,10^1 g,22.25,20.25,190
demersal,10^1 g,22.25,20.75,38
demersal,10^1 g,22.25,21.75,2
demersal,10^1 g,22.25,22.25,1
demersal,10^1 g,22.25,25.25,18
demersal,10^1 g,22.75,10.25,3
demersal,10^1 g,22.75,14.25,1
demersal,10^1 g,22.75,16.75,5
demersal,10^1 g,22.75,17.25,2
demersal,10^1 g,22.75,17.75,3
demersal,10^1 g,22.75,19.25,2
demersal,10^1 g,22.75,20.75,53
demersal,10^1 g,22.75,21.25,1
demersal,10^1 g,22.75,21.75,8
demersal,10^1 g,22.75,23.25,3
demersal,10^1 g,23.25,7.75,1
demersal,10^1 g,23.25,9.75,1
demersal,10^1 g,23.25,10.75,1
demersal,10^1 g,23.25,12.25,4
demersal,10^1 g,23.25,16.25,9
demersal,10^1 g,23.25,17.25,4
demersal,10^1 g,23.25,17.75,3
demersal,10^1 g,23.25,19.25,9
demersal,10^1 g,23.25,19.75,96
demersal,10^1 g,23.25,20.75,84
demersal,10^1 g,23.25,21.25,78
demersal,10^1 g,23.25,21.75,7
demersal,10^1 g,23.25,22.25,83
demersal,10^1 g,23.25,22.75,5
demersal,10^1 g,23.75,11.25,1
demersal,10^1 g,23.75,12.75,1
demersal,10^1 g,23.75,16.25,20
demersal,10^1 g,23.75,16.75,12
demersal,10^1 g,23.75,17.75,4
demersal,10^1 g,23.75,18.25,9
demersal,10^1 g,23.75,18.75,13
demersal,10^1 g,23.75,19.75,8
demersal,10^1 g,23.75,20.25,25
demersal,10^1 g,23.75,20.75,21
demersal,10^1 g,23.75,21.25,1
demersal,10^1 g,23.75,21.75,6
demersal,10^1 g,23.75,22.25,30
demersal,10^1 g,23.75,22.75,406
demersal,10^1 g,24.25,10.25,5
demersal,10^1 g,24.25,16.25,4
demersal,10^1 g,24.25,16.75,4
demersal,10^1 g,24.25,17.25,30
demersal,10^1 g,24.25,17.75,47
demersal,10^1 g,24.25,18.25,4
demersal,10^1 g,24.25,18.75,2
demersal,10^1 g,24.25,19.25,41
demersal,10^1 g,24.25,19.75,9
demersal,10^1 g,24.25,20.25,17
demersal,10^1 g,24.25,20.75,13
demersal,10^1 g,24.25,21.25,23
demersal,10^1 g,24.25,21.75,27
demersal,10^1 g,24.25,22.25,1
demersal,10^1 g,24.75,8.75,1
demersal,10^1 g,24.75,10.75,3
demersal,10^1 g,24.75,11.25,3
demersal,10^1 g,24.75,11.75,3
demersal,10^1 g,24.75,13.75,2
demersal,10^1 g,24.75,14.25,1
demersal,10^1 g,24.75,15.75,1
demersal,10^1 g,24.75,16.25,3
demersal,10^1 g,24.75,16.75,1
demersal,10^1 g,24.75,17.75,14
demersal,10^1 g,24.75,18.25,12
demersal,10^1 g,24.75,18.75,16
demersal,10^1 g,24.75,19.25,15
demersal,10^1 g,24.75,19.75,93
demersal,10^1 g,24.75,20.25,62
demersal,10^1 g,24.75,20.75,74
demersal,10^1 g,24.75,21.25,28
demersal,10^1 g,24.75,21.75,48
demersal,10^1 g,24.75,22.25,1
demersal,10^1 g,25.25,9.25,5
demersal,10^1 g,25.25,11.25,1
demersal,10^1 g,25.25,12.25,1
demersal,10^1 g,25.25,13.75,1
demersal,10^1 g,25.25,15.75,2
demersal,10^1 g,25.25,16.25,1
demersal,10^1 g,25.25,16.75,2
demersal,10^1 g,25.25,17.25,1
demersal,10^1 g,25.25,17.75,1
demersal,10^1 g,25.25,18.25,4
demersal,10^1 g,25.25,18.75,11
demersal,10^1 g,25.25,19.25,12
demersal,10^1 g,25.25,19.75,32
demersal,10^1 g,25.25,20.25,12
demersal,10^1 g,25.25,20.75,82
demersal,10^1 g,25.25,21.25,117
demersal,10^1 g,25.25,21.75,69
demersal,10^1 g,25.25,22.25,5
demersal,10^1 g,25.75,10.25,2
demersal,10^1 g,25.75,11.25,24
demersal,10^1 g,25.75,12.25,5
demersal,10^1 g,25.75,12.75,1
demersal,10^1 g,25.75,14.25,1
demersal,10^1 g,25.75,15.25,4
demersal,10^1 g,25.75,16.25,1
demersal,10^1 g,25.75,16.75,2
demersal,10^1 g,25.75,17.25,2
demersal,10^1 g,25.75,18.25,1
demersal,10^1 g,25.75,18.75,6
demersal,10^1 g,25.75,19.25,19
demersal,10^1 g,25.75,19.75,28
demersal,10^1 g,25.75,20.25,49
demersal,10^1 g,25.75,20.75,87
demersal,10^1 g,25.75,21.25,51
demersal,10^1 g,25.75,21.75,28
demersal,10^1 g,25.75,22.25,5
demersal,10^1 g,26.25,13.75,6
demersal,10^1 g,26.25,14.75,4
demersal,10^1 g,26.25,15.75,7
demersal,10^1 g,26.25,16.25,5
demersal,10^1 g,26.25,16.75,9
demersal,10^1 g,26.25,17.25,2
demersal,10^1 g,26.25,17.75,3
demersal,10^1 g,26.25,18.25,1
demersal,10^1 g,26.25,19.25,8
demersal,10^1 g,26.25,19.75,5
demersal,10^1 g,26.25,20.25,65
demersal,10^1 g,26.25,20.75,119
demersal,10^1 g,26.25,21.25,159
demersal,10^1 g,26.25,21.75,22
demersal,10^1 g,26.25,22.25,116
demersal,10^1 g,26.75,11.25,2
demersal,10^1 g,26.75,12.25,3
demersal,10^1 g,26.75,12.75,8
demersal,10^1 g,26.75,14.25,1
demersal,10^1 g,26.75,14.75,5
demersal,10^1 g,26.75,15.75,1
demersal,10^1 g,26.75,16.25,1
demersal,10^1 g,26.75,16.75,4
demersal,10^1 g,26.75,17.25,7
demersal,10^1 g,26.75,17.75,12
demersal,10^1 g,26.75,18.25,9
demersal,10^1 g,26.75,18.75,2
demersal,10^1 g,26.75,19.25,1
demersal,10^1 g,26.75,19.75,6
demersal,10^1 g,26.75,20.25,9
demersal,10^1 g,26.75,20.75,458
demersal,10^1 g,26.75,21.25,62
demersal,10^1 g,26.75,21.75,552
demersal,10^1 g,27.25,10.25,1
demersal,10^1 g,27.25,10.75,3
demersal,10^1 g,27.25,13.25,1
demersal,10^1 g,27.25,13.75,11
demersal,10^1 g,27.25,15.25,1
demersal,10^1 g,27.25,16.25,6
demersal,10^1 g,27.25,16.75,10
demersal,10^1 g,27.25,17.25,17
demersal,10^1 g,27.25,17.75,67
demersal,10^1 g,27.25,18.25,7
demersal,10^1 g,27.25,18.75,11
demersal,10^1 g,27.25,19.25,52
demersal,10^1 g,27.25,19.75,21
demersal,10^1 g,27.25,20.25,10
demersal,10^1 g,27.25,20.75,182
demersal,10^1 g,27.25,21.25,865
demersal,10^1 g,27.25,21.75,101
demersal,10^1 g,27.25,22.25,1
demersal,10^1 g,27.75,11.25,1
demersal,10^1 g,27.75,12.75,1
demersal,10^1 g,27.75,14.25,35
demersal,10^1 g,27.75,16.25,13
demersal,10^1 g,27.75,16.75,3
demersal,10^1 g,27.75,17.25,2
demersal,10^1 g,27.75,17.75,14
demersal,10^1 g,27.75,18.25,15
demersal,10^1 g,27.75,18.75,2
demersal,10^1 g,27.75,19.25,12
demersal,10^1 g,27.75,19.75,732
demersal,10^1 g,27.75,20.25,25
demersal,10^1 g,27.75,20.75,1036
demersal,10^1 g,27.75,21.25,183
demersal,10^1 g,27.75,21.75,928
demersal,10^1 g,27.75,22.25,19
demersal,10^1 g,28.25,18.25,2
demersal,10^1 g,28.25,18.75,7
demersal,10^1 g,28.25,19.25,2
demersal,10^1 g,28.25,19.75,4
demersal,10^1 g,28.25,20.25,121
demersal,10^1 g,28.25,20.75,2
demersal,10^1 g,28.25,21.25,139
demersal,10^1 g,28.25,21.75,20
demersal,10^1 g,28.25,22.25,1
demersal,10^1 g,28.75,19.75,1
demersal,10^1 g,28.75,20.25,6
demersal,10^1 g,28.75,20.75,24
demersal,10^1 g,28.75,21.25,27
demersal,10^1 g,28.75,21.75,6
demersal,10^1 g,28.75,22.25,1
demersal,10^1 g,29.25,19.75,1
demersal,10^1 g,29.25,21.25,29
demersal,10^1 g,29.25,21.75,89
demersal,10^1 g,29.25,22.25,7
demersal,10^1 g,29.75,20.75,1
demersal,10^1 g,29.75,21.75,9
demersal,10^2 g,0.25,8.75,3
demersal,10^2 g,0.25,12.25,9
demersal,10^2 g,0.25,12.75,3
demersal,10^2 g,0.25,13.25,32
demersal,10^2 g,0.25,13.75,16
demersal,10^2 g,0.25,14.25,21
demersal,10^2 g,0.25,14.75,18
demersal,10^2 g,0.25,15.25,25
demersal,10^2 g,0.25,15.75,47
demersal,10^2 g,0.25,16.25,34
demersal,10^2 g,0.25,16.75,32
demersal,10^2 g,0.25,17.25,228
demersal,10^2 g,0.25,17.75,282
demersal,10^2 g,0.25,18.25,1086
demersal,10^2 g,0.25,18.75,1449
demersal,10^2 g,0.25,19.25,1839
demersal,10^2 g,0.25,19.75,2155
demersal,10^2 g,0.25,20.25,485
demersal,10^2 g,0.25,20.75,175
demersal,10^2 g,0.25,21.25,217
demersal,10^2 g,0.25,21.75,20
demersal,10^2 g,0.25,22.25,5
demersal,10^2 g,0.25,22.75,2
demersal,10^2 g,0.75,11.75,4
demersal,10^2 g,0.75,12.25,4
demersal,10^2 g,0.75,12.75,21
demersal,10^2 g,0.75,13.25,28
demersal,10^2 g,0.75,13.75,14
demersal,10^2 g,0.75,14.25,11
demersal,10^2 g,0.75,14.75,6
demersal,10^2 g,0.75,15.25,2
demersal,10^2 g,0.75,16.25,2
demersal,10^2 g,0.75,16.75,18
demersal,10^2 g,0.75,17.25,6
demersal,10^2 g,0.75,17.75,196
demersal,10^2 g,0.75,18.25,553
demersal,10^2 g,0.75,18.75,425
demersal,10^2 g,0.75,19.25,365
demersal,10^2 g,0.75,19.75,429
demersal,10^2 g,0.75,20.25,203
demersal,10^2 g,0.75,20.75,83
demersal,10^2 g,0.75,21.25,2
demersal,10^2 g,0.75,21.75,2
demersal,10^2 g,0.75,22.25,1
demersal,10^2 g,1.25,9.25,1
demersal,10^2 g,1.25,11.75,5
demersal,10^2 g,1.25,12.25,6
demersal,10^2 g,1.25,12.75,10
demersal,10^2 g,1.25,13.25,6
demersal,10^2 g,1.25,13.75,8
demersal,10^2 g,1.25,14.25,10
demersal,10^2 g,1.25,14.75,3
demersal,10^2 g,1.25,15.25,1
demersal,10^2 g,1.25,15.75,1
demersal,10^2 g,1.25,16.75,17
demersal,10^2 g,1.25,17.25,13
demersal,10^2 g,1.25,17.75,56
demersal,10^2 g,1.25,18.25,36
demersal,10^2 g,1.25,18.75,151
demersal,10^2 g,1.25,19.25,535
demersal,10^2 g,1.25,19.75,507
demersal,10^2 g,1.25,20.25,337
demersal,10^2 g,1.25,20.75,54
demersal,10^2 g,1.25,21.25,12
demersal,10^2 g,1.25,21.75,1
demersal,10^2 g,1.25,22.25,2
demersal,10^2 g,1.25,22.75,15
demersal,10^2 g,1.75,4.75,1
demersal,10^2 g,1.75,5.25,3
demersal,10^2 g,1.75,5.75,2
demersal,10^2 g,1.75,6.75,10
demersal,10^2 g,1.75,7.25,4
demersal,10^2 g,1.75,9.75,2
demersal,10^2 g,1.75,10.25,1
demersal,10^2 g,1.75,11.25,5
demersal,10^2 g,1.75,11.75,12
demersal,10^2 g,1.75,12.25,12
demersal,10^2 g,1.75,12.75,8
demersal,10^2 g,1.75,13.25,39
demersal,10^2 g,1.75,13.75,2
demersal,10^2 g,1.75,15.75,2
demersal,10^2 g,1.75,17.25,10
demersal,10^2 g,1.75,17.75,81
demersal,10^2 g,1.75,18.25,24
demersal,10^2 g,1.75,18.75,136
demersal,10^2 g,1.75,19.25,279
demersal,10^2 g,1.75,19.75,229
demersal,10^2 g,1.75,20.25,411
demersal,10^2 g,1.75,20.75,198
demersal,10^2 g,1.75,21.25,10
demersal,10^2 g,1.75,21.75,11
demersal,10^2 g,2.25,2.75,1
demersal,10^2 g,2.25,3.25,4
demersal,10^2 g,2.25,4.75,1
demersal,10^2 g,2.25,5.25,2
demersal,10^2 g,2.25,6.25,2
demersal,10^2 g,2.25,6.75,4
demersal,10^2 g,2.25,7.25,1
demersal,10^2 g,2.25,9.75,7
demersal,10^2 g,2.25,10.25,3
demersal,10^2 g,2.25,10.75,1
demersal,10^2 g,2.25,11.25,14
demersal,10^2 g,2.25,11.75,29
demersal,10^2 g,2.25,12.25,7
demersal,10^2 g,2.25,12.75,1
demersal,10^2 g,2.25,13.25,6
demersal,10^2 g,2.25,13.75,7
demersal,10^2 g,2.25,14.75,2
demersal,10^2 g,2.25,15.25,10
demersal,10^2 g,2.25,15.75,14
demersal,10^2 g,2.25,16.75,1
demersal,10^2 g,2.25,17.25,7
demersal,10^2 g,2.25,17.75,49
demersal,10^2 g,2.25,18.25,131
demersal,10^2 g,2.25,18.75,191
demersal,10^2 g,2.25,19.25,73
demersal,10^2 g,2.25,19.75,146
demersal,10^2 g,2.25,20.25,340
demersal,10^2 g,2.25,20.75,42
demersal,10^2 g,2.25,21.25,29
demersal,10^2 g,2.25,21.75,17
demersal,10^2 g,2.25,22.25,1
demersal,10^2 g,2.25,22.75,3
demersal,10^2 g,2.25,23.25,5
demersal,10^2 g,2.75,2.75,3
demersal,10^2 g,2.75,3.75,1
demersal,10^2 g,2.75,7.25,1
demersal,10^2 g,2.75,8.75,1
demersal,10^2 g,2.75,9.75,2
demersal,10^2 g,2.75,10.25,4
demersal,10^2 g,2.75,10.75,5
demersal,10^2 g,2.75,11.25,3
demersal,10^2 g,2.75,11.75,7
demersal,10^2 g,2.75,12.25,8
demersal,10^2 g,2.75,12.75,3
demersal,10^2 g,2.75,13.25,8
demersal,10^2 g,2.75,13.75,4
demersal,10^2 g,2.75,14.25,5
demersal,10^2 g,2.75,14.75,1
demersal,10^2 g,2.75,15.75,1
demersal,10^2 g,2.75,16.25,21
demersal,10^2 g,2.75,16.75,2
demersal,10^2 g,2.75,17.25,2
demersal,10^2 g,2.75,17.75,70
demersal,10^2 g,2.75,18.25,23
demersal,10^2 g,2.75,18.75,244
demersal,10^2 g,2.75,19.25,222
demersal,10^2 g,2.75,19.75,104
demersal,10^2 g,2.75,20.25,331
demersal,10^2 g,2.75,20.75,50
demersal,10^2 g,2.75,21.25,7
demersal,10^2 g,2.75,21.75,13
demersal,10^2 g,2.75,22.25,3
demersal,10^2 g,3.25,2.25,2
demersal,10^2 g,3.25,2.75,4
demersal,10^2 g,3.25,3.75,1
demersal,10^2 g,3.25,5.75,2
demersal,10^2 g,3.25,6.75,2
demersal,10^2 g,3.25,8.25,3
demersal,10^2 g,3.25,8.75,4
demersal,10^2 g,3.25,9.25,1
demersal,10^2 g,3.25,9.75,2
demersal,10^2 g,3.25,10.25,3
demersal,10^2 g,3.25,10.75,2
demersal,10^2 g,3.25,11.25,4
demersal,10^2 g,3.25,11.75,6
demersal,10^2 g,3.25,12.25,4
demersal,10^2 g,3.25,12.75,10
demersal,10^2 g,3.25,13.25,14
demersal,10^2 g,3.25,13.75,3
demersal,10^2 g,3.25,14.25,4
demersal,10^2 g,3.25,14.75,2
demersal,10^2 g,3.25,15.25,2
demersal,10^2 g,3.25,15.75,113
demersal,10^2 g,3.25,16.25,25
demersal,10^2 g,3.25,16.75,22
demersal,10^2 g,3.25,17.25,21
demersal,10^2 g,3.25,17.75,55
demersal,10^2 g,3.25,18.25,65
demersal,10^2 g,3.25,18.75,178
demersal,10^2 g,3.25,19.25,781
demersal,10^2 g,3.25,19.75,431
demersal,10^2 g,3.25,20.25,278
demersal,10^2 g,3.25,20.75,53
demersal,10^2 g,3.25,21.25,52
demersal,10^2 g,3.25,21.75,115
demersal,10^2 g,3.25,22.25,47
demersal,10^2 g,3.75,1.75,1
demersal,10^2 g,3.75,3.75,1
demersal,10^2 g,3.75,4.25,1
demersal,10^2 g,3.75,5.25,5
demersal,10^2 g,3.75,5.75,2
demersal,10^2 g,3.75,6.25,2
demersal,10^2 g,3.75,6.75,3
demersal,10^2 g,3.75,7.25,2
demersal,10^2 g,3.75,9.25,3
demersal,10^2 g,3.75,9.75,5
demersal,10^2 g,3.75,10.25,14
demersal,10^2 g,3.75,10.75,10
demersal,10^2 g,3.75,11.25,30
demersal,10^2 g,3.75,11.75,12
demersal,10^2 g,3.75,12.25,3
demersal,10^2 g,3.75,12.75,5
demersal,10^2 g,3.75,13.25,9
demersal,10^2 g,3.75,13.75,6
demersal,10^2 g,3.75,14.25,6
demersal,10^2 g,3.75,14.75,1
demersal,10^2 g,3.75,15.25,3
demersal,10^2 g,3.75,15.75,3
demersal,10^2 g,3.75,16.25,4
demersal,10^2 g,3.75,16.75,3
demersal,10^2 g,3.75,17.25,5
demersal,10^2 g,3.75,17.75,10
demersal,10^2 g,3.75,18.25,40
demersal,10^2 g,3.75,18.75,30
demersal,10^2 g,3.75,19.25,298
demersal,10^2 g,3.75,19.75,195
demersal,10^2 g,3.75,20.25,54
demersal,10^2 g,3.75,20.75,153
demersal,10^2 g,3.75,21.25,41
demersal,10^2 g,3.75,21.75,161
demersal,10^2 g,3.75,22.25,80
demersal,10^2 g,4.25,5.75,2
demersal,10^2 g,4.25,7.25,1
demersal,10^2 g,4.25,7.75,2
demersal,10^2 g,4.25,8.75,4
demersal,10^2 g,4.25,9.75,1
demersal,10^2 g,4.25,10.75,2
demersal,10^2 g,4.25,11.25,3
demersal,10^2 g,4.25,11.75,25
demersal,10^2 g,4.25,12.25,13
demersal,10^2 g,4.25,12.75,18
demersal,10^2 g,4.25,13.25,18
demersal,10^2 g,4.25,13.75,13
demersal,10^2 g,4.25,14.25,12
demersal,10^2 g,4.25,14.75,37
demersal,10^2 g,4.25,15.25,2
demersal,10^2 g,4.25,15.75,1
demersal,10^2 g,4.25,16.25,1
demersal,10^2 g,4.25,17.25,10
demersal,10^2 g,4.25,17.75,10
demersal,10^2 g,4.25,18.25,15
demersal,10^2 g,4.25,18.75,3
demersal,10^2 g,4.25,19.25,7
demersal,10^2 g,4.25,19.75,15
demersal,10^2 g,4.25,20.25,64
demersal,10^2 g,4.25,20.75,87
demersal,10^2 g,4.25,21.25,78
demersal,10^2 g,4.25,21.75,140
demersal,10^2 g,4.25,22.25,54
demersal,10^2 g,4.75,2.75,1
demersal,10^2 g,4.75,7.75,1
demersal,10^2 g,4.75,9.25,4
demersal,10^2 g,4.75,11.25,4
demersal,10^2 g,4.75,11.75,21
demersal,10^2 g,4.75,12.25,45
demersal,10^2 g,4.75,12.75,12
demersal,10^2 g,4.75,13.25,9
demersal,10^2 g,4.75,13.75,7
demersal,10^2 g,4.75,14.25,4
demersal,10^2 g,4.75,14.75,8
demersal,10^2 g,4.75,15.25,9
demersal,10^2 g,4.75,15.75,14
demersal,10^2 g,4.75,16.75,3
demersal,10^2 g,4.75,17.25,6
demersal,10^2 g,4.75,17.75,3
demersal,10^2 g,4.75,18.25,2
demersal,10^2 g,4.75,18.75,4
demersal,10^2 g,4.75,19.25,2
demersal,10^2 g,4.75,19.75,7
demersal,10^2 g,4.75,20.25,95
demersal,10^2 g,4.75,20.75,49
demersal,10^2 g,4.75,21.25,38
demersal,10^2 g,4.75,21.75,475
demersal,10^2 g,4.75,22.25,139
demersal,10^2 g,4.75,22.75,6
demersal,10^2 g,5.25,2.75,1
demersal,10^2 g,5.25,3.25,1
demersal,10^2 g,5.25,3.75,1
demersal,10^2 g,5.25,6.75,4
demersal,10^2 g,5.25,7.25,3
demersal,10^2 g,5.25,8.25,3
demersal,10^2 g,5.25,9.25,1
demersal,10^2 g,5.25,9.75,5
demersal,10^2 g,5.25,10.25,1
demersal,10^2 g,5.25,10.75,6
demersal,10^2 g,5.25,11.25,9
demersal,10^2 g,5.25,11.75,6
demersal,10^2 g,5.25,12.25,33
demersal,10^2 g,5.25,12.75,34
demersal,10^2 g,5.25,13.25,40
demersal,10^2 g,5.25,13.75,1
demersal,10^2 g,5.25,14.25,6
demersal,10^2 g,5.25,15.25,8
demersal,10^2 g,5.25,15.75,9
demersal,10^2 g,5.25,16.25,4
demersal,10^2 g,5.25,16.75,17
demersal,10^2 g,5.25,17.25,14
demersal,10^2 g,5.25,17.75,14
demersal,10^2 g,5.25,18.25,6
demersal,10^2 g,5.25,18.75,16
demersal,10^2 g,5.25,19.25,29
demersal,10^2 g,5.25,19.75,16
demersal,10^2 g,5.25,20.25,68
demersal,10^2 g,5.25,20.75,43
demersal,10^2 g,5.25,21.25,59
demersal,10^2 g,5.25,21.75,518
demersal,10^2 g,5.25,22.25,75
demersal,10^2 g,5.25,23.25,1
demersal,10^2 g,5.75,1.75,1
demersal,10^2 g,5.75,4.25,1
demersal,10^2 g,5.75,5.25,1
demersal,10^2 g,5.75,5.75,11
demersal,10^2 g,5.75,6.25,5
demersal,10^2 g,5.75,6.75,2
demersal,10^2 g,5.75,8.75,28
demersal,10^2 g,5.75,9.75,5
demersal,10^2 g,5.75,10.25,1
demersal,10^2 g,5.75,10.75,8
demersal,10^2 g,5.75,11.25,5
demersal,10^2 g,5.75,11.75,5
demersal,10^2 g,5.75,12.25,3
demersal,10^2 g,5.75,12.75,26
demersal,10^2 g,5.75,13.25,70
demersal,10^2 g,5.75,13.75,34
demersal,10^2 g,5.75,14.25,37
demersal,10^2 g,5.75,14.75,3
demersal,10^2 g,5.75,15.25,4
demersal,10^2 g,5.75,15.75,6
demersal,10^2 g,5.75,16.25,8
demersal,10^2 g,5.75,16.75,19
demersal,10^2 g,5.75,17.25,1
demersal,10^2 g,5.75,17.75,6
demersal,10^2 g,5.75,18.25,11
demersal,10^2 g,5.75,19.25,18
demersal,10^2 g,5.75,19.75,29
demersal,10^2 g,5.75,20.25,90
demersal,10^2 g,5.75,20.75,207
demersal,10^2 g,5.75,21.25,156
demersal,10^2 g,5.75,21.75,579
demersal,10^2 g,5.75,22.25,296
demersal,10^2 g,6.25,4.75,4
demersal,10^2 g,6.25,5.25,3
demersal,10^2 g,6.25,5.75,1
demersal,10^2 g,6.25,6.25,1
demersal,10^2 g,6.25,6.75,4
demersal,10^2 g,6.25,7.25,9
demersal,10^2 g,6.25,7.75,1
demersal,10^2 g,6.25,8.25,3
demersal,10^2 g,6.25,8.75,35
demersal,10^2 g,6.25,9.25,12
demersal,10^2 g,6.25,9.75,20
demersal,10^2 g,6.25,10.25,2
demersal,10^2 g,6.25,11.25,1
demersal,10^2 g,6.25,12.25,5
demersal,10^2 g,6.25,12.75,5
demersal,10^2 g,6.25,13.25,29
demersal,10^2 g,6.25,13.75,39
demersal,10^2 g,6.25,14.25,57
demersal,10^2 g,6.25,14.75,9
demersal,10^2 g,6.25,15.25,6
demersal,10^2 g,6.25,16.25,5
demersal,10^2 g,6.25,16.75,3
demersal,10^2 g,6.25,17.25,5
demersal,10^2 g,6.25,17.75,23
demersal,10^2 g,6.25,18.25,19
demersal,10^2 g,6.25,18.75,42
demersal,10^2 g,6.25,19.25,82
demersal,10^2 g,6.25,19.75,31
demersal,10^2 g,6.25,20.25,131
demersal,10^2 g,6.25,20.75,327
demersal,10^2 g,6.25,21.25,145
demersal,10^2 g,6.25,21.75,203
demersal,10^2 g,6.25,22.25,235
demersal,10^2 g,6.25,22.75,1
demersal,10^2 g,6.75,1.25,3
demersal,10^2 g,6.75,2.75,1
demersal,10^2 g,6.75,3.25,1
demersal,10^2 g,6.75,8.25,21
demersal,10^2 g,6.75,8.75,7
demersal,10^2 g,6.75,9.25,13
demersal,10^2 g,6.75,9.75,6
demersal,10^2 g,6.75,10.25,2
demersal,10^2 g,6.75,10.75,74
demersal,10^2 g,6.75,12.75,7
demersal,10^2 g,6.75,13.25,12
demersal,10^2 g,6.75,13.75,7
demersal,10^2 g,6.75,14.25,133
demersal,10^2 g,6.75,14.75,67
demersal,10^2 g,6.75,15.25,18
demersal,10^2 g,6.75,15.75,16
demersal,10^2 g,6.75,16.25,30
demersal,10^2 g,6.75,16.75,22
demersal,10^2 g,6.75,17.25,29
demersal,10^2 g,6.75,17.75,44
demersal,10^2 g,6.75,18.25,66
demersal,10^2 g,6.75,18.75,70
demersal,10^2 g,6.75,19.25,99
demersal,10^2 g,6.75,19.75,44
demersal,10^2 g,6.75,20.25,187
demersal,10^2 g,6.75,20.75,106
demersal,10^2 g,6.75,21.25,479
demersal,10^2 g,6.75,21.75,120
demersal,10^2 g,6.75,22.25,223
demersal,10^2 g,7.25,3.75,3
demersal,10^2 g,7.25,5.75,1
demersal,10^2 g,7.25,7.25,1
demersal,10^2 g,7.25,7.75,9
demersal,10^2 g,7.25,9.25,5
demersal,10^2 g,7.25,9.75,4
demersal,10^2 g,7.25,10.25,25
demersal,10^2 g,7.25,10.75,5
demersal,10^2 g,7.25,11.25,1
demersal,10^2 g,7.25,12.25,31
demersal,10^2 g,7.25,12.75,10
demersal,10^2 g,7.25,13.25,9
demersal,10^2 g,7.25,13.75,17
demersal,10^2 g,7.25,14.25,51
demersal,10^2 g,7.25,14.75,31
demersal,10^2 g,7.25,15.25,48
demersal,10^2 g,7.25,15.75,22
demersal,10^2 g,7.25,16.25,13
demersal,10^2 g,7.25,16.75,26
demersal,10^2 g,7.25,17.25,66
demersal,10^2 g,7.25,17.75,105
demersal,10^2 g,7.25,18.25,27
demersal,10^2 g,7.25,18.75,114
demersal,10^2 g,7.25,19.25,335
demersal,10^2 g,7.25,19.75,333
demersal,10^2 g,7.25,20.25,169
demersal,10^2 g,7.25,20.75,276
demersal,10^2 g,7.25,21.25,171
demersal,10^2 g,7.25,21.75,782
demersal,10^2 g,7.25,22.25,522
demersal,10^2 g,7.25,22.75,110
demersal,10^2 g,7.75,3.25,3
demersal,10^2 g,7.75,3.75,2
demersal,10^2 g,7.75,5.25,1
demersal,10^2 g,7.75,7.25,1
demersal,10^2 g,7.75,8.25,6
demersal,10^2 g,7.75,8.75,73
demersal,10^2 g,7.75,9.25,12
demersal,10^2 g,7.75,9.75,19
demersal,10^2 g,7.75,10.25,6
demersal,10^2 g,7.75,10.75,8
demersal,10^2 g,7.75,11.25,1
demersal,10^2 g,7.75,11.75,2
demersal,10^2 g,7.75,12.75,6
demersal,10^2 g,7.75,13.25,25
demersal,10^2 g,7.75,13.75,15
demersal,10^2 g,7.75,14.25,49
demersal,10^2 g,7.75,14.75,46
demersal,10^2 g,7.75,15.25,62
demersal,10^2 g,7.75,15.75,64
demersal,10^2 g,7.75,16.25,17
demersal,10^2 g,7.75,16.75,35
demersal,10^2 g,7.75,17.25,163
demersal,10^2 g,7.75,17.75,91
demersal,10^2 g,7.75,18.25,105
demersal,10^2 g,7.75,18.75,7
demersal,10^2 g,7.75,19.25,23
demersal,10^2 g,7.75,19.75,524
demersal,10^2 g,7.75,20.25,562
demersal,10^2 g,7.75,20.75,87
demersal,10^2 g,7.75,21.25,245
demersal,10^2 g,7.75,21.75,786
demersal,10^2 g,7.75,22.25,264
demersal,10^2 g,7.75,22.75,258
demersal,10^2 g,8.25,2.75,2
demersal,10^2 g,8.25,3.75,2
demersal,10^2 g,8.25,5.25,1
demersal,10^2 g,8.25,6.25,14
demersal,10^2 g,8.25,8.25,3
demersal,10^2 g,8.25,8.75,1
demersal,10^2 g,8.25,9.25,18
demersal,10^2 g,8.25,9.75,4
demersal,10^2 g,8.25,10.25,2
demersal,10^2 g,8.25,10.75,1
demersal,10^2 g,8.25,11.75,24
demersal,10^2 g,8.25,12.25,30
demersal,10^2 g,8.25,12.75,4
demersal,10^2 g,8.25,13.25,3
demersal,10^2 g,8.25,13.75,5
demersal,10^2 g,8.25,14.25,25
demersal,10^2 g,8.25,14.75,40
demersal,10^2 g,8.25,15.25,44
demersal,10^2 g,8.25,15.75,114
demersal,10^2 g,8.25,16.25,207
demersal,10^2 g,8.25,16.75,369
demersal,10^2 g,8.25,17.25,238
demersal,10^2 g,8.25,17.75,184
demersal,10^2 g,8.25,18.25,72
demersal,10^2 g,8.25,18.75,9
demersal,10^2 g,8.25,19.25,151
demersal,10^2 g,8.25,19.75,314
demersal,10^2 g,8.25,20.25,971
demersal,10^2 g,8.25,20.75,1264
demersal,10^2 g,8.25,21.25,282
demersal,10^2 g,8.25,21.75,302
demersal,10^2 g,8.25,22.25,287
demersal,10^2 g,8.25,22.75,197
demersal,10^2 g,8.75,0.25,2
demersal,10^2 g,8.75,1.25,1
demersal,10^2 g,8.75,1.75,1
demersal,10^2 g,8.75,2.25,1
demersal,10^2 g,8.75,2.75,4
demersal,10^2 g,8.75,3.25,1
demersal,10^2 g,8.75,3.75,3
demersal,10^2 g,8.75,4.25,4
demersal,10^2 g,8.75,4.75,2
demersal,10^2 g,8.75,5.25,2
demersal,10^2 g,8.75,6.25,3
demersal,10^2 g,8.75,6.75,1
demersal,10^2 g,8.75,7.75,1
demersal,10^2 g,8.75,8.25,10
demersal,10^2 g,8.75,9.25,2
demersal,10^2 g,8.75,9.75,4
demersal,10^2 g,8.75,10.25,1
demersal,10^2 g,8.75,11.25,2
demersal,10^2 g,8.75,12.75,3
demersal,10^2 g,8.75,13.25,1
demersal,10^2 g,8.75,13.75,5
demersal,10^2 g,8.75,14.25,29
demersal,10^2 g,8.75,14.75,48
demersal,10^2 g,8.75,15.25,21
demersal,10^2 g,8.75,15.75,7
demersal,10^2 g,8.75,16.25,51
demersal,10^2 g,8.75,16.75,234
demersal,10^2 g,8.75,17.25,439
demersal,10^2 g,8.75,17.75,106
demersal,10^2 g,8.75,18.25,108
demersal,10^2 g,8.75,18.75,55
demersal,10^2 g,8.75,19.25,509
demersal,10^2 g,8.75,19.75,518
demersal,10^2 g,8.75,20.25,1297
demersal,10^2 g,8.75,20.75,2598
demersal,10^2 g,8.75,21.25,1716
demersal,10^2 g,8.75,21.75,199
demersal,10^2 g,8.75,22.25,66
demersal,10^2 g,9.25,0.75,1
demersal,10^2 g,9.25,1.75,11
demersal,10^2 g,9.25,3.75,3
demersal,10^2 g,9.25,4.25,1
demersal,10^2 g,9.25,4.75,4
demersal,10^2 g,9.25,5.75,25
demersal,10^2 g,9.25,7.25,7
demersal,10^2 g,9.25,7.75,30
demersal,10^2 g,9.25,8.25,2
demersal,10^2 g,9.25,8.75,2
demersal,10^2 g,9.25,9.25,14
demersal,10^2 g,9.25,9.75,19
demersal,10^2 g,9.25,10.75,1
demersal,10^2 g,9.25,11.25,41
demersal,10^2 g,9.25,11.75,3
demersal,10^2 g,9.25,12.75,3
demersal,10^2 g,9.25,13.25,3
demersal,10^2 g,9.25,13.75,9
demersal,10^2 g,9.25,14.25,10
demersal,10^2 g,9.25,14.75,23
demersal,10^2 g,9.25,15.25,41
demersal,10^2 g,9.25,15.75,15
demersal,10^2 g,9.25,16.25,2
demersal,10^2 g,9.25,16.75,98
demersal,10^2 g,9.25,17.25,329
demersal,10^2 g,9.25,17.75,55
demersal,10^2 g,9.25,18.25,79
demersal,10^2 g,9.25,18.75,32
demersal,10^2 g,9.25,19.25,15
demersal,10^2 g,9.25,19.75,465
demersal,10^2 g,9.25,20.25,984
demersal,10^2 g,9.25,20.75,1089
demersal,10^2 g,9.25,21.25,2534
demersal,10^2 g,9.25,21.75,2446
demersal,10^2 g,9.25,22.25,556
demersal,10^2 g,9.75,1.75,5
demersal,10^2 g,9.75,3.25,3
demersal,10^2 g,9.75,4.75,3
demersal,10^2 g,9.75,8.25,1
demersal,10^2 g,9.75,9.25,12
demersal,10^2 g,9.75,9.75,24
demersal,10^2 g,9.75,10.25,35
demersal,10^2 g,9.75,10.75,1
demersal,10^2 g,9.75,11.25,1
demersal,10^2 g,9.75,11.75,55
demersal,10^2 g,9.75,12.75,2
demersal,10^2 g,9.75,13.75,4
demersal,10^2 g,9.75,14.25,11
demersal,10^2 g,9.75,14.75,139
demersal,10^2 g,9.75,15.25,42
demersal,10^2 g,9.75,15.75,28
demersal,10^2 g,9.75,16.25,4
demersal,10^2 g,9.75,16.75,8
demersal,10^2 g,9.75,17.25,56
demersal,10^2 g,9.75,17.75,240
demersal,10^2 g,9.75,18.25,105
demersal,10^2 g,9.75,18.75,13
demersal,10^2 g,9.75,19.25,14
demersal,10^2 g,9.75,19.75,462
demersal,10^2 g,9.75,20.25,791
demersal,10^2 g,9.75,20.75,1421
demersal,10^2 g,9.75,21.25,4727
demersal,10^2 g,9.75,21.75,7233
demersal,10^2 g,9.75,22.25,305
demersal,10^2 g,9.75,22.75,146
demersal,10^2 g,10.25,1.75,23
demersal,10^2 g,10.25,2.25,4
demersal,10^2 g,10.25,2.75,2
demersal,10^2 g,10.25,4.25,1
demersal,10^2 g,10.25,6.25,3
demersal,10^2 g,10.25,7.75,1
demersal,10^2 g,10.25,8.25,1
demersal,10^2 g,10.25,9.75,12
demersal,10^2 g,10.25,10.25,1
demersal,10^2 g,10.25,11.25,1
demersal,10^2 g,10.25,11.75,5
demersal,10^2 g,10.25,12.25,15
demersal,10^2 g,10.25,12.75,1
demersal,10^2 g,10.25,13.25,6
demersal,10^2 g,10.25,13.75,10
demersal,10^2 g,10.25,14.25,17
demersal,10^2 g,10.25,14.75,15
demersal,10^2 g,10.25,15.25,67
demersal,10^2 g,10.25,15.75,66
demersal,10^2 g,10.25,16.25,39
demersal,10^2 g,10.25,16.75,8
demersal,10^2 g,10.25,17.25,65
demersal,10^2 g,10.25,17.75,64
demersal,10^2 g,10.25,18.25,21
demersal,10^2 g,10.25,18.75,8
demersal,10^2 g,10.25,19.25,7
demersal,10^2 g,10.25,19.75,2850
demersal,10^2 g,10.25,20.25,4369
demersal,10^2 g,10.25,20.75,1205
demersal,10^2 g,10.25,21.25,12254
demersal,10^2 g,10.25,21.75,8294
demersal,10^2 g,10.25,22.25,681
demersal,10^2 g,10.75,0.75,1
demersal,10^2 g,10.75,1.75,5
demersal,10^2 g,10.75,3.75,1
demersal,10^2 g,10.75,4.25,2
demersal,10^2 g,10.75,5.75,8
demersal,10^2 g,10.75,6.25,2
demersal,10^2 g,10.75,6.75,3
demersal,10^2 g,10.75,7.75,1
demersal,10^2 g,10.75,8.75,2
demersal,10^2 g,10.75,9.25,15
demersal,10^2 g,10.75,9.75,17
demersal,10^2 g,10.75,10.75,5
demersal,10^2 g,10.75,11.25,2
demersal,10^2 g,10.75,12.75,11
demersal,10^2 g,10.75,14.25,14
demersal,10^2 g,10.75,14.75,23
demersal,10^2 g,10.75,15.25,61
demersal,10^2 g,10.75,15.75,32
demersal,10^2 g,10.75,16.25,23
demersal,10^2 g,10.75,16.75,5
demersal,10^2 g,10.75,17.25,12
demersal,10^2 g,10.75,17.75,6
demersal,10^2 g,10.75,18.25,103
demersal,10^2 g,10.75,18.75,36
demersal,10^2 g,10.75,19.25,245
demersal,10^2 g,10.75,19.75,291
demersal,10^2 g,10.75,20.25,10098
demersal,10^2 g,10.75,20.75,5607
demersal,10^2 g,10.75,21.25,9636
demersal,10^2 g,10.75,21.75,19376
demersal,10^2 g,10.75,22.25,767
demersal,10^2 g,10.75,22.75,113
demersal,10^2 g,11.25,1.75,5
demersal,10^2 g,11.25,2.75,5
demersal,10^2 g,11.25,3.25,1
demersal,10^2 g,11.25,4.75,3
demersal,10^2 g,11.25,6.75,1
demersal,10^2 g,11.25,7.25,1
demersal,10^2 g,11.25,10.75,1
demersal,10^2 g,11.25,11.75,5
demersal,10^2 g,11.25,12.25,1
demersal,10^2 g,11.25,13.25,4
demersal,10^2 g,11.25,13.75,2
demersal,10^2 g,11.25,14.25,4
demersal,10^2 g,11.25,14.75,3
demersal,10^2 g,11.25,15.25,32
demersal,10^2 g,11.25,15.75,151
demersal,10^2 g,11.25,16.25,84
demersal,10^2 g,11.25,16.75,16
demersal,10^2 g,11.25,17.25,45
demersal,10^2 g,11.25,17.75,77
demersal,10^2 g,11.25,18.25,30
demersal,10^2 g,11.25,18.75,74
demersal,10^2 g,11.25,19.25,3
demersal,10^2 g,11.25,19.75,17
demersal,10^2 g,11.25,20.25,4036
demersal,10^2 g,11.25,20.75,5454
demersal,10^2 g,11.25,21.25,16683
demersal,10^2 g,11.25,21.75,13625
demersal,10^2 g,11.25,22.25,567
demersal,10^2 g,11.25,22.75,13
demersal,10^2 g,11.75,3.75,2
demersal,10^2 g,11.75,4.25,1
demersal,10^2 g,11.75,6.25,6
demersal,10^2 g,11.75,6.75,8
demersal,10^2 g,11.75,9.75,3
demersal,10^2 g,11.75,10.25,7
demersal,10^2 g,11.75,11.25,2
demersal,10^2 g,11.75,11.75,6
demersal,10^2 g,11.75,12.75,3
demersal,10^2 g,11.75,13.75,2
demersal,10^2 g,11.75,14.25,8
demersal,10^2 g,11.75,14.75,1
demersal,10^2 g,11.75,15.25,51
demersal,10^2 g,11.75,15.75,43
demersal,10^2 g,11.75,16.25,39
demersal,10^2 g,11.75,16.75,79
demersal,10^2 g,11.75,17.25,9
demersal,10^2 g,11.75,17.75,22
demersal,10^2 g,11.75,18.25,12
demersal,10^2 g,11.75,18.75,44
demersal,10^2 g,11.75,19.25,36
demersal,10^2 g,11.75,19.75,39
demersal,10^2 g,11.75,20.25,7052
demersal,10^2 g,11.75,20.75,4139
demersal,10^2 g,11.75,21.25,7391
demersal,10^2 g,11.75,21.75,415
demersal,10^2 g,11.75,22.25,89
demersal,10^2 g,11.75,22.75,1
demersal,10^2 g,12.25,1.75,2
demersal,10^2 g,12.25,2.25,1
demersal,10^2 g,12.25,2.75,7
demersal,10^2 g,12.25,5.75,2
demersal,10^2 g,12.25,8.25,1
demersal,10^2 g,12.25,9.75,2
demersal,10^2 g,12.25,10.25,1
demersal,10^2 g,12.25,10.75,1
demersal,10^2 g,12.25,11.25,1
demersal,10^2 g,12.25,11.75,2
demersal,10^2 g,12.25,13.25,2
demersal,10^2 g,12.25,13.75,9
demersal,10^2 g,12.25,14.75,1
demersal,10^2 g,12.25,15.25,1
demersal,10^2 g,12.25,15.75,29
demersal,10^2 g,12.25,16.25,106
demersal,10^2 g,12.25,16.75,44
demersal,10^2 g,12.25,17.25,23
demersal,10^2 g,12.25,17.75,3
demersal,10^2 g,12.25,18.25,16
demersal,10^2 g,12.25,18.75,1
demersal,10^2 g,12.25,19.25,13
demersal,10^2 g,12.25,19.75,20
demersal,10^2 g,12.25,20.25,432
demersal,10^2 g,12.25,20.75,43
demersal,10^2 g,12.25,21.25,7123
demersal,10^2 g,12.25,21.75,3482
demersal,10^2 g,12.25,22.25,166
demersal,10^2 g,12.75,2.75,10
demersal,10^2 g,12.75,8.25,1
demersal,10^2 g,12.75,11.75,1
demersal,10^2 g,12.75,13.25,3
demersal,10^2 g,12.75,13.75,4
demersal,10^2 g,12.75,14.25,8
demersal,10^2 g,12.75,14.75,12
demersal,10^2 g,12.75,15.25,118
demersal,10^2 g,12.75,15.75,14
demersal,10^2 g,12.75,16.25,14
demersal,10^2 g,12.75,16.75,19
demersal,10^2 g,12.75,17.25,17
demersal,10^2 g,12.75,17.75,8
demersal,10^2 g,12.75,18.25,4
demersal,10^2 g,12.75,18.75,4
demersal,10^2 g,12.75,19.25,9
demersal,10^2 g,12.75,20.25,2546
demersal,10^2 g,12.75,20.75,25
demersal,10^2 g,12.75,21.25,1
demersal,10^2 g,12.75,21.75,843
demersal,10^2 g,12.75,22.25,3322
demersal,10^2 g,12.75,22.75,16
demersal,10^2 g,13.25,1.75,1
demersal,10^2 g,13.25,2.75,2
demersal,10^2 g,13.25,3.75,2
demersal,10^2 g,13.25,6.25,4
demersal,10^2 g,13.25,6.75,3
demersal,10^2 g,13.25,7.25,1
demersal,10^2 g,13.25,7.75,2
demersal,10^2 g,13.25,10.25,8
demersal,10^2 g,13.25,11.25,13
demersal,10^2 g,13.25,12.75,7
demersal,10^2 g,13.25,13.75,4
demersal,10^2 g,13.25,14.25,2
demersal,10^2 g,13.25,15.25,4
demersal,10^2 g,13.25,15.75,46
demersal,10^2 g,13.25,16.25,39
demersal,10^2 g,13.25,16.75,20
demersal,10^2 g,13.25,17.25,35
demersal,10^2 g,13.25,17.75,70
demersal,10^2 g,13.25,18.25,33
demersal,10^2 g,13.25,18.75,18
demersal,10^2 g,13.25,19.25,77
demersal,10^2 g,13.25,19.75,42
demersal,10^2 g,13.25,20.25,1
demersal,10^2 g,13.25,20.75,30
demersal,10^2 g,13.25,21.25,13
demersal,10^2 g,13.25,21.75,6
demersal,10^2 g,13.25,22.25,4
demersal,10^2 g,13.75,1.75,4
demersal,10^2 g,13.75,3.25,2
demersal,10^2 g,13.75,4.75,1
demersal,10^2 g,13.75,8.25,3
demersal,10^2 g,13.75,10.25,2
demersal,10^2 g,13.75,10.75,1
demersal,10^2 g,13.75,13.25,1
demersal,10^2 g,13.75,13.75,6
demersal,10^2 g,13.75,14.25,1
demersal,10^2 g,13.75,15.25,6
demersal,10^2 g,13.75,15.75,7
demersal,10^2 g,13.75,16.25,28
demersal,10^2 g,13.75,16.75,5
demersal,10^2 g,13.75,17.25,22
demersal,10^2 g,13.75,17.75,12
demersal,10^2 g,13.75,18.25,5
demersal,10^2 g,13.75,18.75,35
demersal,10^2 g,13.75,19.25,64
demersal,10^2 g,13.75,19.75,107
demersal,10^2 g,13.75,20.25,131
demersal,10^2 g,13.75,20.75,25
demersal,10^2 g,13.75,21.25,1
demersal,10^2 g,13.75,21.75,9
demersal,10^2 g,13.75,22.25,106
demersal,10^2 g,14.25,2.25,3
demersal,10^2 g,14.25,2.75,1
demersal,10^2 g,14.25,3.25,4
demersal,10^2 g,14.25,7.25,7
demersal,10^2 g,14.25,7.75,1
demersal,10^2 g,14.25,8.25,1
demersal,10^2 g,14.25,8.75,1
demersal,10^2 g,14.25,9.25,2
demersal,10^2 g,14.25,10.25,24
demersal,10^2 g,14.25,11.25,4
demersal,10^2 g,14.25,11.75,6
demersal,10^2 g,14.25,13.75,2
demersal,10^2 g,14.25,15.25,3
demersal,10^2 g,14.25,15.75,51
demersal,10^2 g,14.25,16.25,1
demersal,10^2 g,14.25,16.75,13
demersal,10^2 g,14.25,17.25,27
demersal,10^2 g,14.25,17.75,7
demersal,10^2 g,14.25,18.25,225
demersal,10^2 g,14.25,18.75,25
demersal,10^2 g,14.25,19.25,49
demersal,10^2 g,14.25,19.75,103
demersal,10^2 g,14.25,20.25,103
demersal,10^2 g,14.25,20.75,157
demersal,10^2 g,14.25,21.25,11
demersal,10^2 g,14.25,21.75,68
demersal,10^2 g,14.25,22.25,4
demersal,10^2 g,14.75,2.75,2
demersal,10^2 g,14.75,3.75,4
demersal,10^2 g,14.75,5.25,7
demersal,10^2 g,14.75,7.75,7
demersal,10^2 g,14.75,9.75,2
demersal,10^2 g,14.75,12.25,8
demersal,10^2 g,14.75,13.25,2
demersal,10^2 g,14.75,14.25,5
demersal,10^2 g,14.75,14.75,8
demersal,10^2 g,14.75,15.25,22
demersal,10^2 g,14.75,15.75,27
demersal,10^2 g,14.75,16.25,18
demersal,10^2 g,14.75,16.75,5
demersal,10^2 g,14.75,17.25,8
demersal,10^2 g,14.75,18.25,47
demersal,10^2 g,14.75,18.75,454
demersal,10^2 g,14.75,19.25,73
demersal,10^2 g,14.75,19.75,236
demersal,10^2 g,14.75,20.25,231
demersal,10^2 g,14.75,20.75,73
demersal,10^2 g,14.75,21.25,260
demersal,10^2 g,14.75,21.75,173
demersal,10^2 g,14.75,22.25,2
demersal,10^2 g,15.25,3.25,2
demersal,10^2 g,15.25,3.75,1
demersal,10^2 g,15.25,4.25,1
demersal,10^2 g,15.25,8.25,1
demersal,10^2 g,15.25,12.25,2
demersal,10^2 g,15.25,12.75,8
demersal,10^2 g,15.25,14.25,2
demersal,10^2 g,15.25,14.75,9
demersal,10^2 g,15.25,15.25,10
demersal,10^2 g,15.25,15.75,4
demersal,10^2 g,15.25,16.25,10
demersal,10^2 g,15.25,16.75,6
demersal,10^2 g,15.25,17.25,13
demersal,10^2 g,15.25,17.75,65
demersal,10^2 g,15.25,18.25,2
demersal,10^2 g,15.25,18.75,171
demersal,10^2 g,15.25,19.25,15
demersal,10^2 g,15.25,19.75,7
demersal,10^2 g,15.25,20.25,74
demersal,10^2 g,15.25,20.75,18
demersal,10^2 g,15.25,21.25,78
demersal,10^2 g,15.25,21.75,89
demersal,10^2 g,15.25,22.25,36
demersal,10^2 g,15.75,2.75,9
demersal,10^2 g,15.75,4.25,1
demersal,10^2 g,15.75,6.75,1
demersal,10^2 g,15.75,7.25,1
demersal,10^2 g,15.75,7.75,1
demersal,10^2 g,15.75,8.75,1
demersal,10^2 g,15.75,9.25,5
demersal,10^2 g,15.75,9.75,14
demersal,10^2 g,15.75,10.75,11
demersal,10^2 g,15.75,12.75,1
demersal,10^2 g,15.75,15.25,8
demersal,10^2 g,15.75,15.75,5
demersal,10^2 g,15.75,16.25,60
demersal,10^2 g,15.75,16.75,15
demersal,10^2 g,15.75,17.25,6
demersal,10^2 g,15.75,17.75,81
demersal,10^2 g,15.75,18.25,1
demersal,10^2 g,15.75,18.75,55
demersal,10^2 g,15.75,19.25,11
demersal,10^2 g,15.75,19.75,10
demersal,10^2 g,15.75,20.25,61
demersal,10^2 g,15.75,20.75,34
demersal,10^2 g,15.75,21.25,161
demersal,10^2 g,15.75,21.75,92
demersal,10^2 g,15.75,22.25,6
demersal,10^2 g,16.25,4.25,18
demersal,10^2 g,16.25,5.25,5
demersal,10^2 g,16.25,8.75,10
demersal,10^2 g,16.25,9.75,3
demersal,10^2 g,16.25,10.25,35
demersal,10^2 g,16.25,13.25,2
demersal,10^2 g,16.25,14.25,3
demersal,10^2 g,16.25,14.75,19
demersal,10^2 g,16.25,15.25,14
demersal,10^2 g,16.25,15.75,36
demersal,10^2 g,16.25,16.25,19
demersal,10^2 g,16.25,16.75,20
demersal,10^2 g,16.25,17.25,16
demersal,10^2 g,16.25,17.75,3
demersal,10^2 g,16.25,18.25,4
demersal,10^2 g,16.25,18.75,2
demersal,10^2 g,16.25,19.25,70
demersal,10^2 g,16.25,20.25,10
demersal,10^2 g,16.25,20.75,40
demersal,10^2 g,16.25,21.25,56
demersal,10^2 g,16.25,21.75,10
demersal,10^2 g,16.25,22.25,97
demersal,10^2 g,16.25,22.75,11
demersal,10^2 g,16.75,8.25,1
demersal,10^2 g,16.75,9.75,7
demersal,10^2 g,16.75,10.25,5
demersal,10^2 g,16.75,11.25,9
demersal,10^2 g,16.75,11.75,4
demersal,10^2 g,16.75,12.75,3
demersal,10^2 g,16.75,13.25,2
demersal,10^2 g,16.75,13.75,2
demersal,10^2 g,16.75,14.25,5
demersal,10^2 g,16.75,15.25,7
demersal,10^2 g,16.75,15.75,20
demersal,10^2 g,16.75,16.25,28
demersal,10^2 g,16.75,16.75,23
demersal,10^2 g,16.75,17.25,10
demersal,10^2 g,16.75,17.75,56
demersal,10^2 g,16.75,18.75,11
demersal,10^2 g,16.75,19.75,27
demersal,10^2 g,16.75,20.25,22
demersal,10^2 g,16.75,20.75,4
demersal,10^2 g,16.75,21.25,10
demersal,10^2 g,16.75,21.75,14
demersal,10^2 g,16.75,22.25,11
demersal,10^2 g,16.75,22.75,7
demersal,10^2 g,17.25,6.25,3
demersal,10^2 g,17.25,7.25,1
demersal,10^2 g,17.25,8.25,1
demersal,10^2 g,17.25,9.75,1
demersal,10^2 g,17.25,10.75,1
demersal,10^2 g,17.25,11.75,6
demersal,10^2 g,17.25,12.75,2
demersal,10^2 g,17.25,14.75,7
demersal,10^2 g,17.25,15.25,5
demersal,10^2 g,17.25,15.75,8
demersal,10^2 g,17.25,16.25,165
demersal,10^2 g,17.25,16.75,6
demersal,10^2 g,17.25,17.25,37
demersal,10^2 g,17.25,17.75,3
demersal,10^2 g,17.25,18.25,12
demersal,10^2 g,17.25,18.75,4
demersal,10^2 g,17.25,19.25,52
demersal,10^2 g,17.25,19.75,2
demersal,10^2 g,17.25,20.25,4
demersal,10^2 g,17.25,20.75,29
demersal,10^2 g,17.25,21.25,14
demersal,10^2 g,17.25,21.75,3
demersal,10^2 g,17.25,22.25,7
demersal,10^2 g,17.75,6.25,2
demersal,10^2 g,17.75,7.25,1
demersal,10^2 g,17.75,8.75,4
demersal,10^2 g,17.75,10.25,2
demersal,10^2 g,17.75,11.25,1
demersal,10^2 g,17.75,12.25,1
demersal,10^2 g,17.75,12.75,1
demersal,10^2 g,17.75,13.25,1
demersal,10^2 g,17.75,13.75,1
demersal,10^2 g,17.75,14.25,4
demersal,10^2 g,17.75,15.25,24
demersal,10^2 g,17.75,16.25,6
demersal,10^2 g,17.75,16.75,13
demersal,10^2 g,17.75,17.25,27
demersal,10^2 g,17.75,17.75,6
demersal,10^2 g,17.75,18.25,6
demersal,10^2 g,17.75,18.75,2
demersal,10^2 g,17.75,19.25,9
demersal,10^2 g,17.75,19.75,4
demersal,10^2 g,17.75,20.25,11
demersal,10^2 g,17.75,20.75,229
demersal,10^2 g,17.75,21.25,50
demersal,10^2 g,17.75,21.75,17
demersal,10^2 g,17.75,22.25,3
demersal,10^2 g,18.25,9.75,1
demersal,10^2 g,18.25,10.75,24
demersal,10^2 g,18.25,11.25,10
demersal,10^2 g,18.25,13.75,13
demersal,10^2 g,18.25,14.25,1
demersal,10^2 g,18.25,15.25,4
demersal,10^2 g,18.25,16.25,1
demersal,10^2 g,18.25,16.75,25
demersal,10^2 g,18.25,17.25,50
demersal,10^2 g,18.25,17.75,32
demersal,10^2 g,18.25,18.25,11
demersal,10^2 g,18.25,18.75,1
demersal,10^2 g,18.25,19.25,12
demersal,10^2 g,18.25,19.75,19
demersal,10^2 g,18.25,20.75,274
demersal,10^2 g,18.25,21.25,302
demersal,10^2 g,18.25,21.75,47
demersal,10^2 g,18.25,22.25,33
demersal,10^2 g,18.75,10.25,1
demersal,10^2 g,18.75,11.25,23
demersal,10^2 g,18.75,12.25,20
demersal,10^2 g,18.75,12.75,10
demersal,10^2 g,18.75,13.25,1
demersal,10^2 g,18.75,13.75,1
demersal,10^2 g,18.75,14.25,10
demersal,10^2 g,18.75,14.75,3
demersal,10^2 g,18.75,16.75,10
demersal,10^2 g,18.75,17.25,6
demersal,10^2 g,18.75,17.75,26
demersal,10^2 g,18.75,18.25,4
demersal,10^2 g,18.75,18.75,1
demersal,10^2 g,18.75,19.25,14
demersal,10^2 g,18.75,19.75,13
demersal,10^2 g,18.75,20.25,7
demersal,10^2 g,18.75,20.75,2
demersal,10^2 g,18.75,21.25,226
demersal,10^2 g,18.75,21.75,93
demersal,10^2 g,18.75,22.25,15
demersal,10^2 g,19.25,4.75,1
demersal,10^2 g,19.25,5.75,1
demersal,10^2 g,19.25,11.25,1
demersal,10^2 g,19.25,11.75,5
demersal,10^2 g,19.25,13.25,18
demersal,10^2 g,19.25,14.25,21
demersal,10^2 g,19.25,14.75,3
demersal,10^2 g,19.25,15.25,2
demersal,10^2 g,19.25,15.75,10
demersal,10^2 g,19.25,17.25,1
demersal,10^2 g,19.25,17.75,4
demersal,10^2 g,19.25,18.25,1
demersal,10^2 g,19.25,18.75,10
demersal,10^2 g,19.25,19.75,5
demersal,10^2 g,19.25,20.25,7
demersal,10^2 g,19.25,21.25,32
demersal,10^2 g,19.25,21.75,5
demersal,10^2 g,19.25,22.25,34
demersal,10^2 g,19.75,10.25,4
demersal,10^2 g,19.75,11.75,11
demersal,10^2 g,19.75,12.25,1
demersal,10^2 g,19.75,13.75,1
demersal,10^2 g,19.75,14.25,2
demersal,10^2 g,19.75,15.25,2
demersal,10^2 g,19.75,15.75,21
demersal,10^2 g,19.75,16.75,17
demersal,10^2 g,19.75,17.75,2
demersal,10^2 g,19.75,18.25,110
demersal,10^2 g,19.75,18.75,7
demersal,10^2 g,19.75,19.25,12
demersal,10^2 g,19.75,19.75,4
demersal,10^2 g,19.75,20.25,11
demersal,10^2 g,19.75,20.75,7
demersal,10^2 g,19.75,21.25,3
demersal,10^2 g,19.75,21.75,3
demersal,10^2 g,19.75,22.25,29
demersal,10^2 g,19.75,22.75,28
demersal,10^2 g,20.25,11.75,45
demersal,10^2 g,20.25,12.25,69
demersal,10^2 g,20.25,12.75,128
demersal,10^2 g,20.25,13.25,2
demersal,10^2 g,20.25,13.75,1
demersal,10^2 g,20.25,14.75,6
demersal,10^2 g,20.25,15.75,3
demersal,10^2 g,20.25,16.25,6
demersal,10^2 g,20.25,17.75,132
demersal,10^2 g,20.25,18.25,90
demersal,10^2 g,20.25,18.75,6
demersal,10^2 g,20.25,19.25,22
demersal,10^2 g,20.25,19.75,33
demersal,10^2 g,20.25,20.25,16
demersal,10^2 g,20.25,20.75,16
demersal,10^2 g,20.25,21.25,25
demersal,10^2 g,20.25,21.75,6
demersal,10^2 g,20.25,22.25,15
demersal,10^2 g,20.25,22.75,27
demersal,10^2 g,20.75,9.25,1
demersal,10^2 g,20.75,10.75,1
demersal,10^2 g,20.75,11.25,6
demersal,10^2 g,20.75,13.25,3
demersal,10^2 g,20.75,13.75,28
demersal,10^2 g,20.75,14.25,9
demersal,10^2 g,20.75,15.25,1
demersal,10^2 g,20.75,15.75,2
demersal,10^2 g,20.75,16.75,1
demersal,10^2 g,20.75,18.25,15
demersal,10^2 g,20.75,18.75,1
demersal,10^2 g,20.75,19.25,11
demersal,10^2 g,20.75,19.75,14
demersal,10^2 g,20.75,20.25,10
demersal,10^2 g,20.75,20.75,14
demersal,10^2 g,20.75,21.25,7
demersal,10^2 g,20.75,21.75,4
demersal,10^2 g,20.75,22.25,113
demersal,10^2 g,20.75,22.75,26
demersal,10^2 g,21.25,13.25,1
demersal,10^2 g,21.25,15.75,1
demersal,10^2 g,21.25,16.25,1
demersal,10^2 g,21.25,16.75,2
demersal,10^2 g,21.25,17.75,1
demersal,10^2 g,21.25,18.25,1
demersal,10^2 g,21.25,18.75,2
demersal,10^2 g,21.25,19.75,24
demersal,10^2 g,21.25,20.25,17
demersal,10^2 g,21.25,20.75,13
demersal,10^2 g,21.25,21.25,22
demersal,10^2 g,21.25,21.75,11
demersal,10^2 g,21.25,22.25,62
demersal,10^2 g,21.25,22.75,9
demersal,10^2 g,21.75,2.75,1
demersal,10^2 g,21.75,6.25,1
demersal,10^2 g,21.75,12.75,5
demersal,10^2 g,21.75,13.75,319
demersal,10^2 g,21.75,14.25,126
demersal,10^2 g,21.75,17.25,1
demersal,10^2 g,21.75,18.25,14
demersal,10^2 g,21.75,18.75,7
demersal,10^2 g,21.75,19.25,2
demersal,10^2 g,21.75,19.75,9
demersal,10^2 g,21.75,20.25,8
demersal,10^2 g,21.75,20.75,8
demersal,10^2 g,21.75,21.25,28
demersal,10^2 g,21.75,21.75,79
demersal,10^2 g,21.75,22.25,59
demersal,10^2 g,22.25,11.75,1
demersal,10^2 g,22.25,13.25,4
demersal,10^2 g,22.25,13.75,79
demersal,10^2 g,22.25,15.25,4
demersal,10^2 g,22.25,15.75,47
demersal,10^2 g,22.25,16.25,5
demersal,10^2 g,22.25,16.75,6
demersal,10^2 g,22.25,17.25,7
demersal,10^2 g,22.25,19.25,3
demersal,10^2 g,22.25,19.75,2
demersal,10^2 g,22.25,20.25,355
demersal,10^2 g,22.25,20.75,108
demersal,10^2 g,22.25,21.25,42
demersal,10^2 g,22.25,21.75,14
demersal,10^2 g,22.25,22.25,14
demersal,10^2 g,22.25,25.25,85
demersal,10^2 g,22.75,10.25,2
demersal,10^2 g,22.75,12.75,1
demersal,10^2 g,22.75,13.25,14
demersal,10^2 g,22.75,14.25,2
demersal,10^2 g,22.75,14.75,2
demersal,10^2 g,22.75,16.75,2
demersal,10^2 g,22.75,17.25,6
demersal,10^2 g,22.75,17.75,9
demersal,10^2 g,22.75,19.25,4
demersal,10^2 g,22.75,19.75,1
demersal,10^2 g,22.75,20.25,12
demersal,10^2 g,22.75,20.75,128
demersal,10^2 g,22.75,21.25,11
demersal,10^2 g,22.75,21.75,3
demersal,10^2 g,22.75,22.25,10
demersal,10^2 g,23.25,7.75,1
demersal,10^2 g,23.25,9.75,6
demersal,10^2 g,23.25,12.25,3
demersal,10^2 g,23.25,15.25,1
demersal,10^2 g,23.25,15.75,1
demersal,10^2 g,23.25,16.25,133
demersal,10^2 g,23.25,17.25,64
demersal,10^2 g,23.25,17.75,4
demersal,10^2 g,23.25,18.25,3
demersal,10^2 g,23.25,19.25,26
demersal,10^2 g,23.25,19.75,3
demersal,10^2 g,23.25,20.25,3
demersal,10^2 g,23.25,20.75,190
demersal,10^2 g,23.25,21.25,315
demersal,10^2 g,23.25,21.75,12
demersal,10^2 g,23.25,22.25,60
demersal,10^2 g,23.25,22.75,45
demersal,10^2 g,23.75,11.25,4
demersal,10^2 g,23.75,12.75,1
demersal,10^2 g,23.75,14.75,1
demersal,10^2 g,23.75,16.25,308
demersal,10^2 g,23.75,16.75,199
demersal,10^2 g,23.75,17.25,1
demersal,10^2 g,23.75,17.75,129
demersal,10^2 g,23.75,18.25,33
demersal,10^2 g,23.75,18.75,30
demersal,10^2 g,23.75,19.25,1
demersal,10^2 g,23.75,19.75,13
demersal,10^2 g,23.75,20.25,33
demersal,10^2 g,23.75,20.75,44
demersal,10^2 g,23.75,21.25,5
demersal,10^2 g,23.75,21.75,12
demersal,10^2 g,23.75,22.25,55
demersal,10^2 g,23.75,22.75,36
demersal,10^2 g,24.25,10.25,19
demersal,10^2 g,24.25,10.75,5
demersal,10^2 g,24.25,16.25,5
demersal,10^2 g,24.25,16.75,6
demersal,10^2 g,24.25,17.25,378
demersal,10^2 g,24.25,17.75,427
demersal,10^2 g,24.25,18.25,70
demersal,10^2 g,24.25,18.75,89
demersal,10^2 g,24.25,19.25,186
demersal,10^2 g,24.25,19.75,62
demersal,10^2 g,24.25,20.25,48
demersal,10^2 g,24.25,20.75,16
demersal,10^2 g,24.25,21.25,440
demersal,10^2 g,24.25,21.75,46
demersal,10^2 g,24.25,22.25,2
demersal,10^2 g,24.75,10.75,1
demersal,10^2 g,24.75,11.25,21
demersal,10^2 g,24.75,11.75,4
demersal,10^2 g,24.75,13.25,3
demersal,10^2 g,24.75,13.75,3
demersal,10^2 g,24.75,14.25,5
demersal,10^2 g,24.75,15.75,3
demersal,10^2 g,24.75,16.25,29
demersal,10^2 g,24.75,16.75,13
demersal,10^2 g,24.75,17.25,2
demersal,10^2 g,24.75,17.75,136
demersal,10^2 g,24.75,18.25,120
demersal,10^2 g,24.75,18.75,226
demersal,10^2 g,24.75,19.25,127
demersal,10^2 g,24.75,19.75,559
demersal,10^2 g,24.75,20.25,281
demersal,10^2 g,24.75,20.75,679
demersal,10^2 g,24.75,21.25,21
demersal,10^2 g,24.75,21.75,43
demersal,10^2 g,24.75,22.25,3
demersal,10^2 g,25.25,9.25,11
demersal,10^2 g,25.25,12.25,5
demersal,10^2 g,25.25,13.25,1
demersal,10^2 g,25.25,13.75,3
demersal,10^2 g,25.25,14.25,5
demersal,10^2 g,25.25,15.75,6
demersal,10^2 g,25.25,16.25,6
demersal,10^2 g,25.25,16.75,10
demersal,10^2 g,25.25,17.25,6
demersal,10^2 g,25.25,17.75,21
demersal,10^2 g,25.25,18.25,11
demersal,10^2 g,25.25,18.75,173
demersal,10^2 g,25.25,19.25,122
demersal,10^2 g,25.25,19.75,202
demersal,10^2 g,25.25,20.25,104
demersal,10^2 g,25.25,20.75,812
demersal,10^2 g,25.25,21.25,162
demersal,10^2 g,25.25,21.75,373
demersal,10^2 g,25.25,22.25,28
demersal,10^2 g,25.75,10.25,1
demersal,10^2 g,25.75,11.25,11
demersal,10^2 g,25.75,12.25,3
demersal,10^2 g,25.75,12.75,1
demersal,10^2 g,25.75,13.25,1
demersal,10^2 g,25.75,15.25,3
demersal,10^2 g,25.75,16.25,3
demersal,10^2 g,25.75,16.75,1
demersal,10^2 g,25.75,17.25,7
demersal,10^2 g,25.75,17.75,8
demersal,10^2 g,25.75,18.25,9
demersal,10^2 g,25.75,18.75,18
demersal,10^2 g,25.75,19.25,191
demersal,10^2 g,25.75,19.75,219
demersal,10^2 g,25.75,20.25,336
demersal,10^2 g,25.75,20.75,417
demersal,10^2 g,25.75,21.25,215
demersal,10^2 g,25.75,21.75,134
demersal,10^2 g,25.75,22.25,27
demersal,10^2 g,26.25,9.25,7
demersal,10^2 g,26.25,11.25,1
demersal,10^2 g,26.25,13.75,11
demersal,10^2 g,26.25,14.75,10
demersal,10^2 g,26.25,15.75,16
demersal,10^2 g,26.25,16.25,11
demersal,10^2 g,26.25,16.75,13
demersal,10^2 g,26.25,17.25,8
demersal,10^2 g,26.25,17.75,9
demersal,10^2 g,26.25,18.25,21
demersal,10^2 g,26.25,18.75,11
demersal,10^2 g,26.25,19.25,11
demersal,10^2 g,26.25,19.75,4
demersal,10^2 g,26.25,20.25,428
demersal,10^2 g,26.25,20.75,476
demersal,10^2 g,26.25,21.25,633
demersal,10^2 g,26.25,21.75,81
demersal,10^2 g,26.25,22.25,35
demersal,10^2 g,26.75,11.25,4
demersal,10^2 g,26.75,12.25,8
demersal,10^2 g,26.75,12.75,26
demersal,10^2 g,26.75,14.25,1
demersal,10^2 g,26.75,14.75,11
demersal,10^2 g,26.75,15.75,1
demersal,10^2 g,26.75,16.25,3
demersal,10^2 g,26.75,16.75,8
demersal,10^2 g,26.75,17.25,13
demersal,10^2 g,26.75,17.75,72
demersal,10^2 g,26.75,18.25,27
demersal,10^2 g,26.75,18.75,24
demersal,10^2 g,26.75,19.25,14
demersal,10^2 g,26.75,19.75,9
demersal,10^2 g,26.75,20.25,44
demersal,10^2 g,26.75,20.75,2679
demersal,10^2 g,26.75,21.25,291
demersal,10^2 g,26.75,21.75,47
demersal,10^2 g,26.75,22.25,1
demersal,10^2 g,27.25,10.25,6
demersal,10^2 g,27.25,10.75,8
demersal,10^2 g,27.25,13.25,2
demersal,10^2 g,27.25,13.75,22
demersal,10^2 g,27.25,15.25,6
demersal,10^2 g,27.25,15.75,2
demersal,10^2 g,27.25,16.25,21
demersal,10^2 g,27.25,16.75,18
demersal,10^2 g,27.25,17.25,23
demersal,10^2 g,27.25,17.75,64
demersal,10^2 g,27.25,18.25,24
demersal,10^2 g,27.25,18.75,23
demersal,10^2 g,27.25,19.25,130
demersal,10^2 g,27.25,19.75,56
demersal,10^2 g,27.25,20.25,15
demersal,10^2 g,27.25,20.75,616
demersal,10^2 g,27.25,21.25,2738
demersal,10^2 g,27.25,21.75,251
demersal,10^2 g,27.25,22.25,1
demersal,10^2 g,27.75,12.75,56
demersal,10^2 g,27.75,14.25,10
demersal,10^2 g,27.75,16.25,25
demersal,10^2 g,27.75,16.75,5
demersal,10^2 g,27.75,17.25,3
demersal,10^2 g,27.75,17.75,47
demersal,10^2 g,27.75,18.25,45
demersal,10^2 g,27.75,19.25,45
demersal,10^2 g,27.75,19.75,1422
demersal,10^2 g,27.75,20.25,144
demersal,10^2 g,27.75,20.75,1656
demersal,10^2 g,27.75,21.25,314
demersal,10^2 g,27.75,21.75,1781
demersal,10^2 g,27.75,22.25,16
demersal,10^2 g,28.25,18.25,9
demersal,10^2 g,28.25,18.75,22
demersal,10^2 g,28.25,19.25,2
demersal,10^2 g,28.25,19.75,20
demersal,10^2 g,28.25,20.25,350
demersal,10^2 g,28.25,20.75,8
demersal,10^2 g,28.25,21.25,413
demersal,10^2 g,28.25,21.75,29
demersal,10^2 g,28.25,22.25,16
demersal,10^2 g,28.75,19.75,9
demersal,10^2 g,28.75,20.25,3
demersal,10^2 g,28.75,20.75,59
demersal,10^2 g,28.75,21.25,15
demersal,10^2 g,28.75,21.75,8
demersal,10^2 g,28.75,22.25,14
demersal,10^2 g,29.25,21.25,45
demersal,10^2 g,29.25,21.75,234
demersal,10^2 g,29.25,22.25,2
demersal,10^2 g,29.75,21.75,9
demersal,10^3 g,0.25,12.25,2
demersal,10^3 g,0.25,12.75,6
demersal,10^3 g,0.25,13.25,50
demersal,10^3 g,0.25,13.75,23
demersal,10^3 g,0.25,14.25,19
demersal,10^3 g,0.25,14.75,17
demersal,10^3 g,0.25,15.25,27
demersal,10^3 g,0.25,15.75,80
demersal,10^3 g,0.25,16.25,44
demersal,10^3 g,0.25,16.75,30
demersal,10^3 g,0.25,17.25,292
demersal,10^3 g,0.25,17.75,430
demersal,10^3 g,0.25,18.25,1150
demersal,10^3 g,0.25,18.75,2238
demersal,10^3 g,0.25,19.25,2828
demersal,10^3 g,0.25,19.75,3154
demersal,10^3 g,0.25,20.25,875
demersal,10^3 g,0.25,20.75,96
demersal,10^3 g,0.25,21.25,135
demersal,10^3 g,0.25,21.75,75
demersal,10^3 g,0.25,22.25,15
demersal,10^3 g,0.25,22.75,1
demersal,10^3 g,0.25,24.25,1
demersal,10^3 g,0.75,12.25,4
demersal,10^3 g,0.75,12.75,13
demersal,10^3 g,0.75,13.25,31
demersal,10^3 g,0.75,13.75,4
demersal,10^3 g,0.75,14.25,52
demersal,10^3 g,0.75,14.75,16
demersal,10^3 g,0.75,15.25,10
demersal,10^3 g,0.75,15.75,1
demersal,10^3 g,0.75,16.25,6
demersal,10^3 g,0.75,16.75,40
demersal,10^3 g,0.75,17.25,40
demersal,10^3 g,0.75,17.75,404
demersal,10^3 g,0.75,18.25,893
demersal,10^3 g,0.75,18.75,829
demersal,10^3 g,0.75,19.25,551
demersal,10^3 g,0.75,19.75,313
demersal,10^3 g,0.75,20.25,334
demersal,10^3 g,0.75,20.75,240
demersal,10^3 g,0.75,21.25,3
demersal,10^3 g,0.75,21.75,3
demersal,10^3 g,1.25,11.25,1
demersal,10^3 g,1.25,11.75,8
demersal,10^3 g,1.25,12.25,24
demersal,10^3 g,1.25,12.75,23
demersal,10^3 g,1.25,13.25,19
demersal,10^3 g,1.25,13.75,13
demersal,10^3 g,1.25,14.25,12
demersal,10^3 g,1.25,14.75,168
demersal,10^3 g,1.25,15.25,9
demersal,10^3 g,1.25,15.75,12
demersal,10^3 g,1.25,16.25,1
demersal,10^3 g,1.25,16.75,19
demersal,10^3 g,1.25,17.25,15
demersal,10^3 g,1.25,17.75,195
demersal,10^3 g,1.25,18.25,79
demersal,10^3 g,1.25,18.75,201
demersal,10^3 g,1.25,19.25,592
demersal,10^3 g,1.25,19.75,810
demersal,10^3 g,1.25,20.25,441
demersal,10^3 g,1.25,20.75,148
demersal,10^3 g,1.25,21.25,10
demersal,10^3 g,1.25,21.75,4
demersal,10^3 g,1.25,22.25,1
demersal,10^3 g,1.25,22.75,45
demersal,10^3 g,1.75,3.75,1
demersal,10^3 g,1.75,4.25,2
demersal,10^3 g,1.75,4.75,1
demersal,10^3 g,1.75,5.25,2
demersal,10^3 g,1.75,5.75,3
demersal,10^3 g,1.75,6.25,1
demersal,10^3 g,1.75,8.25,1
demersal,10^3 g,1.75,10.25,2
demersal,10^3 g,1.75,10.75,1
demersal,10^3 g,1.75,11.25,8
demersal,10^3 g,1.75,11.75,14
demersal,10^3 g,1.75,12.25,12
demersal,10^3 g,1.75,12.75,11
demersal,10^3 g,1.75,13.25,52
demersal,10^3 g,1.75,13.75,3
demersal,10^3 g,1.75,14.25,2
demersal,10^3 g,1.75,14.75,17
demersal,10^3 g,1.75,15.75,8
demersal,10^3 g,1.75,16.25,14
demersal,10^3 g,1.75,17.25,45
demersal,10^3 g,1.75,17.75,96
demersal,10^3 g,1.75,18.25,111
demersal,10^3 g,1.75,18.75,249
demersal,10^3 g,1.75,19.25,347
demersal,10^3 g,1.75,19.75,243
demersal,10^3 g,1.75,20.25,520
demersal,10^3 g,1.75,20.75,416
demersal,10^3 g,1.75,21.25,7
demersal,10^3 g,1.75,21.75,22
demersal,10^3 g,1.75,22.25,7
demersal,10^3 g,2.25,2.25,1
demersal,10^3 g,2.25,3.25,3
demersal,10^3 g,2.25,3.75,3
demersal,10^3 g,2.25,6.25,2
demersal,10^3 g,2.25,6.75,2
demersal,10^3 g,2.25,7.25,5
demersal,10^3 g,2.25,9.25,2
demersal,10^3 g,2.25,9.75,4
demersal,10^3 g,2.25,10.25,1
demersal,10^3 g,2.25,10.75,2
demersal,10^3 g,2.25,11.25,6
demersal,10^3 g,2.25,11.75,32
demersal,10^3 g,2.25,12.25,9
demersal,10^3 g,2.25,12.75,14
demersal,10^3 g,2.25,13.25,6
demersal,10^3 g,2.25,13.75,10
demersal,10^3 g,2.25,14.25,4
demersal,10^3 g,2.25,14.75,8
demersal,10^3 g,2.25,15.25,8
demersal,10^3 g,2.25,15.75,12
demersal,10^3 g,2.25,16.25,17
demersal,10^3 g,2.25,16.75,1
demersal,10^3 g,2.25,17.25,45
demersal,10^3 g,2.25,17.75,84
demersal,10^3 g,2.25,18.25,174
demersal,10^3 g,2.25,18.75,299
demersal,10^3 g,2.25,19.25,138
demersal,10^3 g,2.25,19.75,354
demersal,10^3 g,2.25,20.25,877
demersal,10^3 g,2.25,20.75,97
demersal,10^3 g,2.25,21.25,57
demersal,10^3 g,2.25,21.75,13
demersal,10^3 g,2.25,22.75,10
demersal,10^3 g,2.25,23.25,4
demersal,10^3 g,2.75,1.75,1
demersal,10^3 g,2.75,2.25,1
demersal,10^3 g,2.75,2.75,2
demersal,10^3 g,2.75,3.25,3
demersal,10^3 g,2.75,5.75,1
demersal,10^3 g,2.75,6.75,2
demersal,10^3 g,2.75,9.75,1
demersal,10^3 g,2.75,10.25,8
demersal,10^3 g,2.75,10.75,13
demersal,10^3 g,2.75,11.25,4
demersal,10^3 g,2.75,11.75,5
demersal,10^3 g,2.75,12.25,13
demersal,10^3 g,2.75,12.75,2
demersal,10^3 g,2.75,13.25,2
demersal,10^3 g,2.75,13.75,2
demersal,10^3 g,2.75,14.25,6
demersal,10^3 g,2.75,14.75,6
demersal,10^3 g,2.75,15.25,3
demersal,10^3 g,2.75,15.75,8
demersal,10^3 g,2.75,16.25,46
demersal,10^3 g,2.75,16.75,12
demersal,10^3 g,2.75,17.25,24
demersal,10^3 g,2.75,17.75,111
demersal,10^3 g,2.75,18.25,39
demersal,10^3 g,2.75,18.75,581
demersal,10^3 g,2.75,19.25,434
demersal,10^3 g,2.75,19.75,146
demersal,10^3 g,2.75,20.25,536
demersal,10^3 g,2.75,20.75,416
demersal,10^3 g,2.75,21.25,22
demersal,10^3 g,2.75,21.75,37
demersal,10^3 g,2.75,22.25,4
demersal,10^3 g,3.25,1.75,2
demersal,10^3 g,3.25,2.25,6
demersal,10^3 g,3.25,2.75,3
demersal,10^3 g,3.25,3.75,5
demersal,10^3 g,3.25,4.25,3
demersal,10^3 g,3.25,4.75,3
demersal,10^3 g,3.25,5.25,7
demersal,10^3 g,3.25,5.75,12
demersal,10^3 g,3.25,6.25,1
demersal,10^3 g,3.25,6.75,3
demersal,10^3 g,3.25,7.75,7
demersal,10^3 g,3.25,8.25,7
demersal,10^3 g,3.25,8.75,5
demersal,10^3 g,3.25,9.25,6
demersal,10^3 g,3.25,9.75,8
demersal,10^3 g,3.25,10.25,6
demersal,10^3 g,3.25,10.75,29
demersal,10^3 g,3.25,11.25,26
demersal,10^3 g,3.25,11.75,25
demersal,10^3 g,3.25,12.25,58
demersal,10^3 g,3.25,12.75,148
demersal,10^3 g,3.25,13.25,47
demersal,10^3 g,3.25,13.75,2
demersal,10^3 g,3.25,14.25,4
demersal,10^3 g,3.25,14.75,5
demersal,10^3 g,3.25,15.25,11
demersal,10^3 g,3.25,15.75,267
demersal,10^3 g,3.25,16.25,61
demersal,10^3 g,3.25,16.75,83
demersal,10^3 g,3.25,17.25,41
demersal,10^3 g,3.25,17.75,166
demersal,10^3 g,3.25,18.25,166
demersal,10^3 g,3.25,18.75,459
demersal,10^3 g,3.25,19.25,1737
demersal,10^3 g,3.25,19.75,655
demersal,10^3 g,3.25,20.25,419
demersal,10^3 g,3.25,20.75,289
demersal,10^3 g,3.25,21.25,74
demersal,10^3 g,3.25,21.75,226
demersal,10^3 g,3.25,22.25,53
demersal,10^3 g,3.75,1.75,6
demersal,10^3 g,3.75,2.25,1
demersal,10^3 g,3.75,2.75,3
demersal,10^3 g,3.75,3.75,1
demersal,10^3 g,3.75,4.25,4
demersal,10^3 g,3.75,5.25,5
demersal,10^3 g,3.75,5.75,1
demersal,10^3 g,3.75,6.25,2
demersal,10^3 g,3.75,6.75,6
demersal,10^3 g,3.75,7.25,2
demersal,10^3 g,3.75,8.25,5
demersal,10^3 g,3.75,8.75,3
demersal,10^3 g,3.75,9.25,2
demersal,10^3 g,3.75,9.75,8
demersal,10^3 g,3.75,10.25,2
demersal,10^3 g,3.75,10.75,45
demersal,10^3 g,3.75,11.25,100
demersal,10^3 g,3.75,11.75,45
demersal,10^3 g,3.75,12.25,35
demersal,10^3 g,3.75,12.75,73
demersal,10^3 g,3.75,13.25,81
demersal,10^3 g,3.75,13.75,172
demersal,10^3 g,3.75,14.25,30
demersal,10^3 g,3.75,14.75,1
demersal,10^3 g,3.75,15.25,17
demersal,10^3 g,3.75,15.75,38
demersal,10^3 g,3.75,16.25,7
demersal,10^3 g,3.75,16.75,9
demersal,10^3 g,3.75,17.25,6
demersal,10^3 g,3.75,17.75,42
demersal,10^3 g,3.75,18.25,50
demersal,10^3 g,3.75,18.75,47
demersal,10^3 g,3.75,19.25,620
demersal,10^3 g,3.75,19.75,235
demersal,10^3 g,3.75,20.25,66
demersal,10^3 g,3.75,20.75,441
demersal,10^3 g,3.75,21.25,163
demersal,10^3 g,3.75,21.75,200
demersal,10^3 g,3.75,22.25,158
demersal,10^3 g,4.25,0.75,2
demersal,10^3 g,4.25,1.25,4
demersal,10^3 g,4.25,2.25,1
demersal,10^3 g,4.25,4.75,18
demersal,10^3 g,4.25,5.25,1
demersal,10^3 g,4.25,6.25,3
demersal,10^3 g,4.25,6.75,4
demersal,10^3 g,4.25,7.25,3
demersal,10^3 g,4.25,7.75,7
demersal,10^3 g,4.25,8.25,11
demersal,10^3 g,4.25,8.75,5
demersal,10^3 g,4.25,9.25,1
demersal,10^3 g,4.25,10.75,5
demersal,10^3 g,4.25,11.25,33
demersal,10^3 g,4.25,11.75,136
demersal,10^3 g,4.25,12.25,112
demersal,10^3 g,4.25,12.75,248
demersal,10^3 g,4.25,13.25,344
demersal,10^3 g,4.25,13.75,50
demersal,10^3 g,4.25,14.25,52
demersal,10^3 g,4.25,14.75,114
demersal,10^3 g,4.25,15.25,18
demersal,10^3 g,4.25,15.75,5
demersal,10^3 g,4.25,16.25,4
demersal,10^3 g,4.25,17.25,23
demersal,10^3 g,4.25,17.75,26
demersal,10^3 g,4.25,18.25,30
demersal,10^3 g,4.25,18.75,9
demersal,10^3 g,4.25,19.25,14
demersal,10^3 g,4.25,19.75,353
demersal,10^3 g,4.25,20.25,81
demersal,10^3 g,4.25,20.75,80
demersal,10^3 g,4.25,21.25,121
demersal,10^3 g,4.25,21.75,496
demersal,10^3 g,4.25,22.25,112
demersal,10^3 g,4.75,3.25,1
demersal,10^3 g,4.75,4.75,3
demersal,10^3 g,4.75,5.75,4
demersal,10^3 g,4.75,6.25,2
demersal,10^3 g,4.75,6.75,6
demersal,10^3 g,4.75,7.75,3
demersal,10^3 g,4.75,9.25,8
demersal,10^3 g,4.75,9.75,3
demersal,10^3 g,4.75,10.25,1
demersal,10^3 g,4.75,10.75,1
demersal,10^3 g,4.75,11.25,32
demersal,10^3 g,4.75,11.75,146
demersal,10^3 g,4.75,12.25,432
demersal,10^3 g,4.75,12.75,429
demersal,10^3 g,4.75,13.25,206
demersal,10^3 g,4.75,13.75,49
demersal,10^3 g,4.75,14.25,243
demersal,10^3 g,4.75,14.75,88
demersal,10^3 g,4.75,15.25,89
demersal,10^3 g,4.75,15.75,82
demersal,10^3 g,4.75,16.25,5
demersal,10^3 g,4.75,16.75,4
demersal,10^3 g,4.75,17.25,16
demersal,10^3 g,4.75,17.75,1
demersal,10^3 g,4.75,18.25,2
demersal,10^3 g,4.75,18.75,3
demersal,10^3 g,4.75,19.25,13
demersal,10^3 g,4.75,19.75,10
demersal,10^3 g,4.75,20.25,200
demersal,10^3 g,4.75,20.75,81
demersal,10^3 g,4.75,21.25,128
demersal,10^3 g,4.75,21.75,1274
demersal,10^3 g,4.75,22.25,253
demersal,10^3 g,5.25,2.25,1
demersal,10^3 g,5.25,2.75,1
demersal,10^3 g,5.25,3.75,312
demersal,10^3 g,5.25,4.25,97
demersal,10^3 g,5.25,4.75,182
demersal,10^3 g,5.25,6.25,3
demersal,10^3 g,5.25,6.75,10
demersal,10^3 g,5.25,7.25,12
demersal,10^3 g,5.25,8.25,5
demersal,10^3 g,5.25,8.75,1
demersal,10^3 g,5.25,9.25,5
demersal,10^3 g,5.25,9.75,6
demersal,10^3 g,5.25,10.25,3
demersal,10^3 g,5.25,10.75,27
demersal,10^3 g,5.25,11.25,45
demersal,10^3 g,5.25,11.75,45
demersal,10^3 g,5.25,12.25,175
demersal,10^3 g,5.25,12.75,695
demersal,10^3 g,5.25,13.25,672
demersal,10^3 g,5.25,13.75,70
demersal,10^3 g,5.25,14.25,31
demersal,10^3 g,5.25,14.75,15
demersal,10^3 g,5.25,15.25,96
demersal,10^3 g,5.25,15.75,174
demersal,10^3 g,5.25,16.25,22
demersal,10^3 g,5.25,16.75,57
demersal,10^3 g,5.25,17.25,30
demersal,10^3 g,5.25,17.75,88
demersal,10^3 g,5.25,18.25,24
demersal,10^3 g,5.25,18.75,184
demersal,10^3 g,5.25,19.25,224
demersal,10^3 g,5.25,19.75,113
demersal,10^3 g,5.25,20.25,731
demersal,10^3 g,5.25,20.75,472
demersal,10^3 g,5.25,21.25,89
demersal,10^3 g,5.25,21.75,1903
demersal,10^3 g,5.25,22.25,236
demersal,10^3 g,5.25,23.25,1
demersal,10^3 g,5.75,0.75,2
demersal,10^3 g,5.75,1.75,2
demersal,10^3 g,5.75,2.75,2
demersal,10^3 g,5.75,3.25,1
demersal,10^3 g,5.75,4.25,3
demersal,10^3 g,5.75,5.25,95
demersal,10^3 g,5.75,5.75,425
demersal,10^3 g,5.75,6.25,276
demersal,10^3 g,5.75,6.75,448
demersal,10^3 g,5.75,8.25,2
demersal,10^3 g,5.75,8.75,4772
demersal,10^3 g,5.75,9.25,7
demersal,10^3 g,5.75,9.75,9
demersal,10^3 g,5.75,10.25,6
demersal,10^3 g,5.75,10.75,36
demersal,10^3 g,5.75,11.25,18
demersal,10^3 g,5.75,11.75,10
demersal,10^3 g,5.75,12.25,32
demersal,10^3 g,5.75,12.75,299
demersal,10^3 g,5.75,13.25,1121
demersal,10^3 g,5.75,13.75,593
demersal,10^3 g,5.75,14.25,163
demersal,10^3 g,5.75,14.75,9
demersal,10^3 g,5.75,15.25,25
demersal,10^3 g,5.75,15.75,59
demersal,10^3 g,5.75,16.25,79
demersal,10^3 g,5.75,16.75,112
demersal,10^3 g,5.75,17.25,14
demersal,10^3 g,5.75,17.75,48
demersal,10^3 g,5.75,18.25,21
demersal,10^3 g,5.75,18.75,8
demersal,10^3 g,5.75,19.25,84
demersal,10^3 g,5.75,19.75,198
demersal,10^3 g,5.75,20.25,528
demersal,10^3 g,5.75,20.75,1057
demersal,10^3 g,5.75,21.25,1014
demersal,10^3 g,5.75,21.75,2052
demersal,10^3 g,5.75,22.25,1360
demersal,10^3 g,6.25,2.25,1
demersal,10^3 g,6.25,3.25,2
demersal,10^3 g,6.25,3.75,1
demersal,10^3 g,6.25,4.25,3
demersal,10^3 g,6.25,4.75,5
demersal,10^3 g,6.25,5.25,10
demersal,10^3 g,6.25,5.75,1
demersal,10^3 g,6.25,6.25,6
demersal,10^3 g,6.25,6.75,416
demersal,10^3 g,6.25,7.25,1226
demersal,10^3 g,6.25,7.75,11
demersal,10^3 g,6.25,8.25,567
demersal,10^3 g,6.25,8.75,3239
demersal,10^3 g,6.25,9.25,2933
demersal,10^3 g,6.25,9.75,1370
demersal,10^3 g,6.25,10.25,3
demersal,10^3 g,6.25,11.75,4
demersal,10^3 g,6.25,12.25,23
demersal,10^3 g,6.25,12.75,26
demersal,10^3 g,6.25,13.25,363
demersal,10^3 g,6.25,13.75,1036
demersal,10^3 g,6.25,14.25,617
demersal,10^3 g,6.25,14.75,168
demersal,10^3 g,6.25,15.25,53
demersal,10^3 g,6.25,15.75,3
demersal,10^3 g,6.25,16.25,3
demersal,10^3 g,6.25,16.75,48
demersal,10^3 g,6.25,17.25,84
demersal,10^3 g,6.25,17.75,142
demersal,10^3 g,6.25,18.25,257
demersal,10^3 g,6.25,18.75,363
demersal,10^3 g,6.25,19.25,648
demersal,10^3 g,6.25,19.75,146
demersal,10^3 g,6.25,20.25,378
demersal,10^3 g,6.25,20.75,1623
demersal,10^3 g,6.25,21.25,4668
demersal,10^3 g,6.25,21.75,903
demersal,10^3 g,6.25,22.25,1816
demersal,10^3 g,6.25,22.75,8
demersal,10^3 g,6.75,1.25,5
demersal,10^3 g,6.75,6.25,1
demersal,10^3 g,6.75,7.25,2
demersal,10^3 g,6.75,8.25,2886
demersal,10^3 g,6.75,8.75,1589
demersal,10^3 g,6.75,9.25,1076
demersal,10^3 g,6.75,9.75,394
demersal,10^3 g,6.75,10.25,1382
demersal,10^3 g,6.75,10.75,2460
demersal,10^3 g,6.75,11.75,26
demersal,10^3 g,6.75,12.25,14
demersal,10^3 g,6.75,12.75,332
demersal,10^3 g,6.75,13.25,51
demersal,10^3 g,6.75,13.75,53
demersal,10^3 g,6.75,14.25,1473
demersal,10^3 g,6.75,14.75,328
demersal,10^3 g,6.75,15.25,429
demersal,10^3 g,6.75,15.75,221
demersal,10^3 g,6.75,16.25,473
demersal,10^3 g,6.75,16.75,169
demersal,10^3 g,6.75,17.25,374
demersal,10^3 g,6.75,17.75,340
demersal,10^3 g,6.75,18.25,319
demersal,10^3 g,6.75,18.75,451
demersal,10^3 g,6.75,19.25,1198
demersal,10^3 g,6.75,19.75,816
demersal,10^3 g,6.75,20.25,948
demersal,10^3 g,6.75,20.75,2824
demersal,10^3 g,6.75,21.25,7248
demersal,10^3 g,6.75,21.75,847
demersal,10^3 g,6.75,22.25,3221
demersal,10^3 g,7.25,4.75,2
demersal,10^3 g,7.25,5.75,2
demersal,10^3 g,7.25,7.25,3
demersal,10^3 g,7.25,7.75,6
demersal,10^3 g,7.25,9.25,8
demersal,10^3 g,7.25,9.75,15
demersal,10^3 g,7.25,10.25,1011
demersal,10^3 g,7.25,10.75,715
demersal,10^3 g,7.25,11.25,17
demersal,10^3 g,7.25,12.25,247
demersal,10^3 g,7.25,12.75,1087
demersal,10^3 g,7.25,13.25,36
demersal,10^3 g,7.25,13.75,567
demersal,10^3 g,7.25,14.25,277
demersal,10^3 g,7.25,14.75,112
demersal,10^3 g,7.25,15.25,842
demersal,10^3 g,7.25,15.75,198
demersal,10^3 g,7.25,16.25,264
demersal,10^3 g,7.25,16.75,245
demersal,10^3 g,7.25,17.25,279
demersal,10^3 g,7.25,17.75,455
demersal,10^3 g,7.25,18.25,171
demersal,10^3 g,7.25,18.75,800
demersal,10^3 g,7.25,19.25,4255
demersal,10^3 g,7.25,19.75,12889
demersal,10^3 g,7.25,20.25,4484
demersal,10^3 g,7.25,20.75,1641
demersal,10^3 g,7.25,21.25,2167
demersal,10^3 g,7.25,21.75,4783
demersal,10^3 g,7.25,22.25,2680
demersal,10^3 g,7.25,22.75,344
demersal,10^3 g,7.75,0.75,1
demersal,10^3 g,7.75,3.25,4
demersal,10^3 g,7.75,4.75,1
demersal,10^3 g,7.75,5.25,3
demersal,10^3 g,7.75,7.25,1
demersal,10^3 g,7.75,7.75,1
demersal,10^3 g,7.75,8.25,17
demersal,10^3 g,7.75,8.75,532
demersal,10^3 g,7.75,9.25,19
demersal,10^3 g,7.75,9.75,742
demersal,10^3 g,7.75,10.25,21
demersal,10^3 g,7.75,10.75,19
demersal,10^3 g,7.75,11.25,4
demersal,10^3 g,7.75,11.75,11
demersal,10^3 g,7.75,12.75,717
demersal,10^3 g,7.75,13.25,428
demersal,10^3 g,7.75,13.75,21
demersal,10^3 g,7.75,14.25,293
demersal,10^3 g,7.75,14.75,659
demersal,10^3 g,7.75,15.25,815
demersal,10^3 g,7.75,15.75,319
demersal,10^3 g,7.75,16.25,67
demersal,10^3 g,7.75,16.75,92
demersal,10^3 g,7.75,17.25,524
demersal,10^3 g,7.75,17.75,258
demersal,10^3 g,7.75,18.25,543
demersal,10^3 g,7.75,18.75,20
demersal,10^3 g,7.75,19.25,217
demersal,10^3 g,7.75,19.75,7691
demersal,10^3 g,7.75,20.25,16135
demersal,10^3 g,7.75,20.75,2312
demersal,10^3 g,7.75,21.25,2940
demersal,10^3 g,7.75,21.75,4468
demersal,10^3 g,7.75,22.25,2033
demersal,10^3 g,7.75,22.75,1038
demersal,10^3 g,8.25,0.75,1
demersal,10^3 g,8.25,2.75,7
demersal,10^3 g,8.25,4.75,2
demersal,10^3 g,8.25,6.25,5
demersal,10^3 g,8.25,6.75,1
demersal,10^3 g,8.25,8.25,6
demersal,10^3 g,8.25,9.25,16
demersal,10^3 g,8.25,9.75,9
demersal,10^3 g,8.25,10.75,1
demersal,10^3 g,8.25,11.25,2
demersal,10^3 g,8.25,11.75,259
demersal,10^3 g,8.25,12.25,291
demersal,10^3 g,8.25,12.75,4
demersal,10^3 g,8.25,13.25,1
demersal,10^3 g,8.25,13.75,515
demersal,10^3 g,8.25,14.25,869
demersal,10^3 g,8.25,14.75,807
demersal,10^3 g,8.25,15.25,537
demersal,10^3 g,8.25,15.75,1053
demersal,10^3 g,8.25,16.25,1286
demersal,10^3 g,8.25,16.75,1091
demersal,10^3 g,8.25,17.25,537
demersal,10^3 g,8.25,17.75,655
demersal,10^3 g,8.25,18.25,419
demersal,10^3 g,8.25,18.75,95
demersal,10^3 g,8.25,19.25,946
demersal,10^3 g,8.25,19.75,3368
demersal,10^3 g,8.25,20.25,10766
demersal,10^3 g,8.25,20.75,9053
demersal,10^3 g,8.25,21.25,4793
demersal,10^3 g,8.25,21.75,1911
demersal,10^3 g,8.25,22.25,1481
demersal,10^3 g,8.25,22.75,938
demersal,10^3 g,8.75,2.25,4
demersal,10^3 g,8.75,2.75,4
demersal,10^3 g,8.75,4.25,2
demersal,10^3 g,8.75,4.75,1
demersal,10^3 g,8.75,5.25,4
demersal,10^3 g,8.75,6.25,4
demersal,10^3 g,8.75,6.75,5
demersal,10^3 g,8.75,8.25,1
demersal,10^3 g,8.75,9.25,7
demersal,10^3 g,8.75,10.25,2
demersal,10^3 g,8.75,11.25,5
demersal,10^3 g,8.75,11.75,2
demersal,10^3 g,8.75,12.75,4
demersal,10^3 g,8.75,13.25,8
demersal,10^3 g,8.75,13.75,13
demersal,10^3 g,8.75,14.25,115
demersal,10^3 g,8.75,14.75,68
demersal,10^3 g,8.75,15.25,78
demersal,10^3 g,8.75,15.75,20
demersal,10^3 g,8.75,16.25,108
demersal,10^3 g,8.75,16.75,840
demersal,10^3 g,8.75,17.25,2196
demersal,10^3 g,8.75,17.75,547
demersal,10^3 g,8.75,18.25,610
demersal,10^3 g,8.75,18.75,1191
demersal,10^3 g,8.75,19.25,2207
demersal,10^3 g,8.75,19.75,3637
demersal,10^3 g,8.75,20.25,8730
demersal,10^3 g,8.75,20.75,14771
demersal,10^3 g,8.75,21.25,19496
demersal,10^3 g,8.75,21.75,2934
demersal,10^3 g,8.75,22.25,208
demersal,10^3 g,9.25,4.25,9
demersal,10^3 g,9.25,4.75,4
demersal,10^3 g,9.25,5.25,2
demersal,10^3 g,9.25,6.25,1
demersal,10^3 g,9.25,6.75,1
demersal,10^3 g,9.25,7.25,14
demersal,10^3 g,9.25,7.75,14
demersal,10^3 g,9.25,8.25,2
demersal,10^3 g,9.25,8.75,2
demersal,10^3 g,9.25,9.25,9
demersal,10^3 g,9.25,9.75,19
demersal,10^3 g,9.25,10.75,1
demersal,10^3 g,9.25,11.25,81
demersal,10^3 g,9.25,11.75,2
demersal,10^3 g,9.25,12.25,4
demersal,10^3 g,9.25,12.75,31
demersal,10^3 g,9.25,13.25,1
demersal,10^3 g,9.25,13.75,16
demersal,10^3 g,9.25,14.25,29
demersal,10^3 g,9.25,14.75,45
demersal,10^3 g,9.25,15.25,55
demersal,10^3 g,9.25,15.75,58
demersal,10^3 g,9.25,16.25,41
demersal,10^3 g,9.25,16.75,206
demersal,10^3 g,9.25,17.25,902
demersal,10^3 g,9.25,17.75,113
demersal,10^3 g,9.25,18.25,373
demersal,10^3 g,9.25,18.75,113
demersal,10^3 g,9.25,19.25,74
demersal,10^3 g,9.25,19.75,1918
demersal,10^3 g,9.25,20.25,9767
demersal,10^3 g,9.25,20.75,6309
demersal,10^3 g,9.25,21.25,12380
demersal,10^3 g,9.25,21.75,8452
demersal,10^3 g,9.25,22.25,8395
demersal,10^3 g,9.75,1.25,1
demersal,10^3 g,9.75,1.75,6
demersal,10^3 g,9.75,2.25,1
demersal,10^3 g,9.75,3.25,11
demersal,10^3 g,9.75,4.25,2
demersal,10^3 g,9.75,4.75,1
demersal,10^3 g,9.75,6.25,9
demersal,10^3 g,9.75,7.25,1
demersal,10^3 g,9.75,8.25,1
demersal,10^3 g,9.75,9.25,6
demersal,10^3 g,9.75,9.75,22
demersal,10^3 g,9.75,10.25,22
demersal,10^3 g,9.75,10.75,1
demersal,10^3 g,9.75,11.25,1
demersal,10^3 g,9.75,11.75,80
demersal,10^3 g,9.75,12.75,7
demersal,10^3 g,9.75,13.75,1
demersal,10^3 g,9.75,14.25,37
demersal,10^3 g,9.75,14.75,38
demersal,10^3 g,9.75,15.25,88
demersal,10^3 g,9.75,15.75,54
demersal,10^3 g,9.75,16.25,31
demersal,10^3 g,9.75,16.75,17
demersal,10^3 g,9.75,17.25,122
demersal,10^3 g,9.75,17.75,689
demersal,10^3 g,9.75,18.25,241
demersal,10^3 g,9.75,18.75,49
demersal,10^3 g,9.75,19.25,153
demersal,10^3 g,9.75,19.75,3573
demersal,10^3 g,9.75,20.25,27694
demersal,10^3 g,9.75,20.75,13877
demersal,10^3 g,9.75,21.25,15543
demersal,10^3 g,9.75,21.75,19847
demersal,10^3 g,9.75,22.25,670
demersal,10^3 g,9.75,22.75,1918
demersal,10^3 g,10.25,1.75,22
demersal,10^3 g,10.25,2.25,2
demersal,10^3 g,10.25,2.75,2
demersal,10^3 g,10.25,3.25,1
demersal,10^3 g,10.25,3.75,1
demersal,10^3 g,10.25,4.25,6
demersal,10^3 g,10.25,6.25,10
demersal,10^3 g,10.25,7.25,2
demersal,10^3 g,10.25,7.75,3
demersal,10^3 g,10.25,8.25,1
demersal,10^3 g,10.25,9.75,8
demersal,10^3 g,10.25,10.25,7
demersal,10^3 g,10.25,11.25,2
demersal,10^3 g,10.25,11.75,8
demersal,10^3 g,10.25,12.25,24
demersal,10^3 g,10.25,12.75,8
demersal,10^3 g,10.25,13.25,2
demersal,10^3 g,10.25,13.75,8
demersal,10^3 g,10.25,14.25,19
demersal,10^3 g,10.25,14.75,18
demersal,10^3 g,10.25,15.25,72
demersal,10^3 g,10.25,15.75,93
demersal,10^3 g,10.25,16.25,84
demersal,10^3 g,10.25,16.75,44
demersal,10^3 g,10.25,17.25,165
demersal,10^3 g,10.25,17.75,154
demersal,10^3 g,10.25,18.25,107
demersal,10^3 g,10.25,18.75,22
demersal,10^3 g,10.25,19.25,104
demersal,10^3 g,10.25,19.75,30251
demersal,10^3 g,10.25,20.25,56473
demersal,10^3 g,10.25,20.75,7749
demersal,10^3 g,10.25,21.25,26719
demersal,10^3 g,10.25,21.75,15619
demersal,10^3 g,10.25,22.25,2854
demersal,10^3 g,10.75,1.25,1
demersal,10^3 g,10.75,1.75,3
demersal,10^3 g,10.75,4.25,6
demersal,10^3 g,10.75,4.75,4
demersal,10^3 g,10.75,6.25,5
demersal,10^3 g,10.75,7.25,1
demersal,10^3 g,10.75,8.25,1
demersal,10^3 g,10.75,8.75,1
demersal,10^3 g,10.75,9.25,25
demersal,10^3 g,10.75,9.75,11
demersal,10^3 g,10.75,10.75,5
demersal,10^3 g,10.75,11.25,3
demersal,10^3 g,10.75,12.25,2
demersal,10^3 g,10.75,12.75,35
demersal,10^3 g,10.75,14.25,33
demersal,10^3 g,10.75,14.75,13
demersal,10^3 g,10.75,15.25,62
demersal,10^3 g,10.75,15.75,29
demersal,10^3 g,10.75,16.25,22
demersal,10^3 g,10.75,16.75,36
demersal,10^3 g,10.75,17.25,112
demersal,10^3 g,10.75,17.75,31
demersal,10^3 g,10.75,18.25,279
demersal,10^3 g,10.75,18.75,200
demersal,10^3 g,10.75,19.25,454
demersal,10^3 g,10.75,19.75,5512
demersal,10^3 g,10.75,20.25,61385
demersal,10^3 g,10.75,20.75,18416
demersal,10^3 g,10.75,21.25,16532
demersal,10^3 g,10.75,21.75,24379
demersal,10^3 g,10.75,22.25,1264
demersal,10^3 g,10.75,22.75,168
demersal,10^3 g,11.25,1.75,3
demersal,10^3 g,11.25,2.25,1
demersal,10^3 g,11.25,2.75,3
demersal,10^3 g,11.25,3.25,3
demersal,10^3 g,11.25,4.25,2
demersal,10^3 g,11.25,4.75,2
demersal,10^3 g,11.25,6.75,1
demersal,10^3 g,11.25,7.25,1
demersal,10^3 g,11.25,10.25,1
demersal,10^3 g,11.25,10.75,1
demersal,10^3 g,11.25,11.75,4
demersal,10^3 g,11.25,12.25,3
demersal,10^3 g,11.25,13.25,5
demersal,10^3 g,11.25,13.75,4
demersal,10^3 g,11.25,14.25,3
demersal,10^3 g,11.25,14.75,3
demersal,10^3 g,11.25,15.25,25
demersal,10^3 g,11.25,15.75,339
demersal,10^3 g,11.25,16.25,182
demersal,10^3 g,11.25,16.75,40
demersal,10^3 g,11.25,17.25,209
demersal,10^3 g,11.25,17.75,392
demersal,10^3 g,11.25,18.25,200
demersal,10^3 g,11.25,18.75,338
demersal,10^3 g,11.25,19.25,8
demersal,10^3 g,11.25,19.75,65
demersal,10^3 g,11.25,20.25,10234
demersal,10^3 g,11.25,20.75,8444
demersal,10^3 g,11.25,21.25,21646
demersal,10^3 g,11.25,21.75,17636
demersal,10^3 g,11.25,22.25,807
demersal,10^3 g,11.25,22.75,3
demersal,10^3 g,11.75,3.75,4
demersal,10^3 g,11.75,4.25,8
demersal,10^3 g,11.75,6.75,5
demersal,10^3 g,11.75,9.75,1
demersal,10^3 g,11.75,10.25,5
demersal,10^3 g,11.75,11.25,2
demersal,10^3 g,11.75,11.75,1
demersal,10^3 g,11.75,12.75,3
demersal,10^3 g,11.75,13.25,1
demersal,10^3 g,11.75,14.25,22
demersal,10^3 g,11.75,14.75,2
demersal,10^3 g,11.75,15.25,23
demersal,10^3 g,11.75,15.75,51
demersal,10^3 g,11.75,16.25,52
demersal,10^3 g,11.75,16.75,281
demersal,10^3 g,11.75,17.25,11
demersal,10^3 g,11.75,17.75,64
demersal,10^3 g,11.75,18.25,37
demersal,10^3 g,11.75,18.75,72
demersal,10^3 g,11.75,19.25,106
demersal,10^3 g,11.75,19.75,57
demersal,10^3 g,11.75,20.25,6866
demersal,10^3 g,11.75,20.75,3269
demersal,10^3 g,11.75,21.25,9397
demersal,10^3 g,11.75,21.75,1094
demersal,10^3 g,11.75,22.25,172
demersal,10^3 g,12.25,2.75,3
demersal,10^3 g,12.25,4.25,1
demersal,10^3 g,12.25,5.25,2
demersal,10^3 g,12.25,5.75,1
demersal,10^3 g,12.25,9.75,4
demersal,10^3 g,12.25,13.25,1
demersal,10^3 g,12.25,13.75,1
demersal,10^3 g,12.25,15.25,5
demersal,10^3 g,12.25,15.75,56
demersal,10^3 g,12.25,16.25,155
demersal,10^3 g,12.25,16.75,57
demersal,10^3 g,12.25,17.25,35
demersal,10^3 g,12.25,17.75,7
demersal,10^3 g,12.25,18.25,65
demersal,10^3 g,12.25,18.75,8
demersal,10^3 g,12.25,19.25,78
demersal,10^3 g,12.25,19.75,102
demersal,10^3 g,12.25,20.25,600
demersal,10^3 g,12.25,20.75,35
demersal,10^3 g,12.25,21.25,6764
demersal,10^3 g,12.25,21.75,3451
demersal,10^3 g,12.25,22.25,614
demersal,10^3 g,12.25,22.75,13
demersal,10^3 g,12.75,2.75,9
demersal,10^3 g,12.75,5.75,1
demersal,10^3 g,12.75,7.25,1
demersal,10^3 g,12.75,7.75,1
demersal,10^3 g,12.75,9.75,1
demersal,10^3 g,12.75,12.25,9
demersal,10^3 g,12.75,13.25,20
demersal,10^3 g,12.75,13.75,5
demersal,10^3 g,12.75,14.25,5
demersal,10^3 g,12.75,14.75,11
demersal,10^3 g,12.75,15.25,3
demersal,10^3 g,12.75,15.75,6
demersal,10^3 g,12.75,16.25,17
demersal,10^3 g,12.75,16.75,10
demersal,10^3 g,12.75,17.25,39
demersal,10^3 g,12.75,17.75,13
demersal,10^3 g,12.75,18.25,19
demersal,10^3 g,12.75,18.75,33
demersal,10^3 g,12.75,19.25,41
demersal,10^3 g,12.75,19.75,8
demersal,10^3 g,12.75,20.25,3433
demersal,10^3 g,12.75,20.75,818
demersal,10^3 g,12.75,21.25,17
demersal,10^3 g,12.75,21.75,427
demersal,10^3 g,12.75,22.25,2899
demersal,10^3 g,12.75,22.75,6
demersal,10^3 g,13.25,2.25,1
demersal,10^3 g,13.25,2.75,1
demersal,10^3 g,13.25,3.75,3
demersal,10^3 g,13.25,4.75,1
demersal,10^3 g,13.25,5.25,2
demersal,10^3 g,13.25,6.75,4
demersal,10^3 g,13.25,7.25,2
demersal,10^3 g,13.25,7.75,7
demersal,10^3 g,13.25,10.25,2
demersal,10^3 g,13.25,10.75,1
demersal,10^3 g,13.25,11.25,10
demersal,10^3 g,13.25,11.75,2
demersal,10^3 g,13.25,12.75,2
demersal,10^3 g,13.25,13.75,9
demersal,10^3 g,13.25,15.25,9
demersal,10^3 g,13.25,15.75,21
demersal,10^3 g,13.25,16.25,117
demersal,10^3 g,13.25,16.75,40
demersal,10^3 g,13.25,17.25,43
demersal,10^3 g,13.25,17.75,86
demersal,10^3 g,13.25,18.25,41
demersal,10^3 g,13.25,18.75,26
demersal,10^3 g,13.25,19.25,249
demersal,10^3 g,13.25,19.75,45
demersal,10^3 g,13.25,20.25,3
demersal,10^3 g,13.25,20.75,33
demersal,10^3 g,13.25,21.25,60
demersal,10^3 g,13.25,21.75,27
demersal,10^3 g,13.25,22.25,51
demersal,10^3 g,13.75,0.75,1
demersal,10^3 g,13.75,3.25,5
demersal,10^3 g,13.75,4.75,1
demersal,10^3 g,13.75,6.25,4
demersal,10^3 g,13.75,8.25,3
demersal,10^3 g,13.75,12.25,1
demersal,10^3 g,13.75,12.75,1
demersal,10^3 g,13.75,13.25,1
demersal,10^3 g,13.75,14.25,1
demersal,10^3 g,13.75,15.25,7
demersal,10^3 g,13.75,15.75,19
demersal,10^3 g,13.75,16.25,15
demersal,10^3 g,13.75,16.75,1
demersal,10^3 g,13.75,17.25,48
demersal,10^3 g,13.75,17.75,12
demersal,10^3 g,13.75,18.25,10
demersal,10^3 g,13.75,18.75,62
demersal,10^3 g,13.75,19.25,125
demersal,10^3 g,13.75,19.75,287
demersal,10^3 g,13.75,20.25,253
demersal,10^3 g,13.75,20.75,34
demersal,10^3 g,13.75,21.25,4
demersal,10^3 g,13.75,21.75,9
demersal,10^3 g,13.75,22.25,330
demersal,10^3 g,14.25,2.75,1
demersal,10^3 g,14.25,3.25,3
demersal,10^3 g,14.25,7.25,7
demersal,10^3 g,14.25,8.75,4
demersal,10^3 g,14.25,9.25,2
demersal,10^3 g,14.25,10.25,10
demersal,10^3 g,14.25,11.25,1
demersal,10^3 g,14.25,11.75,1
demersal,10^3 g,14.25,12.75,1
demersal,10^3 g,14.25,13.25,1
demersal,10^3 g,14.25,13.75,1
demersal,10^3 g,14.25,14.25,1
demersal,10^3 g,14.25,14.75,1
demersal,10^3 g,14.25,16.25,5
demersal,10^3 g,14.25,16.75,15
demersal,10^3 g,14.25,17.25,13
demersal,10^3 g,14.25,17.75,13
demersal,10^3 g,14.25,18.25,391
demersal,10^3 g,14.25,18.75,106
demersal,10^3 g,14.25,19.25,123
demersal,10^3 g,14.25,19.75,377
demersal,10^3 g,14.25,20.25,518
demersal,10^3 g,14.25,20.75,309
demersal,10^3 g,14.25,21.25,54
demersal,10^3 g,14.25,21.75,108
demersal,10^3 g,14.25,22.25,20
demersal,10^3 g,14.75,1.75,1
demersal,10^3 g,14.75,2.75,1
demersal,10^3 g,14.75,5.25,3
demersal,10^3 g,14.75,6.25,1
demersal,10^3 g,14.75,7.75,3
demersal,10^3 g,14.75,8.75,2
demersal,10^3 g,14.75,9.75,1
demersal,10^3 g,14.75,12.25,2
demersal,10^3 g,14.75,13.25,2
demersal,10^3 g,14.75,14.25,2
demersal,10^3 g,14.75,15.25,3
demersal,10^3 g,14.75,15.75,1
demersal,10^3 g,14.75,16.25,45
demersal,10^3 g,14.75,16.75,2
demersal,10^3 g,14.75,17.25,11
demersal,10^3 g,14.75,18.25,109
demersal,10^3 g,14.75,18.75,195
demersal,10^3 g,14.75,19.25,114
demersal,10^3 g,14.75,19.75,512
demersal,10^3 g,14.75,20.25,143
demersal,10^3 g,14.75,20.75,611
demersal,10^3 g,14.75,21.25,2036
demersal,10^3 g,14.75,21.75,511
demersal,10^3 g,14.75,22.25,4
demersal,10^3 g,15.25,0.75,1
demersal,10^3 g,15.25,3.75,2
demersal,10^3 g,15.25,4.75,5
demersal,10^3 g,15.25,8.25,2
demersal,10^3 g,15.25,12.75,1
demersal,10^3 g,15.25,13.75,1
demersal,10^3 g,15.25,14.75,10
demersal,10^3 g,15.25,15.25,4
demersal,10^3 g,15.25,15.75,2
demersal,10^3 g,15.25,16.25,2
demersal,10^3 g,15.25,16.75,4
demersal,10^3 g,15.25,17.25,16
demersal,10^3 g,15.25,17.75,35
demersal,10^3 g,15.25,18.25,3
demersal,10^3 g,15.25,18.75,264
demersal,10^3 g,15.25,19.25,43
demersal,10^3 g,15.25,19.75,84
demersal,10^3 g,15.25,20.25,370
demersal,10^3 g,15.25,20.75,139
demersal,10^3 g,15.25,21.25,397
demersal,10^3 g,15.25,21.75,99
demersal,10^3 g,15.25,22.25,245
demersal,10^3 g,15.25,22.75,3
demersal,10^3 g,15.75,2.75,5
demersal,10^3 g,15.75,4.25,2
demersal,10^3 g,15.75,5.75,1
demersal,10^3 g,15.75,7.25,1
demersal,10^3 g,15.75,7.75,1
demersal,10^3 g,15.75,8.75,1
demersal,10^3 g,15.75,9.75,5
demersal,10^3 g,15.75,10.75,3
demersal,10^3 g,15.75,12.75,3
demersal,10^3 g,15.75,14.25,1
demersal,10^3 g,15.75,15.25,16
demersal,10^3 g,15.75,15.75,2
demersal,10^3 g,15.75,16.25,8
demersal,10^3 g,15.75,16.75,13
demersal,10^3 g,15.75,17.25,28
demersal,10^3 g,15.75,17.75,38
demersal,10^3 g,15.75,18.25,7
demersal,10^3 g,15.75,18.75,154
demersal,10^3 g,15.75,19.25,25
demersal,10^3 g,15.75,19.75,34
demersal,10^3 g,15.75,20.25,1214
demersal,10^3 g,15.75,20.75,924
demersal,10^3 g,15.75,21.25,240
demersal,10^3 g,15.75,21.75,66
demersal,10^3 g,15.75,22.25,12
demersal,10^3 g,15.75,22.75,1
demersal,10^3 g,16.25,4.25,6
demersal,10^3 g,16.25,5.25,33
demersal,10^3 g,16.25,5.75,1
demersal,10^3 g,16.25,8.25,2
demersal,10^3 g,16.25,9.75,2
demersal,10^3 g,16.25,10.25,11
demersal,10^3 g,16.25,13.25,2
demersal,10^3 g,16.25,14.25,1
demersal,10^3 g,16.25,14.75,11
demersal,10^3 g,16.25,15.25,24
demersal,10^3 g,16.25,15.75,5
demersal,10^3 g,16.25,16.25,9
demersal,10^3 g,16.25,16.75,4
demersal,10^3 g,16.25,17.25,1
demersal,10^3 g,16.25,17.75,3
demersal,10^3 g,16.25,18.25,15
demersal,10^3 g,16.25,18.75,2
demersal,10^3 g,16.25,19.25,199
demersal,10^3 g,16.25,20.25,102
demersal,10^3 g,16.25,20.75,289
demersal,10^3 g,16.25,21.25,157
demersal,10^3 g,16.25,21.75,77
demersal,10^3 g,16.25,22.25,69
demersal,10^3 g,16.25,22.75,107
demersal,10^3 g,16.75,5.75,2
demersal,10^3 g,16.75,9.75,1
demersal,10^3 g,16.75,10.25,4
demersal,10^3 g,16.75,11.25,9
demersal,10^3 g,16.75,12.75,6
demersal,10^3 g,16.75,13.25,2
demersal,10^3 g,16.75,14.25,4
demersal,10^3 g,16.75,15.25,5
demersal,10^3 g,16.75,15.75,18
demersal,10^3 g,16.75,16.25,13
demersal,10^3 g,16.75,16.75,17
demersal,10^3 g,16.75,17.25,3
demersal,10^3 g,16.75,17.75,1
demersal,10^3 g,16.75,18.25,2
demersal,10^3 g,16.75,18.75,18
demersal,10^3 g,16.75,19.25,1
demersal,10^3 g,16.75,19.75,161
demersal,10^3 g,16.75,20.25,957
demersal,10^3 g,16.75,20.75,68
demersal,10^3 g,16.75,21.25,52
demersal,10^3 g,16.75,21.75,44
demersal,10^3 g,16.75,22.25,12
demersal,10^3 g,16.75,22.75,21
demersal,10^3 g,17.25,6.25,20
demersal,10^3 g,17.25,8.25,1
demersal,10^3 g,17.25,10.75,1
demersal,10^3 g,17.25,11.75,5
demersal,10^3 g,17.25,12.75,1
demersal,10^3 g,17.25,14.75,1
demersal,10^3 g,17.25,15.25,1
demersal,10^3 g,17.25,15.75,9
demersal,10^3 g,17.25,16.25,32
demersal,10^3 g,17.25,16.75,2
demersal,10^3 g,17.25,17.25,10
demersal,10^3 g,17.25,17.75,1
demersal,10^3 g,17.25,18.25,15
demersal,10^3 g,17.25,18.75,4
demersal,10^3 g,17.25,19.25,54
demersal,10^3 g,17.25,19.75,13
demersal,10^3 g,17.25,20.25,2464
demersal,10^3 g,17.25,20.75,559
demersal,10^3 g,17.25,21.25,216
demersal,10^3 g,17.25,21.75,6
demersal,10^3 g,17.25,22.25,10
demersal,10^3 g,17.25,22.75,1
demersal,10^3 g,17.75,8.75,2
demersal,10^3 g,17.75,11.25,1
demersal,10^3 g,17.75,12.25,1
demersal,10^3 g,17.75,13.25,2
demersal,10^3 g,17.75,14.25,1
demersal,10^3 g,17.75,15.25,37
demersal,10^3 g,17.75,15.75,7
demersal,10^3 g,17.75,16.25,2
demersal,10^3 g,17.75,16.75,2
demersal,10^3 g,17.75,17.25,2
demersal,10^3 g,17.75,17.75,3
demersal,10^3 g,17.75,18.25,3
demersal,10^3 g,17.75,18.75,3
demersal,10^3 g,17.75,19.25,9
demersal,10^3 g,17.75,19.75,4
demersal,10^3 g,17.75,20.25,37
demersal,10^3 g,17.75,20.75,855
demersal,10^3 g,17.75,21.25,407
demersal,10^3 g,17.75,21.75,207
demersal,10^3 g,17.75,22.25,65
demersal,10^3 g,18.25,10.75,9
demersal,10^3 g,18.25,11.25,7
demersal,10^3 g,18.25,12.25,1
demersal,10^3 g,18.25,13.75,2
demersal,10^3 g,18.25,14.75,1
demersal,10^3 g,18.25,15.25,1
demersal,10^3 g,18.25,16.75,5
demersal,10^3 g,18.25,17.25,35
demersal,10^3 g,18.25,17.75,3
demersal,10^3 g,18.25,18.25,9
demersal,10^3 g,18.25,18.75,2
demersal,10^3 g,18.25,19.25,111
demersal,10^3 g,18.25,19.75,27
demersal,10^3 g,18.25,20.25,6
demersal,10^3 g,18.25,20.75,245
demersal,10^3 g,18.25,21.25,720
demersal,10^3 g,18.25,21.75,645
demersal,10^3 g,18.25,22.25,45
demersal,10^3 g,18.75,5.75,1
demersal,10^3 g,18.75,10.25,2
demersal,10^3 g,18.75,11.25,6
demersal,10^3 g,18.75,12.25,8
demersal,10^3 g,18.75,12.75,2
demersal,10^3 g,18.75,14.25,4
demersal,10^3 g,18.75,14.75,4
demersal,10^3 g,18.75,16.75,5
demersal,10^3 g,18.75,17.25,3
demersal,10^3 g,18.75,17.75,17
demersal,10^3 g,18.75,18.25,3
demersal,10^3 g,18.75,18.75,2
demersal,10^3 g,18.75,19.25,11
demersal,10^3 g,18.75,19.75,10
demersal,10^3 g,18.75,20.25,24
demersal,10^3 g,18.75,21.25,219
demersal,10^3 g,18.75,21.75,295
demersal,10^3 g,18.75,22.25,70
demersal,10^3 g,19.25,5.75,2
demersal,10^3 g,19.25,11.75,1
demersal,10^3 g,19.25,13.25,7
demersal,10^3 g,19.25,14.25,11
demersal,10^3 g,19.25,14.75,7
demersal,10^3 g,19.25,15.75,12
demersal,10^3 g,19.25,17.75,4
demersal,10^3 g,19.25,18.25,12
demersal,10^3 g,19.25,18.75,1
demersal,10^3 g,19.25,19.75,12
demersal,10^3 g,19.25,20.25,15
demersal,10^3 g,19.25,21.25,49
demersal,10^3 g,19.25,21.75,488
demersal,10^3 g,19.25,22.25,212
demersal,10^3 g,19.25,22.75,2
demersal,10^3 g,19.75,5.75,1
demersal,10^3 g,19.75,10.25,2
demersal,10^3 g,19.75,11.75,27
demersal,10^3 g,19.75,14.25,1
demersal,10^3 g,19.75,14.75,5
demersal,10^3 g,19.75,15.25,4
demersal,10^3 g,19.75,15.75,7
demersal,10^3 g,19.75,16.75,2
demersal,10^3 g,19.75,17.75,1
demersal,10^3 g,19.75,18.25,105
demersal,10^3 g,19.75,18.75,19
demersal,10^3 g,19.75,19.25,34
demersal,10^3 g,19.75,19.75,3
demersal,10^3 g,19.75,20.25,12
demersal,10^3 g,19.75,20.75,10
demersal,10^3 g,19.75,21.25,8
demersal,10^3 g,19.75,21.75,345
demersal,10^3 g,19.75,22.25,280
demersal,10^3 g,19.75,22.75,197
demersal,10^3 g,20.25,4.75,1
demersal,10^3 g,20.25,10.25,1
demersal,10^3 g,20.25,11.75,10
demersal,10^3 g,20.25,12.25,25
demersal,10^3 g,20.25,12.75,27
demersal,10^3 g,20.25,13.25,6
demersal,10^3 g,20.25,14.25,1
demersal,10^3 g,20.25,14.75,2
demersal,10^3 g,20.25,15.75,10
demersal,10^3 g,20.25,17.25,1
demersal,10^3 g,20.25,17.75,68
demersal,10^3 g,20.25,18.25,233
demersal,10^3 g,20.25,18.75,191
demersal,10^3 g,20.25,19.25,45
demersal,10^3 g,20.25,19.75,5
demersal,10^3 g,20.25,20.25,31
demersal,10^3 g,20.25,20.75,10
demersal,10^3 g,20.25,21.25,18
demersal,10^3 g,20.25,21.75,17
demersal,10^3 g,20.25,22.25,95
demersal,10^3 g,20.25,22.75,146
demersal,10^3 g,20.75,9.25,1
demersal,10^3 g,20.75,10.75,4
demersal,10^3 g,20.75,11.25,4
demersal,10^3 g,20.75,13.25,2
demersal,10^3 g,20.75,13.75,8
demersal,10^3 g,20.75,14.25,4
demersal,10^3 g,20.75,15.75,2
demersal,10^3 g,20.75,16.75,1
demersal,10^3 g,20.75,17.25,1
demersal,10^3 g,20.75,18.25,4
demersal,10^3 g,20.75,18.75,2
demersal,10^3 g,20.75,19.25,292
demersal,10^3 g,20.75,19.75,31
demersal,10^3 g,20.75,20.25,20
demersal,10^3 g,20.75,20.75,35
demersal,10^3 g,20.75,21.25,15
demersal,10^3 g,20.75,21.75,11
demersal,10^3 g,20.75,22.25,606
demersal,10^3 g,20.75,22.75,111
demersal,10^3 g,21.25,13.25,1
demersal,10^3 g,21.25,15.25,1
demersal,10^3 g,21.25,16.75,1
demersal,10^3 g,21.25,17.25,2
demersal,10^3 g,21.25,17.75,2
demersal,10^3 g,21.25,18.25,1
demersal,10^3 g,21.25,18.75,1
demersal,10^3 g,21.25,19.25,7
demersal,10^3 g,21.25,19.75,803
demersal,10^3 g,21.25,20.25,133
demersal,10^3 g,21.25,20.75,72
demersal,10^3 g,21.25,21.25,20
demersal,10^3 g,21.25,21.75,14
demersal,10^3 g,21.25,22.25,244
demersal,10^3 g,21.25,22.75,38
demersal,10^3 g,21.75,5.25,1
demersal,10^3 g,21.75,6.25,1
demersal,10^3 g,21.75,12.75,2
demersal,10^3 g,21.75,13.75,97
demersal,10^3 g,21.75,14.25,55
demersal,10^3 g,21.75,17.25,1
demersal,10^3 g,21.75,17.75,1
demersal,10^3 g,21.75,18.25,3
demersal,10^3 g,21.75,18.75,3
demersal,10^3 g,21.75,19.25,1
demersal,10^3 g,21.75,19.75,1141
demersal,10^3 g,21.75,20.25,341
demersal,10^3 g,21.75,20.75,38
demersal,10^3 g,21.75,21.25,65
demersal,10^3 g,21.75,21.75,25
demersal,10^3 g,21.75,22.25,162
demersal,10^3 g,22.25,12.75,1
demersal,10^3 g,22.25,13.75,28
demersal,10^3 g,22.25,15.25,1
demersal,10^3 g,22.25,15.75,8
demersal,10^3 g,22.25,16.25,5
demersal,10^3 g,22.25,16.75,1
demersal,10^3 g,22.25,17.25,2
demersal,10^3 g,22.25,17.75,4
demersal,10^3 g,22.25,19.25,5
demersal,10^3 g,22.25,19.75,1
demersal,10^3 g,22.25,20.25,252
demersal,10^3 g,22.25,20.75,496
demersal,10^3 g,22.25,21.25,37
demersal,10^3 g,22.25,21.75,60
demersal,10^3 g,22.25,22.25,30
demersal,10^3 g,22.25,25.25,94
demersal,10^3 g,22.75,13.25,3
demersal,10^3 g,22.75,14.25,3
demersal,10^3 g,22.75,17.25,2
demersal,10^3 g,22.75,17.75,2
demersal,10^3 g,22.75,19.25,4
demersal,10^3 g,22.75,20.25,3
demersal,10^3 g,22.75,20.75,176
demersal,10^3 g,22.75,21.25,32
demersal,10^3 g,22.75,21.75,4
demersal,10^3 g,22.75,22.25,42
demersal,10^3 g,23.25,7.75,1
demersal,10^3 g,23.25,9.75,7
demersal,10^3 g,23.25,12.25,4
demersal,10^3 g,23.25,16.25,26
demersal,10^3 g,23.25,17.25,20
demersal,10^3 g,23.25,17.75,1
demersal,10^3 g,23.25,18.25,2
demersal,10^3 g,23.25,19.25,20
demersal,10^3 g,23.25,19.75,2
demersal,10^3 g,23.25,20.25,2
demersal,10^3 g,23.25,20.75,128
demersal,10^3 g,23.25,21.25,330
demersal,10^3 g,23.25,21.75,11
demersal,10^3 g,23.25,22.25,118
demersal,10^3 g,23.25,22.75,129
demersal,10^3 g,23.75,11.25,6
demersal,10^3 g,23.75,12.75,3
demersal,10^3 g,23.75,14.75,2
demersal,10^3 g,23.75,15.75,1
demersal,10^3 g,23.75,16.25,111
demersal,10^3 g,23.75,16.75,87
demersal,10^3 g,23.75,17.75,27
demersal,10^3 g,23.75,18.25,26
demersal,10^3 g,23.75,18.75,9
demersal,10^3 g,23.75,19.75,12
demersal,10^3 g,23.75,20.25,15
demersal,10^3 g,23.75,20.75,36
demersal,10^3 g,23.75,21.25,2
demersal,10^3 g,23.75,21.75,1
demersal,10^3 g,23.75,22.25,162
demersal,10^3 g,23.75,22.75,196
demersal,10^3 g,24.25,10.25,17
demersal,10^3 g,24.25,10.75,7
demersal,10^3 g,24.25,15.75,1
demersal,10^3 g,24.25,16.25,9
demersal,10^3 g,24.25,16.75,6
demersal,10^3 g,24.25,17.25,171
demersal,10^3 g,24.25,17.75,239
demersal,10^3 g,24.25,18.25,33
demersal,10^3 g,24.25,18.75,62
demersal,10^3 g,24.25,19.25,156
demersal,10^3 g,24.25,19.75,46
demersal,10^3 g,24.25,20.25,43
demersal,10^3 g,24.25,20.75,6
demersal,10^3 g,24.25,21.25,584
demersal,10^3 g,24.25,21.75,35
demersal,10^3 g,24.75,10.75,6
demersal,10^3 g,24.75,11.25,6
demersal,10^3 g,24.75,11.75,4
demersal,10^3 g,24.75,13.25,2
demersal,10^3 g,24.75,13.75,3
demersal,10^3 g,24.75,14.75,1
demersal,10^3 g,24.75,15.25,1
demersal,10^3 g,24.75,15.75,1
demersal,10^3 g,24.75,16.25,7
demersal,10^3 g,24.75,16.75,12
demersal,10^3 g,24.75,17.75,62
demersal,10^3 g,24.75,18.25,136
demersal,10^3 g,24.75,18.75,295
demersal,10^3 g,24.75,19.25,342
demersal,10^3 g,24.75,19.75,389
demersal,10^3 g,24.75,20.25,174
demersal,10^3 g,24.75,20.75,4763
demersal,10^3 g,24.75,21.25,40
demersal,10^3 g,24.75,21.75,89
demersal,10^3 g,24.75,22.25,7
demersal,10^3 g,25.25,9.25,3
demersal,10^3 g,25.25,12.25,2
demersal,10^3 g,25.25,13.75,3
demersal,10^3 g,25.25,14.25,2
demersal,10^3 g,25.25,15.75,2
demersal,10^3 g,25.25,16.25,6
demersal,10^3 g,25.25,16.75,11
demersal,10^3 g,25.25,17.25,2
demersal,10^3 g,25.25,17.75,17
demersal,10^3 g,25.25,18.25,8
demersal,10^3 g,25.25,18.75,134
demersal,10^3 g,25.25,19.25,76
demersal,10^3 g,25.25,19.75,458
demersal,10^3 g,25.25,20.25,86
demersal,10^3 g,25.25,20.75,3800
demersal,10^3 g,25.25,21.25,304
demersal,10^3 g,25.25,21.75,509
demersal,10^3 g,25.25,22.25,22
demersal,10^3 g,25.25,22.75,1
demersal,10^3 g,25.75,11.25,3
demersal,10^3 g,25.75,12.25,5
demersal,10^3 g,25.75,12.75,2
demersal,10^3 g,25.75,13.25,3
demersal,10^3 g,25.75,14.25,1
demersal,10^3 g,25.75,15.25,4
demersal,10^3 g,25.75,16.25,5
demersal,10^3 g,25.75,17.25,4
demersal,10^3 g,25.75,17.75,5
demersal,10^3 g,25.75,18.25,10
demersal,10^3 g,25.75,18.75,15
demersal,10^3 g,25.75,19.25,129
demersal,10^3 g,25.75,19.75,209
demersal,10^3 g,25.75,20.25,280
demersal,10^3 g,25.75,20.75,515
demersal,10^3 g,25.75,21.25,237
demersal,10^3 g,25.75,21.75,229
demersal,10^3 g,25.75,22.25,4
demersal,10^3 g,26.25,9.25,4
demersal,10^3 g,26.25,13.75,10
demersal,10^3 g,26.25,14.75,4
demersal,10^3 g,26.25,15.75,14
demersal,10^3 g,26.25,16.25,9
demersal,10^3 g,26.25,16.75,1
demersal,10^3 g,26.25,17.25,6
demersal,10^3 g,26.25,17.75,10
demersal,10^3 g,26.25,18.25,11
demersal,10^3 g,26.25,18.75,3
demersal,10^3 g,26.25,19.25,14
demersal,10^3 g,26.25,19.75,1
demersal,10^3 g,26.25,20.25,266
demersal,10^3 g,26.25,20.75,396
demersal,10^3 g,26.25,21.25,542
demersal,10^3 g,26.25,21.75,85
demersal,10^3 g,26.25,22.25,2
demersal,10^3 g,26.75,11.25,4
demersal,10^3 g,26.75,12.25,5
demersal,10^3 g,26.75,12.75,13
demersal,10^3 g,26.75,14.25,2
demersal,10^3 g,26.75,14.75,8
demersal,10^3 g,26.75,15.75,3
demersal,10^3 g,26.75,16.25,1
demersal,10^3 g,26.75,16.75,5
demersal,10^3 g,26.75,17.25,16
demersal,10^3 g,26.75,17.75,35
demersal,10^3 g,26.75,18.25,27
demersal,10^3 g,26.75,18.75,15
demersal,10^3 g,26.75,19.25,3
demersal,10^3 g,26.75,19.75,11
demersal,10^3 g,26.75,20.25,547
demersal,10^3 g,26.75,20.75,1472
demersal,10^3 g,26.75,21.25,346
demersal,10^3 g,26.75,21.75,29
demersal,10^3 g,26.75,22.25,1
demersal,10^3 g,27.25,10.25,4
demersal,10^3 g,27.25,10.75,3
demersal,10^3 g,27.25,13.25,2
demersal,10^3 g,27.25,13.75,18
demersal,10^3 g,27.25,14.75,5
demersal,10^3 g,27.25,15.25,6
demersal,10^3 g,27.25,15.75,2
demersal,10^3 g,27.25,16.25,11
demersal,10^3 g,27.25,16.75,16
demersal,10^3 g,27.25,17.25,8
demersal,10^3 g,27.25,17.75,32
demersal,10^3 g,27.25,18.25,9
demersal,10^3 g,27.25,18.75,25
demersal,10^3 g,27.25,19.25,33
demersal,10^3 g,27.25,19.75,52
demersal,10^3 g,27.25,20.25,229
demersal,10^3 g,27.25,20.75,270
demersal,10^3 g,27.25,21.25,1214
demersal,10^3 g,27.25,21.75,306
demersal,10^3 g,27.75,12.75,2
demersal,10^3 g,27.75,14.25,7
demersal,10^3 g,27.75,16.25,12
demersal,10^3 g,27.75,16.75,3
demersal,10^3 g,27.75,17.25,5
demersal,10^3 g,27.75,17.75,33
demersal,10^3 g,27.75,18.25,27
demersal,10^3 g,27.75,18.75,5
demersal,10^3 g,27.75,19.25,19
demersal,10^3 g,27.75,19.75,179
demersal,10^3 g,27.75,20.25,43
demersal,10^3 g,27.75,20.75,265
demersal,10^3 g,27.75,21.25,103
demersal,10^3 g,27.75,21.75,431
demersal,10^3 g,27.75,22.25,61
demersal,10^3 g,28.25,18.25,7
demersal,10^3 g,28.25,18.75,9
demersal,10^3 g,28.25,19.25,2
demersal,10^3 g,28.25,19.75,7
demersal,10^3 g,28.25,20.25,98
demersal,10^3 g,28.25,20.75,3
demersal,10^3 g,28.25,21.25,160
demersal,10^3 g,28.25,21.75,30
demersal,10^3 g,28.25,22.25,10
demersal,10^3 g,28.75,18.25,1
demersal,10^3 g,28.75,19.75,3
demersal,10^3 g,28.75,20.75,20
demersal,10^3 g,28.75,21.25,15
demersal,10^3 g,28.75,21.75,8
demersal,10^3 g,28.75,22.25,13
demersal,10^3 g,29.25,19.75,1
demersal,10^3 g,29.25,21.25,20
demersal,10^3 g,29.25,21.75,89
demersal,10^3 g,29.25,22.25,1
demersal,10^3 g,29.75,21.75,1
demersal,10^4 g,0.25,8.75,1
demersal,10^4 g,0.25,13.25,1
demersal,10^4 g,0.25,13.75,2
demersal,10^4 g,0.25,14.25,5
demersal,10^4 g,0.25,15.75,16
demersal,10^4 g,0.25,16.25,6
demersal,10^4 g,0.25,16.75,5
demersal,10^4 g,0.25,17.25,220
demersal,10^4 g,0.25,17.75,394
demersal,10^4 g,0.25,18.25,906
demersal,10^4 g,0.25,18.75,2113
demersal,10^4 g,0.25,19.25,2477
demersal,10^4 g,0.25,19.75,3055
demersal,10^4 g,0.25,20.25,579
demersal,10^4 g,0.25,20.75,48
demersal,10^4 g,0.25,21.25,35
demersal,10^4 g,0.25,21.75,1
demersal,10^4 g,0.25,22.25,4
demersal,10^4 g,0.75,12.75,3
demersal,10^4 g,0.75,13.25,2
demersal,10^4 g,0.75,13.75,4
demersal,10^4 g,0.75,14.25,33
demersal,10^4 g,0.75,14.75,5
demersal,10^4 g,0.75,15.25,12
demersal,10^4 g,0.75,15.75,1
demersal,10^4 g,0.75,16.25,3
demersal,10^4 g,0.75,16.75,26
demersal,10^4 g,0.75,17.25,57
demersal,10^4 g,0.75,17.75,482
demersal,10^4 g,0.75,18.25,873
demersal,10^4 g,0.75,18.75,721
demersal,10^4 g,0.75,19.25,455
demersal,10^4 g,0.75,19.75,406
demersal,10^4 g,0.75,20.25,321
demersal,10^4 g,0.75,20.75,137
demersal,10^4 g,0.75,21.25,1
demersal,10^4 g,0.75,21.75,4
demersal,10^4 g,0.75,22.25,31
demersal,10^4 g,0.75,24.25,1
demersal,10^4 g,1.25,11.25,1
demersal,10^4 g,1.25,11.75,2
demersal,10^4 g,1.25,12.25,3
demersal,10^4 g,1.25,12.75,5
demersal,10^4 g,1.25,13.25,5
demersal,10^4 g,1.25,13.75,5
demersal,10^4 g,1.25,14.25,6
demersal,10^4 g,1.25,14.75,2
demersal,10^4 g,1.25,15.25,1
demersal,10^4 g,1.25,15.75,4
demersal,10^4 g,1.25,16.75,45
demersal,10^4 g,1.25,17.25,29
demersal,10^4 g,1.25,17.75,295
demersal,10^4 g,1.25,18.25,93
demersal,10^4 g,1.25,18.75,237
demersal,10^4 g,1.25,19.25,552
demersal,10^4 g,1.25,19.75,762
demersal,10^4 g,1.25,20.25,509
demersal,10^4 g,1.25,20.75,75
demersal,10^4 g,1.25,21.25,1
demersal,10^4 g,1.25,21.75,2
demersal,10^4 g,1.25,22.25,34
demersal,10^4 g,1.75,3.75,1
demersal,10^4 g,1.75,4.25,1
demersal,10^4 g,1.75,5.25,2
demersal,10^4 g,1.75,5.75,1
demersal,10^4 g,1.75,8.25,1
demersal,10^4 g,1.75,8.75,1
demersal,10^4 g,1.75,11.25,7
demersal,10^4 g,1.75,11.75,16
demersal,10^4 g,1.75,12.25,6
demersal,10^4 g,1.75,12.75,3
demersal,10^4 g,1.75,13.25,4
demersal,10^4 g,1.75,15.75,4
demersal,10^4 g,1.75,17.25,79
demersal,10^4 g,1.75,17.75,95
demersal,10^4 g,1.75,18.25,157
demersal,10^4 g,1.75,18.75,200
demersal,10^4 g,1.75,19.25,359
demersal,10^4 g,1.75,19.75,350
demersal,10^4 g,1.75,20.25,554
demersal,10^4 g,1.75,20.75,312
demersal,10^4 g,1.75,21.25,19
demersal,10^4 g,1.75,21.75,30
demersal,10^4 g,1.75,22.25,70
demersal,10^4 g,1.75,23.25,11
demersal,10^4 g,2.25,3.25,10
demersal,10^4 g,2.25,3.75,3
demersal,10^4 g,2.25,4.75,2
demersal,10^4 g,2.25,7.25,1
demersal,10^4 g,2.25,9.75,6
demersal,10^4 g,2.25,10.25,4
demersal,10^4 g,2.25,10.75,3
demersal,10^4 g,2.25,11.25,5
demersal,10^4 g,2.25,11.75,14
demersal,10^4 g,2.25,12.25,4
demersal,10^4 g,2.25,12.75,27
demersal,10^4 g,2.25,13.25,1
demersal,10^4 g,2.25,13.75,22
demersal,10^4 g,2.25,14.25,1
demersal,10^4 g,2.25,14.75,1
demersal,10^4 g,2.25,15.25,22
demersal,10^4 g,2.25,15.75,16
demersal,10^4 g,2.25,16.25,1
demersal,10^4 g,2.25,16.75,5
demersal,10^4 g,2.25,17.25,61
demersal,10^4 g,2.25,17.75,96
demersal,10^4 g,2.25,18.25,117
demersal,10^4 g,2.25,18.75,210
demersal,10^4 g,2.25,19.25,139
demersal,10^4 g,2.25,19.75,275
demersal,10^4 g,2.25,20.25,646
demersal,10^4 g,2.25,20.75,52
demersal,10^4 g,2.25,21.25,44
demersal,10^4 g,2.25,21.75,4
demersal,10^4 g,2.25,22.25,8
demersal,10^4 g,2.25,22.75,18
demersal,10^4 g,2.25,23.25,3
demersal,10^4 g,2.75,3.25,20
demersal,10^4 g,2.75,9.75,1
demersal,10^4 g,2.75,10.25,6
demersal,10^4 g,2.75,10.75,16
demersal,10^4 g,2.75,11.25,7
demersal,10^4 g,2.75,11.75,7
demersal,10^4 g,2.75,12.25,7
demersal,10^4 g,2.75,12.75,6
demersal,10^4 g,2.75,13.75,1
demersal,10^4 g,2.75,14.25,12
demersal,10^4 g,2.75,14.75,2
demersal,10^4 g,2.75,15.25,1
demersal,10^4 g,2.75,16.25,87
demersal,10^4 g,2.75,16.75,14
demersal,10^4 g,2.75,17.25,35
demersal,10^4 g,2.75,17.75,119
demersal,10^4 g,2.75,18.25,60
demersal,10^4 g,2.75,18.75,528
demersal,10^4 g,2.75,19.25,461
demersal,10^4 g,2.75,19.75,124
demersal,10^4 g,2.75,20.25,630
demersal,10^4 g,2.75,20.75,279
demersal,10^4 g,2.75,21.25,14
demersal,10^4 g,2.75,21.75,15
demersal,10^4 g,2.75,22.25,7
demersal,10^4 g,2.75,22.75,1
demersal,10^4 g,3.25,1.25,2
demersal,10^4 g,3.25,1.75,4
demersal,10^4 g,3.25,2.25,2
demersal,10^4 g,3.25,2.75,4
demersal,10^4 g,3.25,4.75,2
demersal,10^4 g,3.25,5.25,3
demersal,10^4 g,3.25,5.75,2
demersal,10^4 g,3.25,6.75,1
demersal,10^4 g,3.25,7.25,1
demersal,10^4 g,3.25,7.75,1
demersal,10^4 g,3.25,8.25,1
demersal,10^4 g,3.25,8.75,1
demersal,10^4 g,3.25,9.25,1
demersal,10^4 g,3.25,9.75,4
demersal,10^4 g,3.25,10.25,2
demersal,10^4 g,3.25,10.75,5
demersal,10^4 g,3.25,11.25,20
demersal,10^4 g,3.25,11.75,12
demersal,10^4 g,3.25,12.25,32
demersal,10^4 g,3.25,12.75,45
demersal,10^4 g,3.25,13.25,14
demersal,10^4 g,3.25,13.75,1
demersal,10^4 g,3.25,14.25,5
demersal,10^4 g,3.25,14.75,2
demersal,10^4 g,3.25,15.25,7
demersal,10^4 g,3.25,15.75,325
demersal,10^4 g,3.25,16.25,75
demersal,10^4 g,3.25,16.75,108
demersal,10^4 g,3.25,17.25,55
demersal,10^4 g,3.25,17.75,256
demersal,10^4 g,3.25,18.25,181
demersal,10^4 g,3.25,18.75,747
demersal,10^4 g,3.25,19.25,2483
demersal,10^4 g,3.25,19.75,842
demersal,10^4 g,3.25,20.25,586
demersal,10^4 g,3.25,20.75,220
demersal,10^4 g,3.25,21.25,62
demersal,10^4 g,3.25,21.75,91
demersal,10^4 g,3.25,22.25,12
demersal,10^4 g,3.75,1.25,1
demersal,10^4 g,3.75,1.75,3
demersal,10^4 g,3.75,3.25,2
demersal,10^4 g,3.75,3.75,3
demersal,10^4 g,3.75,5.25,3
demersal,10^4 g,3.75,5.75,1
demersal,10^4 g,3.75,6.75,1
demersal,10^4 g,3.75,7.75,1
demersal,10^4 g,3.75,8.25,2
demersal,10^4 g,3.75,8.75,1
demersal,10^4 g,3.75,9.25,1
demersal,10^4 g,3.75,10.25,3
demersal,10^4 g,3.75,10.75,36
demersal,10^4 g,3.75,11.25,68
demersal,10^4 g,3.75,11.75,17
demersal,10^4 g,3.75,12.25,11
demersal,10^4 g,3.75,12.75,45
demersal,10^4 g,3.75,13.25,31
demersal,10^4 g,3.75,13.75,112
demersal,10^4 g,3.75,14.25,12
demersal,10^4 g,3.75,14.75,3
demersal,10^4 g,3.75,15.25,18
demersal,10^4 g,3.75,15.75,6
demersal,10^4 g,3.75,16.25,11
demersal,10^4 g,3.75,16.75,6
demersal,10^4 g,3.75,17.25,4
demersal,10^4 g,3.75,17.75,59
demersal,10^4 g,3.75,18.25,108
demersal,10^4 g,3.75,18.75,79
demersal,10^4 g,3.75,19.25,863
demersal,10^4 g,3.75,19.75,337
demersal,10^4 g,3.75,20.25,140
demersal,10^4 g,3.75,20.75,410
demersal,10^4 g,3.75,21.25,151
demersal,10^4 g,3.75,21.75,138
demersal,10^4 g,3.75,22.25,55
demersal,10^4 g,3.75,22.75,1
demersal,10^4 g,4.25,1.25,1
demersal,10^4 g,4.25,9.25,1
demersal,10^4 g,4.25,10.75,1
demersal,10^4 g,4.25,11.25,23
demersal,10^4 g,4.25,11.75,138
demersal,10^4 g,4.25,12.25,83
demersal,10^4 g,4.25,12.75,105
demersal,10^4 g,4.25,13.25,200
demersal,10^4 g,4.25,13.75,36
demersal,10^4 g,4.25,14.25,26
demersal,10^4 g,4.25,14.75,115
demersal,10^4 g,4.25,15.25,13
demersal,10^4 g,4.25,15.75,7
demersal,10^4 g,4.25,16.25,6
demersal,10^4 g,4.25,16.75,1
demersal,10^4 g,4.25,17.25,25
demersal,10^4 g,4.25,17.75,58
demersal,10^4 g,4.25,18.25,28
demersal,10^4 g,4.25,18.75,10
demersal,10^4 g,4.25,19.25,18
demersal,10^4 g,4.25,19.75,29
demersal,10^4 g,4.25,20.25,160
demersal,10^4 g,4.25,20.75,166
demersal,10^4 g,4.25,21.25,59
demersal,10^4 g,4.25,21.75,432
demersal,10^4 g,4.25,22.25,60
demersal,10^4 g,4.25,22.75,2
demersal,10^4 g,4.75,1.25,1
demersal,10^4 g,4.75,1.75,1
demersal,10^4 g,4.75,3.75,1
demersal,10^4 g,4.75,5.75,4
demersal,10^4 g,4.75,7.25,1
demersal,10^4 g,4.75,9.25,2
demersal,10^4 g,4.75,9.75,2
demersal,10^4 g,4.75,10.75,1
demersal,10^4 g,4.75,11.25,12
demersal,10^4 g,4.75,11.75,90
demersal,10^4 g,4.75,12.25,312
demersal,10^4 g,4.75,12.75,284
demersal,10^4 g,4.75,13.25,89
demersal,10^4 g,4.75,13.75,14
demersal,10^4 g,4.75,14.25,172
demersal,10^4 g,4.75,14.75,83
demersal,10^4 g,4.75,15.25,87
demersal,10^4 g,4.75,15.75,61
demersal,10^4 g,4.75,16.25,3
demersal,10^4 g,4.75,16.75,4
demersal,10^4 g,4.75,17.25,11
demersal,10^4 g,4.75,17.75,14
demersal,10^4 g,4.75,18.25,2
demersal,10^4 g,4.75,18.75,8
demersal,10^4 g,4.75,19.25,10
demersal,10^4 g,4.75,19.75,29
demersal,10^4 g,4.75,20.25,271
demersal,10^4 g,4.75,20.75,181
demersal,10^4 g,4.75,21.25,101
demersal,10^4 g,4.75,21.75,1100
demersal,10^4 g,4.75,22.25,254
demersal,10^4 g,4.75,22.75,3
demersal,10^4 g,4.75,23.25,3
demersal,10^4 g,5.25,1.25,1
demersal,10^4 g,5.25,2.25,2
demersal,10^4 g,5.25,3.75,319
demersal,10^4 g,5.25,4.25,139
demersal,10^4 g,5.25,4.75,171
demersal,10^4 g,5.25,6.25,2
demersal,10^4 g,5.25,6.75,3
demersal,10^4 g,5.25,8.75,2
demersal,10^4 g,5.25,9.75,1
demersal,10^4 g,5.25,10.75,53
demersal,10^4 g,5.25,11.25,91
demersal,10^4 g,5.25,11.75,51
demersal,10^4 g,5.25,12.25,134
demersal,10^4 g,5.25,12.75,580
demersal,10^4 g,5.25,13.25,566
demersal,10^4 g,5.25,13.75,40
demersal,10^4 g,5.25,14.25,29
demersal,10^4 g,5.25,14.75,22
demersal,10^4 g,5.25,15.25,168
demersal,10^4 g,5.25,15.75,158
demersal,10^4 g,5.25,16.25,24
demersal,10^4 g,5.25,16.75,191
demersal,10^4 g,5.25,17.25,67
demersal,10^4 g,5.25,17.75,91
demersal,10^4 g,5.25,18.25,15
demersal,10^4 g,5.25,18.75,606
demersal,10^4 g,5.25,19.25,256
demersal,10^4 g,5.25,19.75,82
demersal,10^4 g,5.25,20.25,1343
demersal,10^4 g,5.25,20.75,1239
demersal,10^4 g,5.25,21.25,122
demersal,10^4 g,5.25,21.75,1415
demersal,10^4 g,5.25,22.25,324
demersal,10^4 g,5.25,22.75,5
demersal,10^4 g,5.25,23.25,4
demersal,10^4 g,5.75,5.25,62
demersal,10^4 g,5.75,5.75,277
demersal,10^4 g,5.75,6.25,150
demersal,10^4 g,5.75,6.75,105
demersal,10^4 g,5.75,8.25,2
demersal,10^4 g,5.75,8.75,2063
demersal,10^4 g,5.75,10.25,1
demersal,10^4 g,5.75,10.75,99
demersal,10^4 g,5.75,11.25,24
demersal,10^4 g,5.75,11.75,12
demersal,10^4 g,5.75,12.25,26
demersal,10^4 g,5.75,12.75,296
demersal,10^4 g,5.75,13.25,995
demersal,10^4 g,5.75,13.75,557
demersal,10^4 g,5.75,14.25,141
demersal,10^4 g,5.75,14.75,6
demersal,10^4 g,5.75,15.25,25
demersal,10^4 g,5.75,15.75,71
demersal,10^4 g,5.75,16.25,61
demersal,10^4 g,5.75,16.75,153
demersal,10^4 g,5.75,17.25,19
demersal,10^4 g,5.75,17.75,50
demersal,10^4 g,5.75,18.25,31
demersal,10^4 g,5.75,18.75,5
demersal,10^4 g,5.75,19.25,98
demersal,10^4 g,5.75,19.75,146
demersal,10^4 g,5.75,20.25,400
demersal,10^4 g,5.75,20.75,984
demersal,10^4 g,5.75,21.25,2926
demersal,10^4 g,5.75,21.75,1627
demersal,10^4 g,5.75,22.25,768
demersal,10^4 g,5.75,23.25,3
demersal,10^4 g,6.25,4.25,1
demersal,10^4 g,6.25,4.75,2
demersal,10^4 g,6.25,5.25,8
demersal,10^4 g,6.25,5.75,2
demersal,10^4 g,6.25,6.25,1
demersal,10^4 g,6.25,6.75,207
demersal,10^4 g,6.25,7.25,466
demersal,10^4 g,6.25,8.25,189
demersal,10^4 g,6.25,8.75,2533
demersal,10^4 g,6.25,9.25,1115
demersal,10^4 g,6.25,9.75,761
demersal,10^4 g,6.25,10.75,1
demersal,10^4 g,6.25,11.75,3
demersal,10^4 g,6.25,12.25,50
demersal,10^4 g,6.25,12.75,26
demersal,10^4 g,6.25,13.25,321
demersal,10^4 g,6.25,13.75,1000
demersal,10^4 g,6.25,14.25,542
demersal,10^4 g,6.25,14.75,140
demersal,10^4 g,6.25,15.25,54
demersal,10^4 g,6.25,15.75,3
demersal,10^4 g,6.25,16.75,60
demersal,10^4 g,6.25,17.25,108
demersal,10^4 g,6.25,17.75,126
demersal,10^4 g,6.25,18.25,208
demersal,10^4 g,6.25,18.75,242
demersal,10^4 g,6.25,19.25,343
demersal,10^4 g,6.25,19.75,96
demersal,10^4 g,6.25,20.25,185
demersal,10^4 g,6.25,20.75,466
demersal,10^4 g,6.25,21.25,5553
demersal,10^4 g,6.25,21.75,769
demersal,10^4 g,6.25,22.25,1916
demersal,10^4 g,6.25,22.75,4
demersal,10^4 g,6.75,7.25,2
demersal,10^4 g,6.75,8.25,1783
demersal,10^4 g,6.75,8.75,931
demersal,10^4 g,6.75,9.25,1323
demersal,10^4 g,6.75,9.75,694
demersal,10^4 g,6.75,10.25,1858
demersal,10^4 g,6.75,10.75,3424
demersal,10^4 g,6.75,11.75,18
demersal,10^4 g,6.75,12.25,8
demersal,10^4 g,6.75,12.75,446
demersal,10^4 g,6.75,13.25,49
demersal,10^4 g,6.75,13.75,47
demersal,10^4 g,6.75,14.25,1390
demersal,10^4 g,6.75,14.75,275
demersal,10^4 g,6.75,15.25,673
demersal,10^4 g,6.75,15.75,232
demersal,10^4 g,6.75,16.25,622
demersal,10^4 g,6.75,16.75,132
demersal,10^4 g,6.75,17.25,349
demersal,10^4 g,6.75,17.75,307
demersal,10^4 g,6.75,18.25,259
demersal,10^4 g,6.75,18.75,354
demersal,10^4 g,6.75,19.25,1151
demersal,10^4 g,6.75,19.75,538
demersal,10^4 g,6.75,20.25,459
demersal,10^4 g,6.75,20.75,535
demersal,10^4 g,6.75,21.25,7833
demersal,10^4 g,6.75,21.75,663
demersal,10^4 g,6.75,22.25,2272
demersal,10^4 g,7.25,3.25,2
demersal,10^4 g,7.25,3.75,2
demersal,10^4 g,7.25,7.25,1
demersal,10^4 g,7.25,7.75,1
demersal,10^4 g,7.25,9.75,1
demersal,10^4 g,7.25,10.25,902
demersal,10^4 g,7.25,10.75,426
demersal,10^4 g,7.25,11.25,6
demersal,10^4 g,7.25,11.75,1
demersal,10^4 g,7.25,12.25,610
demersal,10^4 g,7.25,12.75,839
demersal,10^4 g,7.25,13.25,32
demersal,10^4 g,7.25,13.75,1072
demersal,10^4 g,7.25,14.25,311
demersal,10^4 g,7.25,14.75,142
demersal,10^4 g,7.25,15.25,1451
demersal,10^4 g,7.25,15.75,187
demersal,10^4 g,7.25,16.25,238
demersal,10^4 g,7.25,16.75,235
demersal,10^4 g,7.25,17.25,276
demersal,10^4 g,7.25,17.75,317
demersal,10^4 g,7.25,18.25,108
demersal,10^4 g,7.25,18.75,466
demersal,10^4 g,7.25,19.25,4230
demersal,10^4 g,7.25,19.75,16826
demersal,10^4 g,7.25,20.25,6185
demersal,10^4 g,7.25,20.75,2695
demersal,10^4 g,7.25,21.25,4651
demersal,10^4 g,7.25,21.75,4634
demersal,10^4 g,7.25,22.25,1752
demersal,10^4 g,7.25,22.75,296
demersal,10^4 g,7.75,5.25,2
demersal,10^4 g,7.75,8.25,12
demersal,10^4 g,7.75,8.75,251
demersal,10^4 g,7.75,9.25,1
demersal,10^4 g,7.75,9.75,420
demersal,10^4 g,7.75,10.25,2
demersal,10^4 g,7.75,10.75,9
demersal,10^4 g,7.75,11.25,5
demersal,10^4 g,7.75,12.75,381
demersal,10^4 g,7.75,13.25,91
demersal,10^4 g,7.75,13.75,21
demersal,10^4 g,7.75,14.25,157
demersal,10^4 g,7.75,14.75,1128
demersal,10^4 g,7.75,15.25,1119
demersal,10^4 g,7.75,15.75,399
demersal,10^4 g,7.75,16.25,74
demersal,10^4 g,7.75,16.75,97
demersal,10^4 g,7.75,17.25,481
demersal,10^4 g,7.75,17.75,225
demersal,10^4 g,7.75,18.25,422
demersal,10^4 g,7.75,18.75,28
demersal,10^4 g,7.75,19.25,394
demersal,10^4 g,7.75,19.75,9401
demersal,10^4 g,7.75,20.25,25312
demersal,10^4 g,7.75,20.75,758
demersal,10^4 g,7.75,21.25,5228
demersal,10^4 g,7.75,21.75,4095
demersal,10^4 g,7.75,22.25,652
demersal,10^4 g,7.75,22.75,352
demersal,10^4 g,8.25,2.25,1
demersal,10^4 g,8.25,2.75,3
demersal,10^4 g,8.25,6.25,3
demersal,10^4 g,8.25,6.75,2
demersal,10^4 g,8.25,8.75,1
demersal,10^4 g,8.25,9.25,4
demersal,10^4 g,8.25,9.75,4
demersal,10^4 g,8.25,11.25,1
demersal,10^4 g,8.25,11.75,294
demersal,10^4 g,8.25,12.25,197
demersal,10^4 g,8.25,12.75,1
demersal,10^4 g,8.25,13.25,6
demersal,10^4 g,8.25,13.75,112
demersal,10^4 g,8.25,14.25,360
demersal,10^4 g,8.25,14.75,410
demersal,10^4 g,8.25,15.25,186
demersal,10^4 g,8.25,15.75,388
demersal,10^4 g,8.25,16.25,669
demersal,10^4 g,8.25,16.75,1007
demersal,10^4 g,8.25,17.25,509
demersal,10^4 g,8.25,17.75,508
demersal,10^4 g,8.25,18.25,225
demersal,10^4 g,8.25,18.75,73
demersal,10^4 g,8.25,19.25,599
demersal,10^4 g,8.25,19.75,3389
demersal,10^4 g,8.25,20.25,13574
demersal,10^4 g,8.25,20.75,10948
demersal,10^4 g,8.25,21.25,6555
demersal,10^4 g,8.25,21.75,2498
demersal,10^4 g,8.25,22.25,2059
demersal,10^4 g,8.25,22.75,324
demersal,10^4 g,8.75,1.75,1
demersal,10^4 g,8.75,2.25,2
demersal,10^4 g,8.75,4.75,6
demersal,10^4 g,8.75,5.25,2
demersal,10^4 g,8.75,6.25,2
demersal,10^4 g,8.75,6.75,3
demersal,10^4 g,8.75,8.25,5
demersal,10^4 g,8.75,8.75,1
demersal,10^4 g,8.75,9.25,2
demersal,10^4 g,8.75,11.25,2
demersal,10^4 g,8.75,12.75,1
demersal,10^4 g,8.75,13.25,9
demersal,10^4 g,8.75,13.75,14
demersal,10^4 g,8.75,14.25,359
demersal,10^4 g,8.75,14.75,86
demersal,10^4 g,8.75,15.25,129
demersal,10^4 g,8.75,15.75,28
demersal,10^4 g,8.75,16.25,89
demersal,10^4 g,8.75,16.75,588
demersal,10^4 g,8.75,17.25,1169
demersal,10^4 g,8.75,17.75,410
demersal,10^4 g,8.75,18.25,284
demersal,10^4 g,8.75,18.75,824
demersal,10^4 g,8.75,19.25,1871
demersal,10^4 g,8.75,19.75,2359
demersal,10^4 g,8.75,20.25,7862
demersal,10^4 g,8.75,20.75,18789
demersal,10^4 g,8.75,21.25,15990
demersal,10^4 g,8.75,21.75,3393
demersal,10^4 g,8.75,22.25,301
demersal,10^4 g,8.75,22.75,1
demersal,10^4 g,9.25,4.25,2
demersal,10^4 g,9.25,6.25,3
demersal,10^4 g,9.25,7.75,1
demersal,10^4 g,9.25,8.75,2
demersal,10^4 g,9.25,9.75,8
demersal,10^4 g,9.25,11.25,23
demersal,10^4 g,9.25,12.75,10
demersal,10^4 g,9.25,13.25,3
demersal,10^4 g,9.25,13.75,8
demersal,10^4 g,9.25,14.25,30
demersal,10^4 g,9.25,14.75,70
demersal,10^4 g,9.25,15.25,46
demersal,10^4 g,9.25,15.75,46
demersal,10^4 g,9.25,16.25,12
demersal,10^4 g,9.25,16.75,174
demersal,10^4 g,9.25,17.25,685
demersal,10^4 g,9.25,17.75,144
demersal,10^4 g,9.25,18.25,272
demersal,10^4 g,9.25,18.75,109
demersal,10^4 g,9.25,19.25,89
demersal,10^4 g,9.25,19.75,1125
demersal,10^4 g,9.25,20.25,9359
demersal,10^4 g,9.25,20.75,7111
demersal,10^4 g,9.25,21.25,9385
demersal,10^4 g,9.25,21.75,6672
demersal,10^4 g,9.25,22.25,6175
demersal,10^4 g,9.75,1.75,2
demersal,10^4 g,9.75,3.25,10
demersal,10^4 g,9.75,4.25,6
demersal,10^4 g,9.75,9.25,2
demersal,10^4 g,9.75,9.75,1
demersal,10^4 g,9.75,11.75,32
demersal,10^4 g,9.75,14.25,23
demersal,10^4 g,9.75,14.75,54
demersal,10^4 g,9.75,15.25,65
demersal,10^4 g,9.75,15.75,63
demersal,10^4 g,9.75,16.25,16
demersal,10^4 g,9.75,16.75,12
demersal,10^4 g,9.75,17.25,83
demersal,10^4 g,9.75,17.75,520
demersal,10^4 g,9.75,18.25,233
demersal,10^4 g,9.75,18.75,48
demersal,10^4 g,9.75,19.25,194
demersal,10^4 g,9.75,19.75,5583
demersal,10^4 g,9.75,20.25,19346
demersal,10^4 g,9.75,20.75,18519
demersal,10^4 g,9.75,21.25,16313
demersal,10^4 g,9.75,21.75,13649
demersal,10^4 g,9.75,22.25,774
demersal,10^4 g,9.75,22.75,1328
demersal,10^4 g,10.25,1.75,14
demersal,10^4 g,10.25,2.75,2
demersal,10^4 g,10.25,4.25,5
demersal,10^4 g,10.25,6.25,1
demersal,10^4 g,10.25,7.75,1
demersal,10^4 g,10.25,8.75,1
demersal,10^4 g,10.25,9.75,1
demersal,10^4 g,10.25,10.25,1
demersal,10^4 g,10.25,11.25,2
demersal,10^4 g,10.25,11.75,2
demersal,10^4 g,10.25,12.25,6
demersal,10^4 g,10.25,12.75,2
demersal,10^4 g,10.25,13.75,10
demersal,10^4 g,10.25,14.25,14
demersal,10^4 g,10.25,14.75,16
demersal,10^4 g,10.25,15.25,74
demersal,10^4 g,10.25,15.75,86
demersal,10^4 g,10.25,16.25,51
demersal,10^4 g,10.25,16.75,44
demersal,10^4 g,10.25,17.25,146
demersal,10^4 g,10.25,17.75,139
demersal,10^4 g,10.25,18.25,128
demersal,10^4 g,10.25,18.75,18
demersal,10^4 g,10.25,19.25,124
demersal,10^4 g,10.25,19.75,36076
demersal,10^4 g,10.25,20.25,54605
demersal,10^4 g,10.25,20.75,17628
demersal,10^4 g,10.25,21.25,26072
demersal,10^4 g,10.25,21.75,14025
demersal,10^4 g,10.25,22.25,3429
demersal,10^4 g,10.75,1.75,2
demersal,10^4 g,10.75,4.25,4
demersal,10^4 g,10.75,6.25,3
demersal,10^4 g,10.75,9.25,2
demersal,10^4 g,10.75,9.75,1
demersal,10^4 g,10.75,11.25,1
demersal,10^4 g,10.75,11.75,1
demersal,10^4 g,10.75,12.75,15
demersal,10^4 g,10.75,14.25,32
demersal,10^4 g,10.75,14.75,44
demersal,10^4 g,10.75,15.25,83
demersal,10^4 g,10.75,15.75,34
demersal,10^4 g,10.75,16.25,35
demersal,10^4 g,10.75,16.75,28
demersal,10^4 g,10.75,17.25,94
demersal,10^4 g,10.75,17.75,68
demersal,10^4 g,10.75,18.25,294
demersal,10^4 g,10.75,18.75,156
demersal,10^4 g,10.75,19.25,513
demersal,10^4 g,10.75,19.75,7957
demersal,10^4 g,10.75,20.25,52600
demersal,10^4 g,10.75,20.75,39406
demersal,10^4 g,10.75,21.25,21934
demersal,10^4 g,10.75,21.75,29110
demersal,10^4 g,10.75,22.25,2630
demersal,10^4 g,10.75,22.75,136
demersal,10^4 g,11.25,3.25,1
demersal,10^4 g,11.25,3.75,3
demersal,10^4 g,11.25,6.25,1
demersal,10^4 g,11.25,7.25,3
demersal,10^4 g,11.25,11.75,2
demersal,10^4 g,11.25,14.25,2
demersal,10^4 g,11.25,14.75,1
demersal,10^4 g,11.25,15.25,40
demersal,10^4 g,11.25,15.75,241
demersal,10^4 g,11.25,16.25,179
demersal,10^4 g,11.25,16.75,34
demersal,10^4 g,11.25,17.25,124
demersal,10^4 g,11.25,17.75,201
demersal,10^4 g,11.25,18.25,122
demersal,10^4 g,11.25,18.75,247
demersal,10^4 g,11.25,19.25,6
demersal,10^4 g,11.25,19.75,26
demersal,10^4 g,11.25,20.25,23370
demersal,10^4 g,11.25,20.75,14985
demersal,10^4 g,11.25,21.25,39351
demersal,10^4 g,11.25,21.75,42980
demersal,10^4 g,11.25,22.25,1844
demersal,10^4 g,11.25,22.75,5
demersal,10^4 g,11.75,3.75,2
demersal,10^4 g,11.75,4.25,3
demersal,10^4 g,11.75,4.75,3
demersal,10^4 g,11.75,5.25,1
demersal,10^4 g,11.75,6.75,1
demersal,10^4 g,11.75,9.75,1
demersal,10^4 g,11.75,10.25,2
demersal,10^4 g,11.75,11.75,1
demersal,10^4 g,11.75,12.75,1
demersal,10^4 g,11.75,14.25,9
demersal,10^4 g,11.75,14.75,3
demersal,10^4 g,11.75,15.25,39
demersal,10^4 g,11.75,15.75,132
demersal,10^4 g,11.75,16.25,63
demersal,10^4 g,11.75,16.75,196
demersal,10^4 g,11.75,17.25,14
demersal,10^4 g,11.75,17.75,61
demersal,10^4 g,11.75,18.25,83
demersal,10^4 g,11.75,18.75,88
demersal,10^4 g,11.75,19.25,131
demersal,10^4 g,11.75,19.75,101
demersal,10^4 g,11.75,20.25,12735
demersal,10^4 g,11.75,20.75,7468
demersal,10^4 g,11.75,21.25,14547
demersal,10^4 g,11.75,21.75,1228
demersal,10^4 g,11.75,22.25,121
demersal,10^4 g,12.25,3.25,1
demersal,10^4 g,12.25,5.25,19
demersal,10^4 g,12.25,7.25,1
demersal,10^4 g,12.25,8.25,1
demersal,10^4 g,12.25,9.75,2
demersal,10^4 g,12.25,10.25,2
demersal,10^4 g,12.25,13.25,1
demersal,10^4 g,12.25,15.25,6
demersal,10^4 g,12.25,15.75,108
demersal,10^4 g,12.25,16.25,168
demersal,10^4 g,12.25,16.75,58
demersal,10^4 g,12.25,17.25,26
demersal,10^4 g,12.25,17.75,5
demersal,10^4 g,12.25,18.25,71
demersal,10^4 g,12.25,18.75,1
demersal,10^4 g,12.25,19.25,43
demersal,10^4 g,12.25,19.75,96
demersal,10^4 g,12.25,20.25,2344
demersal,10^4 g,12.25,20.75,77
demersal,10^4 g,12.25,21.25,14190
demersal,10^4 g,12.25,21.75,9360
demersal,10^4 g,12.25,22.25,1083
demersal,10^4 g,12.75,2.75,10
demersal,10^4 g,12.75,5.25,1
demersal,10^4 g,12.75,5.75,3
demersal,10^4 g,12.75,6.25,20
demersal,10^4 g,12.75,8.25,1
demersal,10^4 g,12.75,8.75,1
demersal,10^4 g,12.75,12.25,6
demersal,10^4 g,12.75,13.25,9
demersal,10^4 g,12.75,13.75,7
demersal,10^4 g,12.75,14.25,5
demersal,10^4 g,12.75,14.75,3
demersal,10^4 g,12.75,15.25,19
demersal,10^4 g,12.75,15.75,63
demersal,10^4 g,12.75,16.25,18
demersal,10^4 g,12.75,16.75,19
demersal,10^4 g,12.75,17.25,37
demersal,10^4 g,12.75,17.75,19
demersal,10^4 g,12.75,18.25,21
demersal,10^4 g,12.75,18.75,39
demersal,10^4 g,12.75,19.25,49
demersal,10^4 g,12.75,19.75,3
demersal,10^4 g,12.75,20.25,9501
demersal,10^4 g,12.75,20.75,193
demersal,10^4 g,12.75,21.25,2
demersal,10^4 g,12.75,21.75,882
demersal,10^4 g,12.75,22.25,2974
demersal,10^4 g,12.75,22.75,8
demersal,10^4 g,13.25,3.75,7
demersal,10^4 g,13.25,6.25,2
demersal,10^4 g,13.25,6.75,3
demersal,10^4 g,13.25,10.25,1
demersal,10^4 g,13.25,11.25,1
demersal,10^4 g,13.25,11.75,1
demersal,10^4 g,13.25,13.75,1
demersal,10^4 g,13.25,14.25,1
demersal,10^4 g,13.25,14.75,1
demersal,10^4 g,13.25,15.25,4
demersal,10^4 g,13.25,15.75,27
demersal,10^4 g,13.25,16.25,78
demersal,10^4 g,13.25,16.75,18
demersal,10^4 g,13.25,17.25,29
demersal,10^4 g,13.25,17.75,87
demersal,10^4 g,13.25,18.25,38
demersal,10^4 g,13.25,18.75,25
demersal,10^4 g,13.25,19.25,409
demersal,10^4 g,13.25,19.75,30
demersal,10^4 g,13.25,20.25,4
demersal,10^4 g,13.25,20.75,59
demersal,10^4 g,13.25,21.25,22
demersal,10^4 g,13.25,21.75,22
demersal,10^4 g,13.25,22.25,15
demersal,10^4 g,13.75,1.75,1
demersal,10^4 g,13.75,3.25,4
demersal,10^4 g,13.75,4.75,1
demersal,10^4 g,13.75,6.25,2
demersal,10^4 g,13.75,8.25,1
demersal,10^4 g,13.75,10.25,1
demersal,10^4 g,13.75,12.75,1
demersal,10^4 g,13.75,15.25,1
demersal,10^4 g,13.75,15.75,25
demersal,10^4 g,13.75,16.25,234
demersal,10^4 g,13.75,16.75,2
demersal,10^4 g,13.75,17.25,47
demersal,10^4 g,13.75,17.75,4
demersal,10^4 g,13.75,18.25,19
demersal,10^4 g,13.75,18.75,74
demersal,10^4 g,13.75,19.25,95
demersal,10^4 g,13.75,19.75,217
demersal,10^4 g,13.75,20.25,206
demersal,10^4 g,13.75,20.75,13
demersal,10^4 g,13.75,21.75,15
demersal,10^4 g,13.75,22.25,270
demersal,10^4 g,14.25,3.25,2
demersal,10^4 g,14.25,5.25,1
demersal,10^4 g,14.25,7.25,7
demersal,10^4 g,14.25,8.75,2
demersal,10^4 g,14.25,10.25,4
demersal,10^4 g,14.25,11.25,1
demersal,10^4 g,14.25,12.25,1
demersal,10^4 g,14.25,14.25,4
demersal,10^4 g,14.25,14.75,4
demersal,10^4 g,14.25,15.75,14
demersal,10^4 g,14.25,16.25,274
demersal,10^4 g,14.25,16.75,9
demersal,10^4 g,14.25,17.25,6
demersal,10^4 g,14.25,17.75,11
demersal,10^4 g,14.25,18.25,176
demersal,10^4 g,14.25,18.75,93
demersal,10^4 g,14.25,19.25,260
demersal,10^4 g,14.25,19.75,765
demersal,10^4 g,14.25,20.25,731
demersal,10^4 g,14.25,20.75,271
demersal,10^4 g,14.25,21.25,54
demersal,10^4 g,14.25,21.75,45
demersal,10^4 g,14.25,22.25,13
demersal,10^4 g,14.75,1.75,1
demersal,10^4 g,14.75,5.25,1
demersal,10^4 g,14.75,5.75,2
demersal,10^4 g,14.75,6.25,1
demersal,10^4 g,14.75,7.75,4
demersal,10^4 g,14.75,13.25,4
demersal,10^4 g,14.75,14.75,1
demersal,10^4 g,14.75,15.25,11
demersal,10^4 g,14.75,15.75,13
demersal,10^4 g,14.75,16.25,20
demersal,10^4 g,14.75,16.75,81
demersal,10^4 g,14.75,17.25,2
demersal,10^4 g,14.75,18.25,197
demersal,10^4 g,14.75,18.75,117
demersal,10^4 g,14.75,19.25,127
demersal,10^4 g,14.75,19.75,542
demersal,10^4 g,14.75,20.25,82
demersal,10^4 g,14.75,20.75,379
demersal,10^4 g,14.75,21.25,759
demersal,10^4 g,14.75,21.75,336
demersal,10^4 g,15.25,4.25,2
demersal,10^4 g,15.25,5.75,1
demersal,10^4 g,15.25,6.25,2
demersal,10^4 g,15.25,12.75,1
demersal,10^4 g,15.25,14.75,7
demersal,10^4 g,15.25,15.25,2
demersal,10^4 g,15.25,15.75,2
demersal,10^4 g,15.25,16.25,9
demersal,10^4 g,15.25,17.25,21
demersal,10^4 g,15.25,17.75,5
demersal,10^4 g,15.25,18.25,1
demersal,10^4 g,15.25,18.75,470
demersal,10^4 g,15.25,19.25,31
demersal,10^4 g,15.25,19.75,92
demersal,10^4 g,15.25,20.25,251
demersal,10^4 g,15.25,20.75,177
demersal,10^4 g,15.25,21.25,265
demersal,10^4 g,15.25,21.75,26
demersal,10^4 g,15.25,22.25,146
demersal,10^4 g,15.25,22.75,1
demersal,10^4 g,15.75,2.75,3
demersal,10^4 g,15.75,5.75,1
demersal,10^4 g,15.75,7.25,2
demersal,10^4 g,15.75,9.75,22
demersal,10^4 g,15.75,13.75,1
demersal,10^4 g,15.75,15.25,2
demersal,10^4 g,15.75,15.75,4
demersal,10^4 g,15.75,16.25,26
demersal,10^4 g,15.75,16.75,12
demersal,10^4 g,15.75,17.25,14
demersal,10^4 g,15.75,17.75,14
demersal,10^4 g,15.75,18.25,2
demersal,10^4 g,15.75,18.75,385
demersal,10^4 g,15.75,19.25,9
demersal,10^4 g,15.75,19.75,33
demersal,10^4 g,15.75,20.25,1083
demersal,10^4 g,15.75,20.75,882
demersal,10^4 g,15.75,21.25,67
demersal,10^4 g,15.75,21.75,110
demersal,10^4 g,15.75,22.25,6
demersal,10^4 g,16.25,4.25,2
demersal,10^4 g,16.25,5.25,8
demersal,10^4 g,16.25,9.75,5
demersal,10^4 g,16.25,10.25,3
demersal,10^4 g,16.25,10.75,1
demersal,10^4 g,16.25,13.25,2
demersal,10^4 g,16.25,14.25,3
demersal,10^4 g,16.25,14.75,1
demersal,10^4 g,16.25,15.25,6
demersal,10^4 g,16.25,15.75,2
demersal,10^4 g,16.25,16.25,30
demersal,10^4 g,16.25,16.75,4
demersal,10^4 g,16.25,17.25,2
demersal,10^4 g,16.25,17.75,3
demersal,10^4 g,16.25,18.25,12
demersal,10^4 g,16.25,19.25,187
demersal,10^4 g,16.25,20.25,48
demersal,10^4 g,16.25,20.75,206
demersal,10^4 g,16.25,21.25,106
demersal,10^4 g,16.25,21.75,611
demersal,10^4 g,16.25,22.25,2
demersal,10^4 g,16.25,22.75,60
demersal,10^4 g,16.75,9.75,1
demersal,10^4 g,16.75,10.25,1
demersal,10^4 g,16.75,11.25,6
demersal,10^4 g,16.75,14.25,1
demersal,10^4 g,16.75,15.25,1
demersal,10^4 g,16.75,15.75,4
demersal,10^4 g,16.75,16.25,6
demersal,10^4 g,16.75,16.75,8
demersal,10^4 g,16.75,17.25,1
demersal,10^4 g,16.75,18.75,9
demersal,10^4 g,16.75,19.75,107
demersal,10^4 g,16.75,20.25,1052
demersal,10^4 g,16.75,20.75,30
demersal,10^4 g,16.75,21.25,46
demersal,10^4 g,16.75,21.75,27
demersal,10^4 g,16.75,22.25,16
demersal,10^4 g,16.75,22.75,13
demersal,10^4 g,17.25,6.25,2
demersal,10^4 g,17.25,11.75,1
demersal,10^4 g,17.25,15.75,1
demersal,10^4 g,17.25,16.25,23
demersal,10^4 g,17.25,17.25,7
demersal,10^4 g,17.25,17.75,1
demersal,10^4 g,17.25,18.25,13
demersal,10^4 g,17.25,18.75,4
demersal,10^4 g,17.25,19.25,26
demersal,10^4 g,17.25,19.75,9
demersal,10^4 g,17.25,20.25,2211
demersal,10^4 g,17.25,20.75,420
demersal,10^4 g,17.25,21.25,82
demersal,10^4 g,17.25,21.75,12
demersal,10^4 g,17.25,22.25,16
demersal,10^4 g,17.75,10.25,3
demersal,10^4 g,17.75,13.75,1
demersal,10^4 g,17.75,15.25,4
demersal,10^4 g,17.75,15.75,4
demersal,10^4 g,17.75,16.75,1
demersal,10^4 g,17.75,17.25,2
demersal,10^4 g,17.75,17.75,3
demersal,10^4 g,17.75,18.25,1
demersal,10^4 g,17.75,19.25,4
demersal,10^4 g,17.75,19.75,3
demersal,10^4 g,17.75,20.25,92
demersal,10^4 g,17.75,20.75,394
demersal,10^4 g,17.75,21.25,153
demersal,10^4 g,17.75,21.75,51
demersal,10^4 g,17.75,22.25,4
demersal,10^4 g,18.25,10.75,9
demersal,10^4 g,18.25,11.75,1
demersal,10^4 g,18.25,12.75,2
demersal,10^4 g,18.25,13.75,4
demersal,10^4 g,18.25,14.75,1
demersal,10^4 g,18.25,16.25,1
demersal,10^4 g,18.25,17.25,8
demersal,10^4 g,18.25,17.75,2
demersal,10^4 g,18.25,18.25,14
demersal,10^4 g,18.25,19.25,73
demersal,10^4 g,18.25,19.75,10
demersal,10^4 g,18.25,20.25,12
demersal,10^4 g,18.25,20.75,87
demersal,10^4 g,18.25,21.25,171
demersal,10^4 g,18.25,21.75,92
demersal,10^4 g,18.25,22.25,13
demersal,10^4 g,18.75,10.25,1
demersal,10^4 g,18.75,11.25,3
demersal,10^4 g,18.75,12.25,2
demersal,10^4 g,18.75,14.25,1
demersal,10^4 g,18.75,15.75,7
demersal,10^4 g,18.75,16.75,2
demersal,10^4 g,18.75,17.25,4
demersal,10^4 g,18.75,17.75,5
demersal,10^4 g,18.75,18.25,2
demersal,10^4 g,18.75,18.75,3
demersal,10^4 g,18.75,19.25,6
demersal,10^4 g,18.75,19.75,1
demersal,10^4 g,18.75,20.25,10
demersal,10^4 g,18.75,20.75,3
demersal,10^4 g,18.75,21.25,180
demersal,10^4 g,18.75,21.75,109
demersal,10^4 g,18.75,22.25,6
demersal,10^4 g,19.25,11.25,1
demersal,10^4 g,19.25,11.75,1
demersal,10^4 g,19.25,13.25,5
demersal,10^4 g,19.25,14.25,8
demersal,10^4 g,19.25,14.75,2
demersal,10^4 g,19.25,15.25,1
demersal,10^4 g,19.25,15.75,3
demersal,10^4 g,19.25,17.25,2
demersal,10^4 g,19.25,17.75,2
demersal,10^4 g,19.25,18.25,2
demersal,10^4 g,19.25,19.75,1
demersal,10^4 g,19.25,20.25,7
demersal,10^4 g,19.25,20.75,5
demersal,10^4 g,19.25,21.25,45
demersal,10^4 g,19.25,21.75,2
demersal,10^4 g,19.25,22.25,148
demersal,10^4 g,19.75,10.25,2
demersal,10^4 g,19.75,11.75,5
demersal,10^4 g,19.75,14.75,1
demersal,10^4 g,19.75,15.25,1
demersal,10^4 g,19.75,15.75,1
demersal,10^4 g,19.75,16.75,2
demersal,10^4 g,19.75,17.25,2
demersal,10^4 g,19.75,18.25,26
demersal,10^4 g,19.75,18.75,2
demersal,10^4 g,19.75,19.25,16
demersal,10^4 g,19.75,19.75,5
demersal,10^4 g,19.75,20.25,4
demersal,10^4 g,19.75,21.25,7
demersal,10^4 g,19.75,21.75,2
demersal,10^4 g,19.75,22.25,155
demersal,10^4 g,19.75,22.75,123
demersal,10^4 g,20.25,11.75,4
demersal,10^4 g,20.25,12.25,7
demersal,10^4 g,20.25,12.75,12
demersal,10^4 g,20.25,13.25,3
demersal,10^4 g,20.25,14.75,2
demersal,10^4 g,20.25,15.75,3
demersal,10^4 g,20.25,16.25,1
demersal,10^4 g,20.25,17.75,27
demersal,10^4 g,20.25,18.25,19
demersal,10^4 g,20.25,18.75,128
demersal,10^4 g,20.25,19.25,13
demersal,10^4 g,20.25,20.25,13
demersal,10^4 g,20.25,20.75,1
demersal,10^4 g,20.25,21.25,14
demersal,10^4 g,20.25,21.75,4
demersal,10^4 g,20.25,22.25,13
demersal,10^4 g,20.25,22.75,84
demersal,10^4 g,20.75,9.25,1
demersal,10^4 g,20.75,10.75,2
demersal,10^4 g,20.75,13.25,1
demersal,10^4 g,20.75,13.75,6
demersal,10^4 g,20.75,14.25,7
demersal,10^4 g,20.75,18.25,3
demersal,10^4 g,20.75,19.25,81
demersal,10^4 g,20.75,19.75,9
demersal,10^4 g,20.75,20.25,13
demersal,10^4 g,20.75,20.75,28
demersal,10^4 g,20.75,21.25,8
demersal,10^4 g,20.75,21.75,3
demersal,10^4 g,20.75,22.25,440
demersal,10^4 g,20.75,22.75,61
demersal,10^4 g,21.25,13.25,1
demersal,10^4 g,21.25,15.25,3
demersal,10^4 g,21.25,16.25,1
demersal,10^4 g,21.25,17.25,1
demersal,10^4 g,21.25,18.25,4
demersal,10^4 g,21.25,18.75,1
demersal,10^4 g,21.25,19.25,2
demersal,10^4 g,21.25,19.75,214
demersal,10^4 g,21.25,20.25,9
demersal,10^4 g,21.25,20.75,34
demersal,10^4 g,21.25,21.25,9
demersal,10^4 g,21.25,21.75,3
demersal,10^4 g,21.25,22.25,108
demersal,10^4 g,21.25,22.75,25
demersal,10^4 g,21.75,6.25,1
demersal,10^4 g,21.75,12.25,1
demersal,10^4 g,21.75,12.75,1
demersal,10^4 g,21.75,13.75,200
demersal,10^4 g,21.75,14.25,113
demersal,10^4 g,21.75,14.75,1
demersal,10^4 g,21.75,17.25,2
demersal,10^4 g,21.75,18.75,1
demersal,10^4 g,21.75,19.25,1
demersal,10^4 g,21.75,19.75,257
demersal,10^4 g,21.75,20.25,141
demersal,10^4 g,21.75,20.75,9
demersal,10^4 g,21.75,21.25,21
demersal,10^4 g,21.75,21.75,26
demersal,10^4 g,21.75,22.25,454
demersal,10^4 g,22.25,12.25,1
demersal,10^4 g,22.25,13.75,32
demersal,10^4 g,22.25,15.25,3
demersal,10^4 g,22.25,15.75,8
demersal,10^4 g,22.25,17.25,5
demersal,10^4 g,22.25,19.25,1
demersal,10^4 g,22.25,19.75,3
demersal,10^4 g,22.25,20.25,32
demersal,10^4 g,22.25,20.75,271
demersal,10^4 g,22.25,21.25,12
demersal,10^4 g,22.25,21.75,26
demersal,10^4 g,22.25,22.25,15
demersal,10^4 g,22.25,25.25,28
demersal,10^4 g,22.75,13.25,2
demersal,10^4 g,22.75,17.25,1
demersal,10^4 g,22.75,17.75,2
demersal,10^4 g,22.75,19.25,2
demersal,10^4 g,22.75,20.75,82
demersal,10^4 g,22.75,21.25,24
demersal,10^4 g,22.75,21.75,2
demersal,10^4 g,22.75,22.25,26
demersal,10^4 g,23.25,9.75,3
demersal,10^4 g,23.25,12.25,4
demersal,10^4 g,23.25,15.75,2
demersal,10^4 g,23.25,16.25,21
demersal,10^4 g,23.25,17.25,27
demersal,10^4 g,23.25,17.75,3
demersal,10^4 g,23.25,18.25,2
demersal,10^4 g,23.25,19.25,7
demersal,10^4 g,23.25,20.25,1
demersal,10^4 g,23.25,20.75,22
demersal,10^4 g,23.25,21.25,83
demersal,10^4 g,23.25,21.75,3
demersal,10^4 g,23.25,22.25,191
demersal,10^4 g,23.25,22.75,57
demersal,10^4 g,23.75,10.25,1
demersal,10^4 g,23.75,11.25,3
demersal,10^4 g,23.75,15.75,8
demersal,10^4 g,23.75,16.25,200
demersal,10^4 g,23.75,16.75,42
demersal,10^4 g,23.75,17.25,2
demersal,10^4 g,23.75,17.75,86
demersal,10^4 g,23.75,18.25,116
demersal,10^4 g,23.75,18.75,92
demersal,10^4 g,23.75,19.25,1
demersal,10^4 g,23.75,19.75,1
demersal,10^4 g,23.75,20.25,7
demersal,10^4 g,23.75,20.75,14
demersal,10^4 g,23.75,22.25,80
demersal,10^4 g,23.75,22.75,102
demersal,10^4 g,24.25,10.25,5
demersal,10^4 g,24.25,10.75,4
demersal,10^4 g,24.25,15.25,1
demersal,10^4 g,24.25,15.75,1
demersal,10^4 g,24.25,16.25,23
demersal,10^4 g,24.25,16.75,11
demersal,10^4 g,24.25,17.25,177
demersal,10^4 g,24.25,17.75,112
demersal,10^4 g,24.25,18.25,20
demersal,10^4 g,24.25,18.75,84
demersal,10^4 g,24.25,19.25,161
demersal,10^4 g,24.25,19.75,98
demersal,10^4 g,24.25,20.25,8
demersal,10^4 g,24.25,20.75,2
demersal,10^4 g,24.25,21.25,228
demersal,10^4 g,24.25,21.75,14
demersal,10^4 g,24.75,10.75,5
demersal,10^4 g,24.75,11.25,5
demersal,10^4 g,24.75,11.75,3
demersal,10^4 g,24.75,13.25,24
demersal,10^4 g,24.75,13.75,1
demersal,10^4 g,24.75,14.25,1
demersal,10^4 g,24.75,14.75,1
demersal,10^4 g,24.75,15.75,3
demersal,10^4 g,24.75,16.25,9
demersal,10^4 g,24.75,16.75,7
demersal,10^4 g,24.75,17.25,32
demersal,10^4 g,24.75,17.75,51
demersal,10^4 g,24.75,18.25,103
demersal,10^4 g,24.75,18.75,200
demersal,10^4 g,24.75,19.25,228
demersal,10^4 g,24.75,19.75,463
demersal,10^4 g,24.75,20.25,55
demersal,10^4 g,24.75,20.75,3653
demersal,10^4 g,24.75,21.25,18
demersal,10^4 g,24.75,21.75,23
demersal,10^4 g,24.75,22.25,3
demersal,10^4 g,25.25,9.25,4
demersal,10^4 g,25.25,12.25,2
demersal,10^4 g,25.25,13.75,2
demersal,10^4 g,25.25,14.25,3
demersal,10^4 g,25.25,15.75,6
demersal,10^4 g,25.25,16.25,2
demersal,10^4 g,25.25,16.75,9
demersal,10^4 g,25.25,17.75,13
demersal,10^4 g,25.25,18.25,25
demersal,10^4 g,25.25,18.75,55
demersal,10^4 g,25.25,19.25,31
demersal,10^4 g,25.25,19.75,214
demersal,10^4 g,25.25,20.25,45
demersal,10^4 g,25.25,20.75,2320
demersal,10^4 g,25.25,21.25,62
demersal,10^4 g,25.25,21.75,243
demersal,10^4 g,25.25,22.25,7
demersal,10^4 g,25.75,11.25,2
demersal,10^4 g,25.75,12.25,3
demersal,10^4 g,25.75,13.25,1
demersal,10^4 g,25.75,14.25,2
demersal,10^4 g,25.75,15.25,1
demersal,10^4 g,25.75,16.25,4
demersal,10^4 g,25.75,17.25,30
demersal,10^4 g,25.75,17.75,2
demersal,10^4 g,25.75,18.25,11
demersal,10^4 g,25.75,18.75,26
demersal,10^4 g,25.75,19.25,81
demersal,10^4 g,25.75,19.75,81
demersal,10^4 g,25.75,20.25,204
demersal,10^4 g,25.75,20.75,185
demersal,10^4 g,25.75,21.25,63
demersal,10^4 g,25.75,21.75,104
demersal,10^4 g,25.75,22.25,6
demersal,10^4 g,26.25,13.75,7
demersal,10^4 g,26.25,14.75,2
demersal,10^4 g,26.25,15.75,8
demersal,10^4 g,26.25,16.25,9
demersal,10^4 g,26.25,16.75,4
demersal,10^4 g,26.25,17.25,3
demersal,10^4 g,26.25,17.75,15
demersal,10^4 g,26.25,18.25,6
demersal,10^4 g,26.25,18.75,5
demersal,10^4 g,26.25,19.25,5
demersal,10^4 g,26.25,19.75,2
demersal,10^4 g,26.25,20.25,87
demersal,10^4 g,26.25,20.75,161
demersal,10^4 g,26.25,21.25,297
demersal,10^4 g,26.25,21.75,32
demersal,10^4 g,26.25,22.25,36
demersal,10^4 g,26.75,11.25,2
demersal,10^4 g,26.75,12.25,1
demersal,10^4 g,26.75,12.75,9
demersal,10^4 g,26.75,14.25,1
demersal,10^4 g,26.75,14.75,3
demersal,10^4 g,26.75,16.25,1
demersal,10^4 g,26.75,16.75,3
demersal,10^4 g,26.75,17.25,5
demersal,10^4 g,26.75,17.75,28
demersal,10^4 g,26.75,18.25,12
demersal,10^4 g,26.75,18.75,10
demersal,10^4 g,26.75,19.25,3
demersal,10^4 g,26.75,19.75,14
demersal,10^4 g,26.75,20.25,77
demersal,10^4 g,26.75,20.75,190
demersal,10^4 g,26.75,21.25,88
demersal,10^4 g,26.75,21.75,24
demersal,10^4 g,27.25,10.25,7
demersal,10^4 g,27.25,10.75,2
demersal,10^4 g,27.25,13.25,4
demersal,10^4 g,27.25,13.75,7
demersal,10^4 g,27.25,14.75,1
demersal,10^4 g,27.25,15.25,3
demersal,10^4 g,27.25,16.25,2
demersal,10^4 g,27.25,16.75,6
demersal,10^4 g,27.25,17.25,16
demersal,10^4 g,27.25,17.75,18
demersal,10^4 g,27.25,18.25,3
demersal,10^4 g,27.25,18.75,11
demersal,10^4 g,27.25,19.25,13
demersal,10^4 g,27.25,19.75,29
demersal,10^4 g,27.25,20.25,44
demersal,10^4 g,27.25,20.75,48
demersal,10^4 g,27.25,21.25,208
demersal,10^4 g,27.25,21.75,176
demersal,10^4 g,27.75,14.25,5
demersal,10^4 g,27.75,16.25,5
demersal,10^4 g,27.75,16.75,2
demersal,10^4 g,27.75,17.25,1
demersal,10^4 g,27.75,17.75,13
demersal,10^4 g,27.75,18.25,16
demersal,10^4 g,27.75,18.75,1
demersal,10^4 g,27.75,19.25,5
demersal,10^4 g,27.75,19.75,51
demersal,10^4 g,27.75,20.25,15
demersal,10^4 g,27.75,20.75,8
demersal,10^4 g,27.75,21.25,13
demersal,10^4 g,27.75,21.75,61
demersal,10^4 g,27.75,22.25,21
demersal,10^4 g,28.25,18.25,3
demersal,10^4 g,28.25,18.75,5
demersal,10^4 g,28.25,19.75,4
demersal,10^4 g,28.25,20.25,104
demersal,10^4 g,28.25,20.75,259
demersal,10^4 g,28.25,21.25,414
demersal,10^4 g,28.25,21.75,28
demersal,10^4 g,28.25,22.25,4
demersal,10^4 g,28.75,20.75,6
demersal,10^4 g,28.75,21.25,588
demersal,10^4 g,28.75,22.25,1
demersal,10^4 g,29.25,21.25,17
demersal,10^4 g,29.25,21.75,93
demersal,10^4 g,29.25,22.25,2
demersal,10^4 g,29.75,21.75,3
demersal,10^5 g,0.25,17.25,11
demersal,10^5 g,0.25,17.75,24
demersal,10^5 g,0.25,18.25,32
demersal,10^5 g,0.25,18.75,216
demersal,10^5 g,0.25,19.25,138
demersal,10^5 g,0.25,19.75,151
demersal,10^5 g,0.25,20.25,60
demersal,10^5 g,0.25,20.75,7
demersal,10^5 g,0.25,21.25,1
demersal,10^5 g,0.75,17.25,6
demersal,10^5 g,0.75,17.75,49
demersal,10^5 g,0.75,18.25,73
demersal,10^5 g,0.75,18.75,69
demersal,10^5 g,0.75,19.25,31
demersal,10^5 g,0.75,19.75,52
demersal,10^5 g,0.75,20.25,58
demersal,10^5 g,0.75,20.75,26
demersal,10^5 g,0.75,21.25,1
demersal,10^5 g,1.25,16.75,9
demersal,10^5 g,1.25,17.25,6
demersal,10^5 g,1.25,17.75,29
demersal,10^5 g,1.25,18.25,16
demersal,10^5 g,1.25,18.75,17
demersal,10^5 g,1.25,19.25,66
demersal,10^5 g,1.25,19.75,66
demersal,10^5 g,1.25,20.25,63
demersal,10^5 g,1.25,20.75,12
demersal,10^5 g,1.25,21.25,2
demersal,10^5 g,1.25,22.25,1
demersal,10^5 g,1.75,5.25,1
demersal,10^5 g,1.75,15.75,1
demersal,10^5 g,1.75,17.25,17
demersal,10^5 g,1.75,17.75,9
demersal,10^5 g,1.75,18.25,11
demersal,10^5 g,1.75,18.75,36
demersal,10^5 g,1.75,19.25,66
demersal,10^5 g,1.75,19.75,46
demersal,10^5 g,1.75,20.25,72
demersal,10^5 g,1.75,20.75,54
demersal,10^5 g,1.75,21.75,1
demersal,10^5 g,2.25,7.25,2
demersal,10^5 g,2.25,9.75,1
demersal,10^5 g,2.25,10.75,1
demersal,10^5 g,2.25,11.75,2
demersal,10^5 g,2.25,12.25,4
demersal,10^5 g,2.25,15.25,2
demersal,10^5 g,2.25,15.75,6
demersal,10^5 g,2.25,16.25,2
demersal,10^5 g,2.25,16.75,2
demersal,10^5 g,2.25,17.25,21
demersal,10^5 g,2.25,17.75,30
demersal,10^5 g,2.25,18.25,40
demersal,10^5 g,2.25,18.75,71
demersal,10^5 g,2.25,19.25,57
demersal,10^5 g,2.25,19.75,66
demersal,10^5 g,2.25,20.25,117
demersal,10^5 g,2.25,20.75,5
demersal,10^5 g,2.25,21.25,7
demersal,10^5 g,2.25,21.75,1
demersal,10^5 g,2.75,10.25,1
demersal,10^5 g,2.75,11.25,3
demersal,10^5 g,2.75,12.25,3
demersal,10^5 g,2.75,13.75,1
demersal,10^5 g,2.75,14.25,3
demersal,10^5 g,2.75,16.25,16
demersal,10^5 g,2.75,16.75,3
demersal,10^5 g,2.75,17.75,31
demersal,10^5 g,2.75,18.25,23
demersal,10^5 g,2.75,18.75,229
demersal,10^5 g,2.75,19.25,190
demersal,10^5 g,2.75,19.75,44
demersal,10^5 g,2.75,20.25,181
demersal,10^5 g,2.75,20.75,57
demersal,10^5 g,2.75,21.25,3
demersal,10^5 g,2.75,22.25,1
demersal,10^5 g,3.25,2.25,1
demersal,10^5 g,3.25,3.75,5
demersal,10^5 g,3.25,4.25,1
demersal,10^5 g,3.25,4.75,1
demersal,10^5 g,3.25,9.75,1
demersal,10^5 g,3.25,10.75,4
demersal,10^5 g,3.25,11.25,4
demersal,10^5 g,3.25,11.75,4
demersal,10^5 g,3.25,12.25,11
demersal,10^5 g,3.25,12.75,23
demersal,10^5 g,3.25,13.25,8
demersal,10^5 g,3.25,15.25,4
demersal,10^5 g,3.25,15.75,160
demersal,10^5 g,3.25,16.25,30
demersal,10^5 g,3.25,16.75,13
demersal,10^5 g,3.25,17.25,9
demersal,10^5 g,3.25,17.75,31
demersal,10^5 g,3.25,18.25,21
demersal,10^5 g,3.25,18.75,81
demersal,10^5 g,3.25,19.25,658
demersal,10^5 g,3.25,19.75,310
demersal,10^5 g,3.25,20.25,133
demersal,10^5 g,3.25,20.75,38
demersal,10^5 g,3.25,21.25,26
demersal,10^5 g,3.25,21.75,1
demersal,10^5 g,3.75,1.75,2
demersal,10^5 g,3.75,5.25,2
demersal,10^5 g,3.75,8.25,2
demersal,10^5 g,3.75,10.75,14
demersal,10^5 g,3.75,11.25,42
demersal,10^5 g,3.75,11.75,10
demersal,10^5 g,3.75,12.25,7
demersal,10^5 g,3.75,12.75,22
demersal,10^5 g,3.75,13.25,13
demersal,10^5 g,3.75,13.75,30
demersal,10^5 g,3.75,14.25,10
demersal,10^5 g,3.75,14.75,1
demersal,10^5 g,3.75,15.25,3
demersal,10^5 g,3.75,16.25,1
demersal,10^5 g,3.75,16.75,2
demersal,10^5 g,3.75,17.75,8
demersal,10^5 g,3.75,18.25,12
demersal,10^5 g,3.75,18.75,8
demersal,10^5 g,3.75,19.25,301
demersal,10^5 g,3.75,19.75,175
demersal,10^5 g,3.75,20.25,16
demersal,10^5 g,3.75,20.75,96
demersal,10^5 g,3.75,21.25,22
demersal,10^5 g,3.75,22.25,1
demersal,10^5 g,4.25,7.75,2
demersal,10^5 g,4.25,9.25,1
demersal,10^5 g,4.25,10.75,1
demersal,10^5 g,4.25,11.25,15
demersal,10^5 g,4.25,11.75,44
demersal,10^5 g,4.25,12.25,28
demersal,10^5 g,4.25,12.75,72
demersal,10^5 g,4.25,13.25,73
demersal,10^5 g,4.25,13.75,9
demersal,10^5 g,4.25,14.25,13
demersal,10^5 g,4.25,14.75,42
demersal,10^5 g,4.25,15.25,5
demersal,10^5 g,4.25,16.25,1
demersal,10^5 g,4.25,17.25,4
demersal,10^5 g,4.25,17.75,11
demersal,10^5 g,4.25,18.25,2
demersal,10^5 g,4.25,18.75,3
demersal,10^5 g,4.25,19.25,5
demersal,10^5 g,4.25,19.75,4
demersal,10^5 g,4.25,20.25,9
demersal,10^5 g,4.25,20.75,37
demersal,10^5 g,4.25,21.25,7
demersal,10^5 g,4.25,21.75,2
demersal,10^5 g,4.25,22.25,5
demersal,10^5 g,4.75,7.75,1
demersal,10^5 g,4.75,11.25,3
demersal,10^5 g,4.75,11.75,64
demersal,10^5 g,4.75,12.25,170
demersal,10^5 g,4.75,12.75,157
demersal,10^5 g,4.75,13.25,48
demersal,10^5 g,4.75,13.75,4
demersal,10^5 g,4.75,14.25,60
demersal,10^5 g,4.75,14.75,26
demersal,10^5 g,4.75,15.25,37
demersal,10^5 g,4.75,15.75,14
demersal,10^5 g,4.75,16.25,1
demersal,10^5 g,4.75,16.75,1
demersal,10^5 g,4.75,17.25,8
demersal,10^5 g,4.75,17.75,2
demersal,10^5 g,4.75,18.75,2
demersal,10^5 g,4.75,19.25,3
demersal,10^5 g,4.75,19.75,5
demersal,10^5 g,4.75,20.25,28
demersal,10^5 g,4.75,20.75,27
demersal,10^5 g,4.75,21.25,14
demersal,10^5 g,4.75,21.75,30
demersal,10^5 g,4.75,22.25,17
demersal,10^5 g,4.75,22.75,1
demersal,10^5 g,5.25,3.75,2
demersal,10^5 g,5.25,6.25,2
demersal,10^5 g,5.25,7.25,2
demersal,10^5 g,5.25,10.75,1
demersal,10^5 g,5.25,11.25,4
demersal,10^5 g,5.25,11.75,13
demersal,10^5 g,5.25,12.25,68
demersal,10^5 g,5.25,12.75,324
demersal,10^5 g,5.25,13.25,272
demersal,10^5 g,5.25,13.75,13
demersal,10^5 g,5.25,15.25,35
demersal,10^5 g,5.25,15.75,50
demersal,10^5 g,5.25,16.25,9
demersal,10^5 g,5.25,16.75,23
demersal,10^5 g,5.25,17.25,9
demersal,10^5 g,5.25,17.75,32
demersal,10^5 g,5.25,18.25,4
demersal,10^5 g,5.25,18.75,128
demersal,10^5 g,5.25,19.25,80
demersal,10^5 g,5.25,19.75,29
demersal,10^5 g,5.25,20.25,319
demersal,10^5 g,5.25,20.75,300
demersal,10^5 g,5.25,21.25,21
demersal,10^5 g,5.25,21.75,55
demersal,10^5 g,5.25,22.25,66
demersal,10^5 g,5.25,23.25,3
demersal,10^5 g,5.75,5.75,6
demersal,10^5 g,5.75,6.25,3
demersal,10^5 g,5.75,6.75,4
demersal,10^5 g,5.75,8.25,1
demersal,10^5 g,5.75,8.75,78
demersal,10^5 g,5.75,10.75,9
demersal,10^5 g,5.75,11.25,2
demersal,10^5 g,5.75,12.25,12
demersal,10^5 g,5.75,12.75,139
demersal,10^5 g,5.75,13.25,446
demersal,10^5 g,5.75,13.75,229
demersal,10^5 g,5.75,14.25,36
demersal,10^5 g,5.75,14.75,1
demersal,10^5 g,5.75,15.25,9
demersal,10^5 g,5.75,15.75,30
demersal,10^5 g,5.75,16.25,34
demersal,10^5 g,5.75,16.75,21
demersal,10^5 g,5.75,17.25,1
demersal,10^5 g,5.75,17.75,22
demersal,10^5 g,5.75,18.25,13
demersal,10^5 g,5.75,18.75,1
demersal,10^5 g,5.75,19.25,30
demersal,10^5 g,5.75,19.75,49
demersal,10^5 g,5.75,20.25,142
demersal,10^5 g,5.75,20.75,227
demersal,10^5 g,5.75,21.25,282
demersal,10^5 g,5.75,21.75,274
demersal,10^5 g,5.75,22.25,68
demersal,10^5 g,6.25,5.25,2
demersal,10^5 g,6.25,6.75,1
demersal,10^5 g,6.25,7.25,9
demersal,10^5 g,6.25,8.25,6
demersal,10^5 g,6.25,8.75,50
demersal,10^5 g,6.25,9.25,45
demersal,10^5 g,6.25,9.75,42
demersal,10^5 g,6.25,12.25,5
demersal,10^5 g,6.25,12.75,10
demersal,10^5 g,6.25,13.25,134
demersal,10^5 g,6.25,13.75,421
demersal,10^5 g,6.25,14.25,185
demersal,10^5 g,6.25,14.75,45
demersal,10^5 g,6.25,15.25,26
demersal,10^5 g,6.25,15.75,4
demersal,10^5 g,6.25,16.75,25
demersal,10^5 g,6.25,17.25,38
demersal,10^5 g,6.25,17.75,40
demersal,10^5 g,6.25,18.25,90
demersal,10^5 g,6.25,18.75,137
demersal,10^5 g,6.25,19.25,217
demersal,10^5 g,6.25,19.75,38
demersal,10^5 g,6.25,20.25,34
demersal,10^5 g,6.25,20.75,81
demersal,10^5 g,6.25,21.25,299
demersal,10^5 g,6.25,21.75,216
demersal,10^5 g,6.25,22.25,156
demersal,10^5 g,6.75,8.25,48
demersal,10^5 g,6.75,8.75,27
demersal,10^5 g,6.75,9.25,46
demersal,10^5 g,6.75,9.75,38
demersal,10^5 g,6.75,10.25,61
demersal,10^5 g,6.75,10.75,219
demersal,10^5 g,6.75,11.75,2
demersal,10^5 g,6.75,12.25,6
demersal,10^5 g,6.75,12.75,46
demersal,10^5 g,6.75,13.25,8
demersal,10^5 g,6.75,13.75,16
demersal,10^5 g,6.75,14.25,453
demersal,10^5 g,6.75,14.75,100
demersal,10^5 g,6.75,15.25,134
demersal,10^5 g,6.75,15.75,70
demersal,10^5 g,6.75,16.25,142
demersal,10^5 g,6.75,16.75,66
demersal,10^5 g,6.75,17.25,145
demersal,10^5 g,6.75,17.75,142
demersal,10^5 g,6.75,18.25,160
demersal,10^5 g,6.75,18.75,180
demersal,10^5 g,6.75,19.25,152
demersal,10^5 g,6.75,19.75,132
demersal,10^5 g,6.75,20.25,308
demersal,10^5 g,6.75,20.75,58
demersal,10^5 g,6.75,21.25,642
demersal,10^5 g,6.75,21.75,80
demersal,10^5 g,6.75,22.25,323
demersal,10^5 g,7.25,3.75,1
demersal,10^5 g,7.25,8.25,1
demersal,10^5 g,7.25,10.25,68
demersal,10^5 g,7.25,10.75,130
demersal,10^5 g,7.25,11.25,4
demersal,10^5 g,7.25,12.25,50
demersal,10^5 g,7.25,12.75,75
demersal,10^5 g,7.25,13.25,13
demersal,10^5 g,7.25,13.75,56
demersal,10^5 g,7.25,14.25,110
demersal,10^5 g,7.25,14.75,47
demersal,10^5 g,7.25,15.25,310
demersal,10^5 g,7.25,15.75,85
demersal,10^5 g,7.25,16.25,77
demersal,10^5 g,7.25,16.75,71
demersal,10^5 g,7.25,17.25,107
demersal,10^5 g,7.25,17.75,232
demersal,10^5 g,7.25,18.25,77
demersal,10^5 g,7.25,18.75,346
demersal,10^5 g,7.25,19.25,636
demersal,10^5 g,7.25,19.75,734
demersal,10^5 g,7.25,20.25,427
demersal,10^5 g,7.25,20.75,851
demersal,10^5 g,7.25,21.25,75
demersal,10^5 g,7.25,21.75,452
demersal,10^5 g,7.25,22.25,261
demersal,10^5 g,7.25,22.75,16
demersal,10^5 g,7.75,8.25,4
demersal,10^5 g,7.75,8.75,88
demersal,10^5 g,7.75,9.25,1
demersal,10^5 g,7.75,9.75,51
demersal,10^5 g,7.75,10.25,1
demersal,10^5 g,7.75,10.75,2
demersal,10^5 g,7.75,11.25,1
demersal,10^5 g,7.75,12.75,226
demersal,10^5 g,7.75,13.25,81
demersal,10^5 g,7.75,13.75,11
demersal,10^5 g,7.75,14.25,105
demersal,10^5 g,7.75,14.75,266
demersal,10^5 g,7.75,15.25,237
demersal,10^5 g,7.75,15.75,103
demersal,10^5 g,7.75,16.25,23
demersal,10^5 g,7.75,16.75,53
demersal,10^5 g,7.75,17.25,292
demersal,10^5 g,7.75,17.75,149
demersal,10^5 g,7.75,18.25,265
demersal,10^5 g,7.75,18.75,21
demersal,10^5 g,7.75,19.25,125
demersal,10^5 g,7.75,19.75,466
demersal,10^5 g,7.75,20.25,1082
demersal,10^5 g,7.75,20.75,188
demersal,10^5 g,7.75,21.25,1732
demersal,10^5 g,7.75,21.75,327
demersal,10^5 g,7.75,22.25,169
demersal,10^5 g,7.75,22.75,34
demersal,10^5 g,8.25,2.75,1
demersal,10^5 g,8.25,6.75,2
demersal,10^5 g,8.25,11.25,1
demersal,10^5 g,8.25,11.75,47
demersal,10^5 g,8.25,12.25,33
demersal,10^5 g,8.25,13.75,44
demersal,10^5 g,8.25,14.25,127
demersal,10^5 g,8.25,14.75,84
demersal,10^5 g,8.25,15.25,64
demersal,10^5 g,8.25,15.75,106
demersal,10^5 g,8.25,16.25,260
demersal,10^5 g,8.25,16.75,415
demersal,10^5 g,8.25,17.25,241
demersal,10^5 g,8.25,17.75,337
demersal,10^5 g,8.25,18.25,191
demersal,10^5 g,8.25,18.75,59
demersal,10^5 g,8.25,19.25,21
demersal,10^5 g,8.25,19.75,105
demersal,10^5 g,8.25,20.25,673
demersal,10^5 g,8.25,20.75,434
demersal,10^5 g,8.25,21.25,394
demersal,10^5 g,8.25,21.75,704
demersal,10^5 g,8.25,22.25,113
demersal,10^5 g,8.25,22.75,33
demersal,10^5 g,8.75,4.75,1
demersal,10^5 g,8.75,6.75,1
demersal,10^5 g,8.75,7.75,1
demersal,10^5 g,8.75,8.25,3
demersal,10^5 g,8.75,13.25,2
demersal,10^5 g,8.75,13.75,1
demersal,10^5 g,8.75,14.25,31
demersal,10^5 g,8.75,14.75,23
demersal,10^5 g,8.75,15.25,44
demersal,10^5 g,8.75,15.75,8
demersal,10^5 g,8.75,16.25,61
demersal,10^5 g,8.75,16.75,304
demersal,10^5 g,8.75,17.25,847
demersal,10^5 g,8.75,17.75,282
demersal,10^5 g,8.75,18.25,208
demersal,10^5 g,8.75,18.75,321
demersal,10^5 g,8.75,19.25,120
demersal,10^5 g,8.75,19.75,76
demersal,10^5 g,8.75,20.25,403
demersal,10^5 g,8.75,20.75,1242
demersal,10^5 g,8.75,21.25,292
demersal,10^5 g,8.75,21.75,269
demersal,10^5 g,8.75,22.25,42
demersal,10^5 g,9.25,4.25,1
demersal,10^5 g,9.25,11.25,12
demersal,10^5 g,9.25,12.75,2
demersal,10^5 g,9.25,14.25,11
demersal,10^5 g,9.25,14.75,15
demersal,10^5 g,9.25,15.25,19
demersal,10^5 g,9.25,15.75,24
demersal,10^5 g,9.25,16.25,22
demersal,10^5 g,9.25,16.75,88
demersal,10^5 g,9.25,17.25,534
demersal,10^5 g,9.25,17.75,61
demersal,10^5 g,9.25,18.25,149
demersal,10^5 g,9.25,18.75,85
demersal,10^5 g,9.25,19.25,87
demersal,10^5 g,9.25,19.75,89
demersal,10^5 g,9.25,20.25,2438
demersal,10^5 g,9.25,20.75,720
demersal,10^5 g,9.25,21.25,507
demersal,10^5 g,9.25,21.75,86
demersal,10^5 g,9.25,22.25,6
demersal,10^5 g,9.75,3.25,2
demersal,10^5 g,9.75,9.75,1
demersal,10^5 g,9.75,11.75,19
demersal,10^5 g,9.75,14.25,16
demersal,10^5 g,9.75,14.75,20
demersal,10^5 g,9.75,15.25,35
demersal,10^5 g,9.75,15.75,25
demersal,10^5 g,9.75,16.25,14
demersal,10^5 g,9.75,16.75,6
demersal,10^5 g,9.75,17.25,61
demersal,10^5 g,9.75,17.75,374
demersal,10^5 g,9.75,18.25,109
demersal,10^5 g,9.75,18.75,32
demersal,10^5 g,9.75,19.25,204
demersal,10^5 g,9.75,19.75,2296
demersal,10^5 g,9.75,20.25,4447
demersal,10^5 g,9.75,20.75,2575
demersal,10^5 g,9.75,21.25,808
demersal,10^5 g,9.75,21.75,164
demersal,10^5 g,9.75,22.25,15
demersal,10^5 g,10.25,1.75,4
demersal,10^5 g,10.25,2.25,1
demersal,10^5 g,10.25,4.25,1
demersal,10^5 g,10.25,9.75,4
demersal,10^5 g,10.25,12.25,5
demersal,10^5 g,10.25,13.75,1
demersal,10^5 g,10.25,14.25,10
demersal,10^5 g,10.25,14.75,10
demersal,10^5 g,10.25,15.25,40
demersal,10^5 g,10.25,15.75,43
demersal,10^5 g,10.25,16.25,32
demersal,10^5 g,10.25,16.75,49
demersal,10^5 g,10.25,17.25,76
demersal,10^5 g,10.25,17.75,83
demersal,10^5 g,10.25,18.25,60
demersal,10^5 g,10.25,18.75,12
demersal,10^5 g,10.25,19.25,109
demersal,10^5 g,10.25,19.75,9307
demersal,10^5 g,10.25,20.25,7061
demersal,10^5 g,10.25,20.75,1932
demersal,10^5 g,10.25,21.25,377
demersal,10^5 g,10.25,21.75,239
demersal,10^5 g,10.25,22.25,94
demersal,10^5 g,10.75,12.75,10
demersal,10^5 g,10.75,14.25,11
demersal,10^5 g,10.75,14.75,4
demersal,10^5 g,10.75,15.25,32
demersal,10^5 g,10.75,15.75,16
demersal,10^5 g,10.75,16.25,10
demersal,10^5 g,10.75,16.75,30
demersal,10^5 g,10.75,17.25,64
demersal,10^5 g,10.75,17.75,12
demersal,10^5 g,10.75,18.25,177
demersal,10^5 g,10.75,18.75,106
demersal,10^5 g,10.75,19.25,83
demersal,10^5 g,10.75,19.75,2393
demersal,10^5 g,10.75,20.25,6794
demersal,10^5 g,10.75,20.75,2358
demersal,10^5 g,10.75,21.25,651
demersal,10^5 g,10.75,21.75,146
demersal,10^5 g,10.75,22.25,89
demersal,10^5 g,11.25,1.75,1
demersal,10^5 g,11.25,7.25,1
demersal,10^5 g,11.25,13.25,1
demersal,10^5 g,11.25,15.25,9
demersal,10^5 g,11.25,15.75,165
demersal,10^5 g,11.25,16.25,97
demersal,10^5 g,11.25,16.75,13
demersal,10^5 g,11.25,17.25,86
demersal,10^5 g,11.25,17.75,124
demersal,10^5 g,11.25,18.25,76
demersal,10^5 g,11.25,18.75,173
demersal,10^5 g,11.25,19.25,8
demersal,10^5 g,11.25,19.75,11
demersal,10^5 g,11.25,20.25,4205
demersal,10^5 g,11.25,20.75,1557
demersal,10^5 g,11.25,21.25,1318
demersal,10^5 g,11.25,21.75,982
demersal,10^5 g,11.25,22.25,62
demersal,10^5 g,11.25,22.75,2
demersal,10^5 g,11.75,3.75,1
demersal,10^5 g,11.75,14.25,3
demersal,10^5 g,11.75,15.25,6
demersal,10^5 g,11.75,15.75,31
demersal,10^5 g,11.75,16.25,28
demersal,10^5 g,11.75,16.75,75
demersal,10^5 g,11.75,17.25,7
demersal,10^5 g,11.75,17.75,36
demersal,10^5 g,11.75,18.25,44
demersal,10^5 g,11.75,18.75,43
demersal,10^5 g,11.75,19.25,86
demersal,10^5 g,11.75,19.75,20
demersal,10^5 g,11.75,20.25,2229
demersal,10^5 g,11.75,20.75,754
demersal,10^5 g,11.75,21.25,36
demersal,10^5 g,11.75,21.75,309
demersal,10^5 g,11.75,22.25,6
demersal,10^5 g,12.25,13.25,2
demersal,10^5 g,12.25,15.75,28
demersal,10^5 g,12.25,16.25,65
demersal,10^5 g,12.25,16.75,26
demersal,10^5 g,12.25,17.25,8
demersal,10^5 g,12.25,18.25,43
demersal,10^5 g,12.25,18.75,1
demersal,10^5 g,12.25,19.25,30
demersal,10^5 g,12.25,19.75,74
demersal,10^5 g,12.25,20.25,207
demersal,10^5 g,12.25,20.75,5
demersal,10^5 g,12.25,21.25,1287
demersal,10^5 g,12.25,21.75,90
demersal,10^5 g,12.25,22.25,95
demersal,10^5 g,12.75,7.25,1
demersal,10^5 g,12.75,12.25,1
demersal,10^5 g,12.75,13.25,14
demersal,10^5 g,12.75,13.75,2
demersal,10^5 g,12.75,14.25,4
demersal,10^5 g,12.75,15.75,12
demersal,10^5 g,12.75,16.25,3
demersal,10^5 g,12.75,16.75,2
demersal,10^5 g,12.75,17.25,13
demersal,10^5 g,12.75,17.75,7
demersal,10^5 g,12.75,18.25,8
demersal,10^5 g,12.75,18.75,14
demersal,10^5 g,12.75,19.25,26
demersal,10^5 g,12.75,19.75,2
demersal,10^5 g,12.75,20.25,756
demersal,10^5 g,12.75,20.75,49
demersal,10^5 g,12.75,21.75,14
demersal,10^5 g,12.75,22.25,341
demersal,10^5 g,13.25,13.75,2
demersal,10^5 g,13.25,15.75,8
demersal,10^5 g,13.25,16.25,19
demersal,10^5 g,13.25,16.75,1
demersal,10^5 g,13.25,17.25,8
demersal,10^5 g,13.25,17.75,29
demersal,10^5 g,13.25,18.25,5
demersal,10^5 g,13.25,18.75,6
demersal,10^5 g,13.25,19.25,130
demersal,10^5 g,13.25,19.75,5
demersal,10^5 g,13.25,20.25,2
demersal,10^5 g,13.25,20.75,3
demersal,10^5 g,13.25,21.25,40
demersal,10^5 g,13.25,21.75,2
demersal,10^5 g,13.25,22.25,18
demersal,10^5 g,13.75,7.75,1
demersal,10^5 g,13.75,8.25,1
demersal,10^5 g,13.75,8.75,1
demersal,10^5 g,13.75,13.75,1
demersal,10^5 g,13.75,15.25,1
demersal,10^5 g,13.75,15.75,10
demersal,10^5 g,13.75,16.25,39
demersal,10^5 g,13.75,16.75,2
demersal,10^5 g,13.75,17.25,15
demersal,10^5 g,13.75,17.75,2
demersal,10^5 g,13.75,18.25,7
demersal,10^5 g,13.75,18.75,31
demersal,10^5 g,13.75,19.25,93
demersal,10^5 g,13.75,19.75,251
demersal,10^5 g,13.75,20.25,64
demersal,10^5 g,13.75,20.75,39
demersal,10^5 g,13.75,21.25,1
demersal,10^5 g,13.75,21.75,2
demersal,10^5 g,13.75,22.25,66
demersal,10^5 g,14.25,6.75,1
demersal,10^5 g,14.25,7.25,2
demersal,10^5 g,14.25,16.25,19
demersal,10^5 g,14.25,16.75,3
demersal,10^5 g,14.25,17.25,1
demersal,10^5 g,14.25,17.75,4
demersal,10^5 g,14.25,18.25,80
demersal,10^5 g,14.25,18.75,19
demersal,10^5 g,14.25,19.25,197
demersal,10^5 g,14.25,19.75,424
demersal,10^5 g,14.25,20.25,304
demersal,10^5 g,14.25,20.75,103
demersal,10^5 g,14.25,21.25,19
demersal,10^5 g,14.25,21.75,1
demersal,10^5 g,14.25,22.25,1
demersal,10^5 g,14.75,2.75,1
demersal,10^5 g,14.75,9.75,1
demersal,10^5 g,14.75,12.25,15
demersal,10^5 g,14.75,14.25,1
demersal,10^5 g,14.75,14.75,1
demersal,10^5 g,14.75,15.25,1
demersal,10^5 g,14.75,15.75,20
demersal,10^5 g,14.75,16.25,17
demersal,10^5 g,14.75,16.75,1
demersal,10^5 g,14.75,18.25,13
demersal,10^5 g,14.75,18.75,25
demersal,10^5 g,14.75,19.25,17
demersal,10^5 g,14.75,19.75,159
demersal,10^5 g,14.75,20.25,63
demersal,10^5 g,14.75,20.75,174
demersal,10^5 g,14.75,21.25,203
demersal,10^5 g,14.75,21.75,189
demersal,10^5 g,15.25,4.75,2
demersal,10^5 g,15.25,8.25,1
demersal,10^5 g,15.25,12.25,2
demersal,10^5 g,15.25,15.25,2
demersal,10^5 g,15.25,15.75,2
demersal,10^5 g,15.25,16.25,8
demersal,10^5 g,15.25,16.75,1
demersal,10^5 g,15.25,17.25,5
demersal,10^5 g,15.25,17.75,1
demersal,10^5 g,15.25,18.25,3
demersal,10^5 g,15.25,18.75,70
demersal,10^5 g,15.25,19.25,12
demersal,10^5 g,15.25,19.75,56
demersal,10^5 g,15.25,20.25,72
demersal,10^5 g,15.25,20.75,35
demersal,10^5 g,15.25,21.25,149
demersal,10^5 g,15.25,21.75,9
demersal,10^5 g,15.25,22.25,116
demersal,10^5 g,15.75,9.25,1
demersal,10^5 g,15.75,9.75,1
demersal,10^5 g,15.75,15.25,1
demersal,10^5 g,15.75,15.75,1
demersal,10^5 g,15.75,16.25,23
demersal,10^5 g,15.75,16.75,3
demersal,10^5 g,15.75,17.25,8
demersal,10^5 g,15.75,18.25,1
demersal,10^5 g,15.75,18.75,26
demersal,10^5 g,15.75,19.25,1
demersal,10^5 g,15.75,19.75,8
demersal,10^5 g,15.75,20.25,19
demersal,10^5 g,15.75,20.75,36
demersal,10^5 g,15.75,21.75,2
demersal,10^5 g,15.75,22.25,1
demersal,10^5 g,16.25,5.25,1
demersal,10^5 g,16.25,8.25,1
demersal,10^5 g,16.25,10.25,1
demersal,10^5 g,16.25,11.75,1
demersal,10^5 g,16.25,13.25,1
demersal,10^5 g,16.25,15.25,6
demersal,10^5 g,16.25,15.75,3
demersal,10^5 g,16.25,16.25,5
demersal,10^5 g,16.25,16.75,1
demersal,10^5 g,16.25,17.75,1
demersal,10^5 g,16.25,18.75,1
demersal,10^5 g,16.25,19.25,26
demersal,10^5 g,16.25,20.25,54
demersal,10^5 g,16.25,20.75,25
demersal,10^5 g,16.25,21.25,55
demersal,10^5 g,16.25,21.75,318
demersal,10^5 g,16.25,22.25,1
demersal,10^5 g,16.25,22.75,36
demersal,10^5 g,16.75,9.75,1
demersal,10^5 g,16.75,11.25,2
demersal,10^5 g,16.75,15.75,6
demersal,10^5 g,16.75,16.25,5
demersal,10^5 g,16.75,16.75,9
demersal,10^5 g,16.75,18.75,4
demersal,10^5 g,16.75,19.75,4
demersal,10^5 g,16.75,20.25,55
demersal,10^5 g,16.75,20.75,14
demersal,10^5 g,16.75,21.25,7
demersal,10^5 g,16.75,21.75,12
demersal,10^5 g,16.75,22.25,2
demersal,10^5 g,16.75,22.75,10
demersal,10^5 g,17.25,12.75,1
demersal,10^5 g,17.25,16.25,38
demersal,10^5 g,17.25,18.25,2
demersal,10^5 g,17.25,18.75,1
demersal,10^5 g,17.25,19.25,22
demersal,10^5 g,17.25,19.75,1
demersal,10^5 g,17.25,20.25,23
demersal,10^5 g,17.25,20.75,29
demersal,10^5 g,17.25,21.25,14
demersal,10^5 g,17.25,21.75,3
demersal,10^5 g,17.25,22.25,2
demersal,10^5 g,17.25,22.75,1
demersal,10^5 g,17.75,13.75,1
demersal,10^5 g,17.75,15.25,2
demersal,10^5 g,17.75,16.75,2
demersal,10^5 g,17.75,18.75,1
demersal,10^5 g,17.75,19.25,1
demersal,10^5 g,17.75,20.25,7
demersal,10^5 g,17.75,20.75,60
demersal,10^5 g,17.75,21.25,33
demersal,10^5 g,17.75,21.75,23
demersal,10^5 g,17.75,22.25,2
demersal,10^5 g,18.25,13.75,1
demersal,10^5 g,18.25,17.25,7
demersal,10^5 g,18.25,18.25,1
demersal,10^5 g,18.25,19.75,2
demersal,10^5 g,18.25,20.25,1
demersal,10^5 g,18.25,20.75,11
demersal,10^5 g,18.25,21.25,41
demersal,10^5 g,18.25,21.75,13
demersal,10^5 g,18.25,22.25,2
demersal,10^5 g,18.75,11.25,1
demersal,10^5 g,18.75,12.25,1
demersal,10^5 g,18.75,12.75,2
demersal,10^5 g,18.75,14.75,1
demersal,10^5 g,18.75,17.25,1
demersal,10^5 g,18.75,17.75,6
demersal,10^5 g,18.75,19.25,1
demersal,10^5 g,18.75,19.75,2
demersal,10^5 g,18.75,20.25,3
demersal,10^5 g,18.75,20.75,3
demersal,10^5 g,18.75,21.25,13
demersal,10^5 g,18.75,21.75,71
demersal,10^5 g,18.75,22.25,1
demersal,10^5 g,19.25,13.25,1
demersal,10^5 g,19.25,15.75,1
demersal,10^5 g,19.25,16.75,2
demersal,10^5 g,19.25,17.75,2
demersal,10^5 g,19.25,19.75,1
demersal,10^5 g,19.25,20.25,4
demersal,10^5 g,19.25,21.25,1
demersal,10^5 g,19.25,22.25,129
demersal,10^5 g,19.75,10.25,1
demersal,10^5 g,19.75,11.75,1
demersal,10^5 g,19.75,15.75,2
demersal,10^5 g,19.75,17.75,3
demersal,10^5 g,19.75,18.25,9
demersal,10^5 g,19.75,19.25,1
demersal,10^5 g,19.75,19.75,1
demersal,10^5 g,19.75,20.25,4
demersal,10^5 g,19.75,20.75,1
demersal,10^5 g,19.75,21.25,2
demersal,10^5 g,19.75,21.75,1
demersal,10^5 g,19.75,22.25,122
demersal,10^5 g,19.75,22.75,83
demersal,10^5 g,20.25,11.75,3
demersal,10^5 g,20.25,12.75,1
demersal,10^5 g,20.25,17.75,15
demersal,10^5 g,20.25,18.25,4
demersal,10^5 g,20.25,18.75,5
demersal,10^5 g,20.25,19.25,7
demersal,10^5 g,20.25,20.25,15
demersal,10^5 g,20.25,20.75,4
demersal,10^5 g,20.25,21.25,3
demersal,10^5 g,20.25,22.25,4
demersal,10^5 g,20.25,22.75,36
demersal,10^5 g,20.75,9.75,1
demersal,10^5 g,20.75,13.75,1
demersal,10^5 g,20.75,18.25,1
demersal,10^5 g,20.75,18.75,2
demersal,10^5 g,20.75,19.25,4
demersal,10^5 g,20.75,19.75,3
demersal,10^5 g,20.75,20.25,14
demersal,10^5 g,20.75,20.75,18
demersal,10^5 g,20.75,21.25,2
demersal,10^5 g,20.75,22.25,268
demersal,10^5 g,20.75,22.75,64
demersal,10^5 g,21.25,16.25,1
demersal,10^5 g,21.25,18.25,1
demersal,10^5 g,21.25,19.75,2
demersal,10^5 g,21.25,20.75,35
demersal,10^5 g,21.25,21.25,4
demersal,10^5 g,21.25,22.25,112
demersal,10^5 g,21.25,22.75,4
demersal,10^5 g,21.75,13.75,13
demersal,10^5 g,21.75,14.25,6
demersal,10^5 g,21.75,20.75,2
demersal,10^5 g,21.75,21.25,11
demersal,10^5 g,21.75,21.75,5
demersal,10^5 g,21.75,22.25,15
demersal,10^5 g,22.25,12.25,1
demersal,10^5 g,22.25,13.75,2
demersal,10^5 g,22.25,15.75,10
demersal,10^5 g,22.25,16.25,2
demersal,10^5 g,22.25,20.25,21
demersal,10^5 g,22.25,20.75,17
demersal,10^5 g,22.25,21.25,6
demersal,10^5 g,22.25,21.75,5
demersal,10^5 g,22.25,22.25,15
demersal,10^5 g,22.25,25.25,4
demersal,10^5 g,22.75,13.25,1
demersal,10^5 g,22.75,17.25,2
demersal,10^5 g,22.75,19.25,1
demersal,10^5 g,22.75,20.75,16
demersal,10^5 g,22.75,21.25,4
demersal,10^5 g,22.75,22.25,16
demersal,10^5 g,23.25,9.75,3
demersal,10^5 g,23.25,16.25,2
demersal,10^5 g,23.25,17.25,1
demersal,10^5 g,23.25,17.75,1
demersal,10^5 g,23.25,18.25,1
demersal,10^5 g,23.25,19.25,3
demersal,10^5 g,23.25,20.75,17
demersal,10^5 g,23.25,21.25,9
demersal,10^5 g,23.25,21.75,1
demersal,10^5 g,23.25,22.25,22
demersal,10^5 g,23.25,22.75,27
demersal,10^5 g,23.75,11.25,1
demersal,10^5 g,23.75,16.25,11
demersal,10^5 g,23.75,16.75,7
demersal,10^5 g,23.75,17.75,2
demersal,10^5 g,23.75,18.25,3
demersal,10^5 g,23.75,18.75,2
demersal,10^5 g,23.75,19.75,1
demersal,10^5 g,23.75,20.25,3
demersal,10^5 g,23.75,20.75,1
demersal,10^5 g,23.75,22.25,39
demersal,10^5 g,23.75,22.75,30
demersal,10^5 g,24.25,10.25,4
demersal,10^5 g,24.25,10.75,2
demersal,10^5 g,24.25,16.75,1
demersal,10^5 g,24.25,17.25,9
demersal,10^5 g,24.25,17.75,5
demersal,10^5 g,24.25,18.25,3
demersal,10^5 g,24.25,18.75,1
demersal,10^5 g,24.25,19.25,3
demersal,10^5 g,24.25,19.75,1
demersal,10^5 g,24.25,20.25,6
demersal,10^5 g,24.25,21.25,19
demersal,10^5 g,24.25,21.75,6
demersal,10^5 g,24.75,10.75,1
demersal,10^5 g,24.75,11.25,1
demersal,10^5 g,24.75,11.75,1
demersal,10^5 g,24.75,14.25,1
demersal,10^5 g,24.75,15.75,1
demersal,10^5 g,24.75,16.25,2
demersal,10^5 g,24.75,16.75,4
demersal,10^5 g,24.75,17.75,3
demersal,10^5 g,24.75,18.25,2
demersal,10^5 g,24.75,18.75,15
demersal,10^5 g,24.75,19.25,4
demersal,10^5 g,24.75,19.75,10
demersal,10^5 g,24.75,20.25,10
demersal,10^5 g,24.75,20.75,3625
demersal,10^5 g,24.75,21.25,11
demersal,10^5 g,24.75,21.75,7
demersal,10^5 g,25.25,9.25,2
demersal,10^5 g,25.25,16.75,4
demersal,10^5 g,25.25,17.75,1
demersal,10^5 g,25.25,18.75,2
demersal,10^5 g,25.25,19.25,3
demersal,10^5 g,25.25,19.75,5
demersal,10^5 g,25.25,20.25,1
demersal,10^5 g,25.25,20.75,2009
demersal,10^5 g,25.25,21.25,17
demersal,10^5 g,25.25,21.75,18
demersal,10^5 g,25.75,11.25,3
demersal,10^5 g,25.75,13.25,1
demersal,10^5 g,25.75,14.25,1
demersal,10^5 g,25.75,15.25,2
demersal,10^5 g,25.75,16.25,1
demersal,10^5 g,25.75,17.25,1
demersal,10^5 g,25.75,17.75,2
demersal,10^5 g,25.75,18.25,1
demersal,10^5 g,25.75,19.25,1
demersal,10^5 g,25.75,19.75,2
demersal,10^5 g,25.75,20.25,4
demersal,10^5 g,25.75,20.75,10
demersal,10^5 g,25.75,21.25,4
demersal,10^5 g,25.75,21.75,4
demersal,10^5 g,25.75,22.25,1
demersal,10^5 g,26.25,13.75,2
demersal,10^5 g,26.25,14.75,2
demersal,10^5 g,26.25,15.75,5
demersal,10^5 g,26.25,16.25,4
demersal,10^5 g,26.25,16.75,3
demersal,10^5 g,26.25,17.25,2
demersal,10^5 g,26.25,18.25,4
demersal,10^5 g,26.25,20.25,7
demersal,10^5 g,26.25,20.75,32
demersal,10^5 g,26.25,21.25,49
demersal,10^5 g,26.25,21.75,4
demersal,10^5 g,26.25,22.25,2
demersal,10^5 g,26.75,11.25,1
demersal,10^5 g,26.75,12.25,4
demersal,10^5 g,26.75,12.75,3
demersal,10^5 g,26.75,14.75,2
demersal,10^5 g,26.75,15.75,1
demersal,10^5 g,26.75,16.75,3
demersal,10^5 g,26.75,17.25,3
demersal,10^5 g,26.75,17.75,7
demersal,10^5 g,26.75,18.25,1
demersal,10^5 g,26.75,18.75,1
demersal,10^5 g,26.75,19.75,1
demersal,10^5 g,26.75,20.25,4
demersal,10^5 g,26.75,20.75,23
demersal,10^5 g,26.75,21.25,250
demersal,10^5 g,26.75,21.75,2
demersal,10^5 g,27.25,10.25,3
demersal,10^5 g,27.25,10.75,1
demersal,10^5 g,27.25,13.25,1
demersal,10^5 g,27.25,13.75,9
demersal,10^5 g,27.25,15.25,2
demersal,10^5 g,27.25,15.75,1
demersal,10^5 g,27.25,16.25,4
demersal,10^5 g,27.25,16.75,1
demersal,10^5 g,27.25,17.25,3
demersal,10^5 g,27.25,17.75,10
demersal,10^5 g,27.25,18.25,2
demersal,10^5 g,27.25,18.75,7
demersal,10^5 g,27.25,19.25,10
demersal,10^5 g,27.25,19.75,7
demersal,10^5 g,27.25,20.25,1
demersal,10^5 g,27.25,20.75,9
demersal,10^5 g,27.25,21.25,155
demersal,10^5 g,27.25,21.75,32
demersal,10^5 g,27.75,12.75,2
demersal,10^5 g,27.75,14.25,2
demersal,10^5 g,27.75,16.25,2
demersal,10^5 g,27.75,16.75,2
demersal,10^5 g,27.75,17.75,3
demersal,10^5 g,27.75,18.25,11
demersal,10^5 g,27.75,19.25,2
demersal,10^5 g,27.75,19.75,67
demersal,10^5 g,27.75,20.25,17
demersal,10^5 g,27.75,20.75,34
demersal,10^5 g,27.75,21.25,11
demersal,10^5 g,27.75,21.75,242
demersal,10^5 g,28.25,17.25,1
demersal,10^5 g,28.25,18.25,2
demersal,10^5 g,28.25,18.75,1
demersal,10^5 g,28.25,20.25,18
demersal,10^5 g,28.25,20.75,2
demersal,10^5 g,28.25,21.25,19
demersal,10^5 g,28.25,21.75,20
demersal,10^5 g,28.25,22.25,2
demersal,10^5 g,28.75,18.25,2
demersal,10^5 g,28.75,20.75,3
demersal,10^5 g,28.75,21.75,20
demersal,10^5 g,29.25,21.25,4
demersal,10^5 g,29.25,21.75,6
demersal,10^6 g,0.25,17.25,2
demersal,10^6 g,0.25,18.25,8
demersal,10^6 g,0.25,18.75,18
demersal,10^6 g,0.25,19.25,5
demersal,10^6 g,0.25,19.75,4
demersal,10^6 g,0.25,20.25,2
demersal,10^6 g,0.75,17.25,3
demersal,10^6 g,0.75,17.75,16
demersal,10^6 g,0.75,18.25,8
demersal,10^6 g,0.75,18.75,7
demersal,10^6 g,0.75,19.25,3
demersal,10^6 g,0.75,19.75,1
demersal,10^6 g,0.75,20.25,5
demersal,10^6 g,0.75,20.75,2
demersal,10^6 g,1.25,17.25,1
demersal,10^6 g,1.25,17.75,9
demersal,10^6 g,1.25,19.25,2
demersal,10^6 g,1.25,19.75,6
demersal,10^6 g,1.25,20.25,3
demersal,10^6 g,1.25,20.75,2
demersal,10^6 g,1.25,22.75,1
demersal,10^6 g,1.75,17.25,2
demersal,10^6 g,1.75,17.75,2
demersal,10^6 g,1.75,18.25,3
demersal,10^6 g,1.75,18.75,2
demersal,10^6 g,1.75,19.25,1
demersal,10^6 g,1.75,19.75,4
demersal,10^6 g,1.75,20.25,1
demersal,10^6 g,1.75,20.75,5
demersal,10^6 g,2.25,15.25,2
demersal,10^6 g,2.25,16.75,1
demersal,10^6 g,2.25,17.25,1
demersal,10^6 g,2.25,17.75,1
demersal,10^6 g,2.25,19.25,2
demersal,10^6 g,2.25,19.75,12
demersal,10^6 g,2.25,20.25,21
demersal,10^6 g,2.25,20.75,2
demersal,10^6 g,2.25,21.25,1
demersal,10^6 g,2.75,14.25,1
demersal,10^6 g,2.75,16.25,2
demersal,10^6 g,2.75,18.25,1
demersal,10^6 g,2.75,18.75,3
demersal,10^6 g,2.75,19.25,5
demersal,10^6 g,2.75,19.75,1
demersal,10^6 g,2.75,20.25,15
demersal,10^6 g,2.75,20.75,9
demersal,10^6 g,3.25,15.75,15
demersal,10^6 g,3.25,16.25,9
demersal,10^6 g,3.25,16.75,4
demersal,10^6 g,3.25,17.75,7
demersal,10^6 g,3.25,18.25,3
demersal,10^6 g,3.25,18.75,4
demersal,10^6 g,3.25,19.25,22
demersal,10^6 g,3.25,19.75,15
demersal,10^6 g,3.25,20.25,8
demersal,10^6 g,3.25,20.75,7
demersal,10^6 g,3.25,21.25,2
demersal,10^6 g,3.25,21.75,1
demersal,10^6 g,3.75,11.25,1
demersal,10^6 g,3.75,13.25,1
demersal,10^6 g,3.75,13.75,1
demersal,10^6 g,3.75,15.25,1
demersal,10^6 g,3.75,17.75,3
demersal,10^6 g,3.75,19.25,19
demersal,10^6 g,3.75,19.75,5
demersal,10^6 g,3.75,20.25,1
demersal,10^6 g,3.75,20.75,5
demersal,10^6 g,3.75,21.25,3
demersal,10^6 g,3.75,21.75,1
demersal,10^6 g,4.25,12.25,2
demersal,10^6 g,4.25,13.75,1
demersal,10^6 g,4.25,14.75,4
demersal,10^6 g,4.25,17.75,1
demersal,10^6 g,4.25,18.25,1
demersal,10^6 g,4.25,19.75,1
demersal,10^6 g,4.25,20.25,2
demersal,10^6 g,4.25,20.75,5
demersal,10^6 g,4.25,21.25,2
demersal,10^6 g,4.75,12.25,1
demersal,10^6 g,4.75,15.25,2
demersal,10^6 g,4.75,18.75,1
demersal,10^6 g,4.75,20.25,5
demersal,10^6 g,4.75,20.75,8
demersal,10^6 g,4.75,21.25,4
demersal,10^6 g,4.75,21.75,2
demersal,10^6 g,5.25,8.75,1
demersal,10^6 g,5.25,10.75,3
demersal,10^6 g,5.25,11.25,1
demersal,10^6 g,5.25,15.25,1
demersal,10^6 g,5.25,16.75,2
demersal,10^6 g,5.25,18.75,1
demersal,10^6 g,5.25,19.25,1
demersal,10^6 g,5.25,20.25,25
demersal,10^6 g,5.25,20.75,13
demersal,10^6 g,5.25,21.25,1
demersal,10^6 g,5.25,22.25,1
demersal,10^6 g,5.75,13.75,1
demersal,10^6 g,5.75,14.25,2
demersal,10^6 g,5.75,14.75,1
demersal,10^6 g,5.75,17.75,1
demersal,10^6 g,5.75,19.25,1
demersal,10^6 g,5.75,20.25,8
demersal,10^6 g,5.75,20.75,19
demersal,10^6 g,5.75,21.25,36
demersal,10^6 g,5.75,21.75,1
demersal,10^6 g,6.25,6.75,1
demersal,10^6 g,6.25,12.25,2
demersal,10^6 g,6.25,14.25,4
demersal,10^6 g,6.25,17.25,1
demersal,10^6 g,6.25,17.75,6
demersal,10^6 g,6.25,18.25,1
demersal,10^6 g,6.25,18.75,1
demersal,10^6 g,6.25,19.25,2
demersal,10^6 g,6.25,19.75,1
demersal,10^6 g,6.25,20.25,5
demersal,10^6 g,6.25,20.75,19
demersal,10^6 g,6.25,21.25,36
demersal,10^6 g,6.25,22.25,2
demersal,10^6 g,6.75,15.25,2
demersal,10^6 g,6.75,16.25,1
demersal,10^6 g,6.75,17.25,2
demersal,10^6 g,6.75,17.75,3
demersal,10^6 g,6.75,18.25,3
demersal,10^6 g,6.75,19.25,2
demersal,10^6 g,6.75,19.75,1
demersal,10^6 g,6.75,20.25,6
demersal,10^6 g,6.75,20.75,9
demersal,10^6 g,6.75,21.25,36
demersal,10^6 g,6.75,21.75,1
demersal,10^6 g,6.75,22.25,14
demersal,10^6 g,7.25,15.25,1
demersal,10^6 g,7.25,16.25,10
demersal,10^6 g,7.25,17.25,6
demersal,10^6 g,7.25,17.75,3
demersal,10^6 g,7.25,19.25,3
demersal,10^6 g,7.25,19.75,19
demersal,10^6 g,7.25,20.25,13
demersal,10^6 g,7.25,20.75,50
demersal,10^6 g,7.25,21.25,64
demersal,10^6 g,7.25,21.75,11
demersal,10^6 g,7.75,14.75,3
demersal,10^6 g,7.75,17.25,1
demersal,10^6 g,7.75,17.75,2
demersal,10^6 g,7.75,18.25,1
demersal,10^6 g,7.75,19.75,6
demersal,10^6 g,7.75,20.25,47
demersal,10^6 g,7.75,20.75,2
demersal,10^6 g,7.75,21.25,191
demersal,10^6 g,7.75,21.75,10
demersal,10^6 g,8.25,15.75,2
demersal,10^6 g,8.25,16.25,1
demersal,10^6 g,8.25,16.75,4
demersal,10^6 g,8.25,17.25,1
demersal,10^6 g,8.25,17.75,2
demersal,10^6 g,8.25,20.25,9
demersal,10^6 g,8.25,20.75,16
demersal,10^6 g,8.25,21.25,89
demersal,10^6 g,8.25,21.75,5
demersal,10^6 g,8.75,6.75,1
demersal,10^6 g,8.75,14.25,1
demersal,10^6 g,8.75,14.75,1
demersal,10^6 g,8.75,17.25,11
demersal,10^6 g,8.75,17.75,2
demersal,10^6 g,8.75,18.25,1
demersal,10^6 g,8.75,19.25,1
demersal,10^6 g,8.75,19.75,3
demersal,10^6 g,8.75,20.25,3
demersal,10^6 g,8.75,20.75,1
demersal,10^6 g,8.75,21.25,2
demersal,10^6 g,8.75,21.75,14
demersal,10^6 g,9.25,16.75,2
demersal,10^6 g,9.25,17.25,7
demersal,10^6 g,9.25,20.25,1
demersal,10^6 g,9.25,20.75,2
demersal,10^6 g,9.25,21.25,1
demersal,10^6 g,9.25,21.75,2
demersal,10^6 g,9.25,22.25,2
demersal,10^6 g,9.75,3.25,1
demersal,10^6 g,9.75,4.25,1
demersal,10^6 g,9.75,15.75,2
demersal,10^6 g,9.75,16.25,1
demersal,10^6 g,9.75,17.25,1
demersal,10^6 g,9.75,17.75,2
demersal,10^6 g,9.75,19.25,1
demersal,10^6 g,9.75,19.75,22
demersal,10^6 g,9.75,20.25,3
demersal,10^6 g,9.75,20.75,2
demersal,10^6 g,9.75,21.25,3
demersal,10^6 g,10.25,2.25,1
demersal,10^6 g,10.25,15.75,1
demersal,10^6 g,10.25,17.75,3
demersal,10^6 g,10.25,19.75,93
demersal,10^6 g,10.25,20.25,45
demersal,10^6 g,10.25,20.75,6
demersal,10^6 g,10.25,21.75,1
demersal,10^6 g,10.75,15.75,1
demersal,10^6 g,10.75,18.25,1
demersal,10^6 g,10.75,19.75,20
demersal,10^6 g,10.75,20.25,66
demersal,10^6 g,10.75,21.25,10
demersal,10^6 g,10.75,21.75,1
demersal,10^6 g,11.25,15.25,1
demersal,10^6 g,11.25,16.25,1
demersal,10^6 g,11.25,17.25,1
demersal,10^6 g,11.25,18.75,2
demersal,10^6 g,11.25,21.25,1
demersal,10^6 g,11.75,4.25,1
demersal,10^6 g,11.75,18.25,1
demersal,10^6 g,11.75,21.75,23
demersal,10^6 g,12.75,18.75,1
demersal,10^6 g,12.75,22.25,23
demersal,10^6 g,13.25,19.25,1
demersal,10^6 g,13.25,22.25,1
demersal,10^6 g,13.75,15.75,1
demersal,10^6 g,13.75,18.75,1
demersal,10^6 g,13.75,19.75,3
demersal,10^6 g,13.75,22.25,5
demersal,10^6 g,14.25,16.75,1
demersal,10^6 g,14.25,17.75,1
demersal,10^6 g,14.25,19.75,4
demersal,10^6 g,14.25,20.25,1
demersal,10^6 g,14.75,20.25,3
demersal,10^6 g,14.75,20.75,3
demersal,10^6 g,14.75,21.25,9
demersal,10^6 g,14.75,21.75,4
demersal,10^6 g,15.25,18.75,2
demersal,10^6 g,15.25,20.25,2
demersal,10^6 g,15.25,21.25,1
demersal,10^6 g,15.25,21.75,2
demersal,10^6 g,15.25,22.25,8
demersal,10^6 g,15.75,9.75,1
demersal,10^6 g,15.75,15.25,1
demersal,10^6 g,15.75,15.75,1
demersal,10^6 g,15.75,17.75,1
demersal,10^6 g,15.75,20.25,1
demersal,10^6 g,16.25,15.75,2
demersal,10^6 g,16.25,16.25,2
demersal,10^6 g,16.25,20.25,2
demersal,10^6 g,16.25,20.75,1
demersal,10^6 g,16.25,21.25,7
demersal,10^6 g,16.25,22.25,1
demersal,10^6 g,16.25,22.75,7
demersal,10^6 g,16.75,16.25,6
demersal,10^6 g,16.75,16.75,4
demersal,10^6 g,16.75,17.25,2
demersal,10^6 g,16.75,20.25,9
demersal,10^6 g,16.75,20.75,3
demersal,10^6 g,16.75,21.25,2
demersal,10^6 g,16.75,22.75,1
demersal,10^6 g,17.25,16.25,1
demersal,10^6 g,17.25,17.25,1
demersal,10^6 g,17.25,19.25,1
demersal,10^6 g,17.25,19.75,6
demersal,10^6 g,17.25,20.25,5
demersal,10^6 g,17.25,20.75,12
demersal,10^6 g,17.25,21.25,10
demersal,10^6 g,17.75,10.25,1
demersal,10^6 g,17.75,16.75,1
demersal,10^6 g,17.75,20.25,12
demersal,10^6 g,17.75,20.75,11
demersal,10^6 g,17.75,21.25,12
demersal,10^6 g,17.75,21.75,7
demersal,10^6 g,18.25,20.75,6
demersal,10^6 g,18.25,21.25,6
demersal,10^6 g,18.25,21.75,6
demersal,10^6 g,18.25,22.25,5
demersal,10^6 g,18.75,17.75,2
demersal,10^6 g,18.75,21.25,14
demersal,10^6 g,18.75,21.75,5
demersal,10^6 g,18.75,22.25,1
demersal,10^6 g,19.25,21.25,4
demersal,10^6 g,19.25,22.25,5
demersal,10^6 g,19.75,18.25,1
demersal,10^6 g,19.75,22.25,4
demersal,10^6 g,19.75,22.75,4
demersal,10^6 g,20.25,19.75,1
demersal,10^6 g,20.25,20.25,1
demersal,10^6 g,20.25,22.75,4
demersal,10^6 g,20.75,20.25,3
demersal,10^6 g,20.75,20.75,2
demersal,10^6 g,20.75,22.25,20
demersal,10^6 g,20.75,22.75,2
demersal,10^6 g,21.25,17.25,1
demersal,10^6 g,21.25,19.75,1
demersal,10^6 g,21.25,20.75,3
demersal,10^6 g,21.25,21.25,2
demersal,10^6 g,21.25,22.25,18
demersal,10^6 g,21.25,22.75,2
demersal,10^6 g,21.75,20.75,2
demersal,10^6 g,21.75,21.25,1
demersal,10^6 g,21.75,22.25,4
demersal,10^6 g,22.25,21.25,1
demersal,10^6 g,22.25,22.25,1
demersal,10^6 g,22.75,21.25,1
demersal,10^6 g,22.75,22.25,4
demersal,10^6 g,23.25,21.25,1
demersal,10^6 g,23.25,22.25,6
demersal,10^6 g,23.25,22.75,7
demersal,10^6 g,23.75,16.75,1
demersal,10^6 g,23.75,20.75,2
demersal,10^6 g,23.75,22.25,2
demersal,10^6 g,23.75,22.75,6
demersal,10^6 g,24.25,19.75,1
demersal,10^6 g,24.25,21.25,1
demersal,10^6 g,25.25,18.25,1
demersal,10^6 g,25.25,19.75,1
demersal,10^6 g,25.25,21.75,1
demersal,10^6 g,25.75,21.75,1
demersal,10^6 g,26.25,16.25,1
demersal,10^6 g,26.75,17.75,1
demersal,10^6 g,27.25,13.75,1
demersal,10^6 g,27.25,17.75,4
demersal,10^6 g,27.25,19.25,2
demersal,10^6 g,27.25,19.75,1
demersal,10^6 g,27.25,21.25,11
demersal,10^6 g,27.75,18.25,1
demersal,10^6 g,27.75,19.75,1
demersal,10^6 g,27.75,21.25,8
demersal,10^6 g,28.25,18.25,2
demersal,10^6 g,28.25,20.25,1
demersal,10^7 g,24.25,21.75,4
demersal,10^7 g,24.75,18.75,1
demersal,10^7 g,24.75,19.75,1
demersal,10^7 g,25.25,21.75,2
demersal,10^7 g,25.75,20.75,4
demersal,10^7 g,26.25,21.25,4
demersal,10^7 g,26.75,20.75,1
demersal,10^7 g,26.75,21.75,2
demersal,10^7 g,27.25,17.75,1
demersal,10^7 g,27.25,21.25,16
demersal,10^7 g,27.75,19.25,1
demersal,10^7 g,27.75,19.75,1
demersal,10^7 g,27.75,21.25,3
demersal,10^7 g,27.75,21.75,1
demersal,10^7 g,28.25,18.25,1
demersal,10^7 g,28.25,20.75,13
demersal,10^7 g,28.25,21.25,1
demersal,10^7 g,29.25,21.75,5
epipelagic,10^-2 g,1.25,10.25,1
epipelagic,10^-2 g,1.75,9.75,1
epipelagic,10^-2 g,2.75,4.25,3
epipelagic,10^-2 g,2.75,6.75,2
epipelagic,10^-2 g,2.75,7.25,1
epipelagic,10^-2 g,2.75,8.75,1
epipelagic,10^-2 g,2.75,9.25,1
epipelagic,10^-2 g,3.25,6.25,1
epipelagic,10^-2 g,3.25,6.75,1
epipelagic,10^-2 g,3.75,5.75,4
epipelagic,10^-2 g,3.75,6.25,4
epipelagic,10^-2 g,3.75,6.75,3
epipelagic,10^-2 g,3.75,7.25,1
epipelagic,10^-2 g,3.75,7.75,2
epipelagic,10^-2 g,3.75,11.25,1
epipelagic,10^-2 g,4.25,5.75,5
epipelagic,10^-2 g,4.25,6.75,4
epipelagic,10^-2 g,4.75,5.75,7
epipelagic,10^-2 g,4.75,6.75,5
epipelagic,10^-2 g,4.75,7.25,2
epipelagic,10^-2 g,4.75,8.75,1
epipelagic,10^-2 g,4.75,9.25,1
epipelagic,10^-2 g,5.25,5.75,5
epipelagic,10^-2 g,5.25,7.75,1
epipelagic,10^-2 g,5.75,5.25,2
epipelagic,10^-2 g,6.25,4.75,1
epipelagic,10^-2 g,6.25,7.25,1
epipelagic,10^-2 g,6.75,3.75,1
epipelagic,10^-2 g,6.75,4.25,3
epipelagic,10^-2 g,6.75,4.75,2
epipelagic,10^-2 g,6.75,8.75,1
epipelagic,10^-2 g,6.75,10.75,1
epipelagic,10^-2 g,7.25,2.75,1
epipelagic,10^-2 g,7.25,3.75,5
epipelagic,10^-2 g,7.25,5.75,1
epipelagic,10^-2 g,7.75,3.25,1
epipelagic,10^-2 g,7.75,3.75,2
epipelagic,10^-2 g,7.75,7.25,1
epipelagic,10^-2 g,7.75,13.25,1
epipelagic,10^-2 g,8.25,3.25,8
epipelagic,10^-2 g,8.25,4.75,2
epipelagic,10^-2 g,8.25,5.25,1
epipelagic,10^-2 g,8.25,6.75,1
epipelagic,10^-2 g,8.25,7.75,1
epipelagic,10^-2 g,8.25,9.25,1
epipelagic,10^-2 g,8.75,3.75,1
epipelagic,10^-2 g,8.75,4.75,1
epipelagic,10^-2 g,9.75,3.25,1
epipelagic,10^-2 g,9.75,4.25,2
epipelagic,10^-2 g,9.75,4.75,1
epipelagic,10^-2 g,10.25,5.25,1
epipelagic,10^-2 g,10.25,5.75,1
epipelagic,10^-2 g,10.75,6.25,2
epipelagic,10^-2 g,10.75,8.25,1
epipelagic,10^-2 g,11.25,4.75,3
epipelagic,10^-2 g,11.25,5.25,1
epipelagic,10^-2 g,11.25,7.75,2
epipelagic,10^-2 g,11.75,6.25,1
epipelagic,10^-2 g,11.75,10.25,1
epipelagic,10^-2 g,11.75,11.25,1
epipelagic,10^-2 g,12.25,5.75,1
epipelagic,10^-2 g,12.25,6.75,1
epipelagic,10^-2 g,12.75,12.75,1
epipelagic,10^-2 g,13.75,9.75,1
epipelagic,10^-2 g,13.75,15.25,2
epipelagic,10^-2 g,14.25,10.25,1
epipelagic,10^-2 g,14.25,12.75,1
epipelagic,10^-2 g,14.75,5.75,1
epipelagic,10^-2 g,14.75,9.75,4
epipelagic,10^-2 g,15.25,10.75,1
epipelagic,10^-2 g,15.25,13.75,1
epipelagic,10^-2 g,15.25,14.75,1
epipelagic,10^-2 g,15.75,12.75,1
epipelagic,10^-2 g,16.25,12.25,1
epipelagic,10^-2 g,17.75,11.75,1
epipelagic,10^-2 g,17.75,12.25,1
epipelagic,10^-2 g,18.25,12.75,2
epipelagic,10^-2 g,19.25,13.25,1
epipelagic,10^-2 g,21.25,20.75,1
epipelagic,10^-2 g,21.75,15.25,1
epipelagic,10^-2 g,21.75,17.25,1
epipelagic,10^-2 g,22.75,10.25,1
epipelagic,10^-2 g,23.25,11.75,2
epipelagic,10^-2 g,23.25,14.75,1
epipelagic,10^-2 g,23.25,17.25,1
epipelagic,10^-2 g,23.25,17.75,1
epipelagic,10^-2 g,23.25,20.75,1
epipelagic,10^-2 g,23.75,17.75,1
epipelagic,10^-2 g,24.25,14.75,1
epipelagic,10^-2 g,24.25,21.75,1
epipelagic,10^-2 g,24.75,15.75,1
epipelagic,10^-2 g,24.75,16.25,1
epipelagic,10^-2 g,24.75,16.75,1
epipelagic,10^-2 g,24.75,19.25,1
epipelagic,10^-2 g,24.75,21.25,1
epipelagic,10^-2 g,25.25,17.25,1
epipelagic,10^-2 g,25.25,18.25,1
epipelagic,10^-2 g,25.25,21.25,2
epipelagic,10^-2 g,25.75,18.25,1
epipelagic,10^-2 g,25.75,19.25,2
epipelagic,10^-2 g,26.25,18.75,1
epipelagic,10^-2 g,26.25,19.25,2
epipelagic,10^-2 g,26.25,19.75,2
epipelagic,10^-2 g,26.25,21.25,1
epipelagic,10^-2 g,26.25,21.75,1
epipelagic,10^-2 g,26.75,17.25,1
epipelagic,10^-2 g,26.75,19.25,4
epipelagic,10^-2 g,26.75,20.25,1
epipelagic,10^-2 g,27.25,20.25,3
epipelagic,10^-2 g,28.25,18.75,1
epipelagic,10^-2 g,28.25,21.25,1
epipelagic,10^-2 g,28.75,21.75,1
epipelagic,10^-1 g,2.75,11.25,1
epipelagic,10^-1 g,3.25,8.75,1
epipelagic,10^-1 g,3.25,16.25,1
epipelagic,10^-1 g,3.75,11.75,1
epipelagic,10^-1 g,3.75,16.75,1
epipelagic,10^-1 g,3.75,17.25,2
epipelagic,10^-1 g,7.25,2.75,1
epipelagic,10^-1 g,7.25,6.25,1
epipelagic,10^-1 g,8.25,6.75,1
epipelagic,10^-1 g,9.25,16.75,1
epipelagic,10^-1 g,9.75,1.75,1
epipelagic,10^-1 g,9.75,16.25,1
epipelagic,10^-1 g,10.25,5.25,1
epipelagic,10^-1 g,10.25,5.75,2
epipelagic,10^-1 g,10.75,2.25,1
epipelagic,10^-1 g,10.75,6.25,2
epipelagic,10^-1 g,11.25,7.25,1
epipelagic,10^-1 g,11.75,6.25,1
epipelagic,10^-1 g,11.75,13.25,1
epipelagic,10^-1 g,13.75,14.75,1
epipelagic,10^-1 g,14.25,0.75,1
epipelagic,10^-1 g,14.25,15.75,1
epipelagic,10^-1 g,14.75,0.75,1
epipelagic,10^-1 g,14.75,6.25,1
epipelagic,10^-1 g,14.75,18.75,1
epipelagic,10^-1 g,15.25,6.25,1
epipelagic,10^-1 g,15.25,8.75,1
epipelagic,10^-1 g,15.25,19.75,1
epipelagic,10^-1 g,15.75,9.75,1
epipelagic,10^-1 g,16.75,15.75,1
epipelagic,10^-1 g,17.25,10.75,2
epipelagic,10^-1 g,17.75,18.25,1
epipelagic,10^-1 g,18.25,1.25,1
epipelagic,10^-1 g,18.25,19.25,2
epipelagic,10^-1 g,22.75,10.25,1
epipelagic,10^-1 g,23.25,19.75,1
epipelagic,10^-1 g,23.75,21.25,1
epipelagic,10^-1 g,24.75,12.25,1
epipelagic,10^-1 g,24.75,19.25,1
epipelagic,10^-1 g,25.25,12.75,2
epipelagic,10^-1 g,25.25,18.75,1
epipelagic,10^-1 g,26.75,18.25,1
epipelagic,10^-1 g,27.25,21.75,1
epipelagic,10^-1 g,27.75,20.75,1
epipelagic,10^-1 g,27.75,21.25,1
epipelagic,10^-1 g,27.75,21.75,2
epipelagic,10^-1 g,28.25,21.25,1
epipelagic,10^-1 g,28.75,20.75,1
epipelagic,10^-1 g,28.75,21.75,1
epipelagic,10^-1 g,29.25,21.25,3
epipelagic,10^-1 g,29.25,21.75,1
epipelagic,10^0 g,0.25,13.75,1
epipelagic,10^0 g,0.25,16.75,1
epipelagic,10^0 g,0.25,17.25,1
epipelagic,10^0 g,0.25,19.25,2
epipelagic,10^0 g,0.25,19.75,1
epipelagic,10^0 g,0.75,14.25,42
epipelagic,10^0 g,0.75,14.75,1
epipelagic,10^0 g,0.75,19.25,29
epipelagic,10^0 g,0.75,19.75,9
epipelagic,10^0 g,0.75,20.75,2
epipelagic,10^0 g,1.25,10.25,3
epipelagic,10^0 g,1.25,13.25,1
epipelagic,10^0 g,1.25,19.75,20
epipelagic,10^0 g,1.25,20.75,2
epipelagic,10^0 g,1.75,9.25,2
epipelagic,10^0 g,1.75,11.75,1
epipelagic,10^0 g,1.75,13.25,4
epipelagic,10^0 g,1.75,13.75,1
epipelagic,10^0 g,1.75,14.75,18
epipelagic,10^0 g,1.75,15.25,3
epipelagic,10^0 g,1.75,15.75,2
epipelagic,10^0 g,1.75,16.25,1
epipelagic,10^0 g,1.75,20.25,7
epipelagic,10^0 g,2.25,11.75,2
epipelagic,10^0 g,2.25,12.25,3
epipelagic,10^0 g,2.25,13.75,10
epipelagic,10^0 g,2.25,14.25,4
epipelagic,10^0 g,2.25,14.75,2
epipelagic,10^0 g,2.25,16.75,1
epipelagic,10^0 g,2.25,19.75,129
epipelagic,10^0 g,2.25,20.75,2
epipelagic,10^0 g,2.25,21.25,2
epipelagic,10^0 g,2.75,6.75,4
epipelagic,10^0 g,2.75,7.25,1
epipelagic,10^0 g,2.75,12.25,1
epipelagic,10^0 g,2.75,12.75,1
epipelagic,10^0 g,2.75,13.25,4
epipelagic,10^0 g,2.75,14.25,2
epipelagic,10^0 g,2.75,14.75,8
epipelagic,10^0 g,2.75,15.25,9
epipelagic,10^0 g,2.75,17.25,1
epipelagic,10^0 g,2.75,17.75,1
epipelagic,10^0 g,2.75,19.75,15
epipelagic,10^0 g,3.25,3.75,2
epipelagic,10^0 g,3.25,4.25,1
epipelagic,10^0 g,3.25,5.75,1
epipelagic,10^0 g,3.25,8.25,1
epipelagic,10^0 g,3.25,12.25,1
epipelagic,10^0 g,3.25,12.75,2
epipelagic,10^0 g,3.25,13.25,1
epipelagic,10^0 g,3.25,16.75,1
epipelagic,10^0 g,3.25,20.25,16
epipelagic,10^0 g,3.25,21.25,41
epipelagic,10^0 g,3.25,21.75,5
epipelagic,10^0 g,3.75,5.75,2
epipelagic,10^0 g,3.75,6.25,5
epipelagic,10^0 g,3.75,6.75,4
epipelagic,10^0 g,3.75,7.25,1
epipelagic,10^0 g,3.75,7.75,1
epipelagic,10^0 g,3.75,11.25,1
epipelagic,10^0 g,3.75,13.75,2
epipelagic,10^0 g,3.75,14.75,1
epipelagic,10^0 g,3.75,15.25,1
epipelagic,10^0 g,3.75,15.75,1
epipelagic,10^0 g,3.75,16.75,2
epipelagic,10^0 g,3.75,20.75,1
epipelagic,10^0 g,3.75,21.25,3
epipelagic,10^0 g,3.75,21.75,39
epipelagic,10^0 g,4.25,1.25,2
epipelagic,10^0 g,4.25,2.25,1
epipelagic,10^0 g,4.25,2.75,1
epipelagic,10^0 g,4.25,5.75,16
epipelagic,10^0 g,4.25,6.75,4
epipelagic,10^0 g,4.25,10.75,2
epipelagic,10^0 g,4.25,13.25,1
epipelagic,10^0 g,4.25,14.25,2
epipelagic,10^0 g,4.25,15.75,2
epipelagic,10^0 g,4.25,17.75,1
epipelagic,10^0 g,4.25,21.75,12
epipelagic,10^0 g,4.75,1.75,1
epipelagic,10^0 g,4.75,2.25,2
epipelagic,10^0 g,4.75,3.25,2
epipelagic,10^0 g,4.75,5.75,9
epipelagic,10^0 g,4.75,6.25,2
epipelagic,10^0 g,4.75,6.75,6
epipelagic,10^0 g,4.75,7.25,1
epipelagic,10^0 g,4.75,10.75,1
epipelagic,10^0 g,4.75,12.25,2
epipelagic,10^0 g,4.75,14.25,1
epipelagic,10^0 g,4.75,15.25,3
epipelagic,10^0 g,4.75,21.25,2
epipelagic,10^0 g,4.75,21.75,52
epipelagic,10^0 g,5.25,1.25,1
epipelagic,10^0 g,5.25,1.75,2
epipelagic,10^0 g,5.25,2.75,2
epipelagic,10^0 g,5.25,5.25,1
epipelagic,10^0 g,5.25,5.75,5
epipelagic,10^0 g,5.25,20.75,1
epipelagic,10^0 g,5.25,21.75,6
epipelagic,10^0 g,5.75,5.25,1
epipelagic,10^0 g,5.75,5.75,1
epipelagic,10^0 g,5.75,6.75,2
epipelagic,10^0 g,5.75,7.25,1
epipelagic,10^0 g,5.75,7.75,1
epipelagic,10^0 g,5.75,14.75,1
epipelagic,10^0 g,5.75,15.75,2
epipelagic,10^0 g,5.75,16.75,2
epipelagic,10^0 g,5.75,17.25,2
epipelagic,10^0 g,5.75,21.75,3
epipelagic,10^0 g,6.25,4.25,1
epipelagic,10^0 g,6.25,4.75,2
epipelagic,10^0 g,6.25,7.25,2
epipelagic,10^0 g,6.25,9.25,1
epipelagic,10^0 g,6.25,14.75,2
epipelagic,10^0 g,6.25,20.75,1
epipelagic,10^0 g,6.75,1.75,1
epipelagic,10^0 g,6.75,3.75,3
epipelagic,10^0 g,6.75,4.25,10
epipelagic,10^0 g,6.75,4.75,2
epipelagic,10^0 g,6.75,5.75,1
epipelagic,10^0 g,6.75,10.75,1
epipelagic,10^0 g,6.75,18.25,2
epipelagic,10^0 g,6.75,19.25,1
epipelagic,10^0 g,7.25,0.75,2
epipelagic,10^0 g,7.25,3.75,9
epipelagic,10^0 g,7.25,4.75,1
epipelagic,10^0 g,7.25,5.25,1
epipelagic,10^0 g,7.25,5.75,1
epipelagic,10^0 g,7.25,6.25,1
epipelagic,10^0 g,7.25,7.75,1
epipelagic,10^0 g,7.25,12.75,1
epipelagic,10^0 g,7.25,13.25,1
epipelagic,10^0 g,7.25,16.75,1
epipelagic,10^0 g,7.25,18.25,1
epipelagic,10^0 g,7.25,20.75,1
epipelagic,10^0 g,7.25,21.25,2
epipelagic,10^0 g,7.75,3.25,1
epipelagic,10^0 g,7.75,6.25,3
epipelagic,10^0 g,7.75,7.25,3
epipelagic,10^0 g,7.75,7.75,1
epipelagic,10^0 g,7.75,17.25,1
epipelagic,10^0 g,7.75,21.25,2
epipelagic,10^0 g,8.25,3.25,4
epipelagic,10^0 g,8.25,4.75,3
epipelagic,10^0 g,8.25,5.25,3
epipelagic,10^0 g,8.25,5.75,1
epipelagic,10^0 g,8.25,6.75,1
epipelagic,10^0 g,8.25,7.75,1
epipelagic,10^0 g,8.25,10.25,1
epipelagic,10^0 g,8.25,20.75,1
epipelagic,10^0 g,8.25,22.75,1
epipelagic,10^0 g,8.75,1.75,1
epipelagic,10^0 g,8.75,3.25,2
epipelagic,10^0 g,8.75,3.75,1
epipelagic,10^0 g,8.75,4.75,6
epipelagic,10^0 g,8.75,5.25,1
epipelagic,10^0 g,8.75,12.75,2
epipelagic,10^0 g,8.75,19.75,10
epipelagic,10^0 g,8.75,21.25,1
epipelagic,10^0 g,8.75,21.75,1
epipelagic,10^0 g,9.25,5.25,2
epipelagic,10^0 g,9.25,18.75,1
epipelagic,10^0 g,9.25,20.25,1
epipelagic,10^0 g,9.25,21.75,1
epipelagic,10^0 g,9.75,0.25,3
epipelagic,10^0 g,9.75,1.25,1
epipelagic,10^0 g,9.75,3.25,2
epipelagic,10^0 g,9.75,4.25,2
epipelagic,10^0 g,9.75,4.75,1
epipelagic,10^0 g,9.75,6.75,1
epipelagic,10^0 g,9.75,9.75,1
epipelagic,10^0 g,9.75,16.25,2
epipelagic,10^0 g,9.75,18.75,1
epipelagic,10^0 g,9.75,19.25,1
epipelagic,10^0 g,10.25,4.75,1
epipelagic,10^0 g,10.25,5.75,4
epipelagic,10^0 g,10.25,14.25,1
epipelagic,10^0 g,10.25,15.25,1
epipelagic,10^0 g,10.25,16.75,1
epipelagic,10^0 g,10.25,22.25,4
epipelagic,10^0 g,10.75,1.25,2
epipelagic,10^0 g,10.75,3.25,2
epipelagic,10^0 g,10.75,4.25,2
epipelagic,10^0 g,10.75,4.75,1
epipelagic,10^0 g,10.75,6.25,3
epipelagic,10^0 g,10.75,7.25,1
epipelagic,10^0 g,10.75,15.75,1
epipelagic,10^0 g,10.75,16.25,1
epipelagic,10^0 g,10.75,16.75,1
epipelagic,10^0 g,11.25,0.75,1
epipelagic,10^0 g,11.25,1.25,2
epipelagic,10^0 g,11.25,4.75,4
epipelagic,10^0 g,11.25,5.25,2
epipelagic,10^0 g,11.25,6.25,2
epipelagic,10^0 g,11.25,7.75,2
epipelagic,10^0 g,11.25,22.25,19
epipelagic,10^0 g,11.75,1.75,1
epipelagic,10^0 g,11.75,2.25,1
epipelagic,10^0 g,11.75,5.25,1
epipelagic,10^0 g,11.75,10.25,1
epipelagic,10^0 g,11.75,14.75,1
epipelagic,10^0 g,11.75,16.75,2
epipelagic,10^0 g,11.75,17.25,3
epipelagic,10^0 g,11.75,21.25,26
epipelagic,10^0 g,12.25,6.25,1
epipelagic,10^0 g,12.25,7.25,1
epipelagic,10^0 g,12.25,21.25,17
epipelagic,10^0 g,12.25,21.75,28
epipelagic,10^0 g,12.25,22.25,14
epipelagic,10^0 g,12.75,8.25,1
epipelagic,10^0 g,12.75,16.75,1
epipelagic,10^0 g,12.75,17.25,1
epipelagic,10^0 g,12.75,21.75,62
epipelagic,10^0 g,12.75,22.25,25
epipelagic,10^0 g,13.25,6.75,1
epipelagic,10^0 g,13.25,7.25,1
epipelagic,10^0 g,13.25,8.75,1
epipelagic,10^0 g,13.25,9.75,2
epipelagic,10^0 g,13.25,11.25,1
epipelagic,10^0 g,13.25,17.75,2
epipelagic,10^0 g,13.25,18.25,1
epipelagic,10^0 g,13.25,21.75,35
epipelagic,10^0 g,13.75,15.25,1
epipelagic,10^0 g,13.75,17.25,1
epipelagic,10^0 g,13.75,17.75,1
epipelagic,10^0 g,13.75,21.75,48
epipelagic,10^0 g,14.25,0.75,3
epipelagic,10^0 g,14.25,7.75,1
epipelagic,10^0 g,14.25,9.25,1
epipelagic,10^0 g,14.25,10.25,1
epipelagic,10^0 g,14.25,17.25,1
epipelagic,10^0 g,14.25,21.75,11
epipelagic,10^0 g,14.75,0.75,1
epipelagic,10^0 g,14.75,6.25,1
epipelagic,10^0 g,14.75,10.25,1
epipelagic,10^0 g,14.75,13.75,1
epipelagic,10^0 g,14.75,22.25,1
epipelagic,10^0 g,15.25,10.75,1
epipelagic,10^0 g,15.25,11.25,1
epipelagic,10^0 g,15.25,18.25,1
epipelagic,10^0 g,15.25,22.25,1
epipelagic,10^0 g,15.75,0.75,1
epipelagic,10^0 g,15.75,12.75,1
epipelagic,10^0 g,15.75,13.25,1
epipelagic,10^0 g,15.75,22.25,28
epipelagic,10^0 g,16.25,10.25,1
epipelagic,10^0 g,16.25,12.25,2
epipelagic,10^0 g,16.25,13.75,1
epipelagic,10^0 g,16.25,14.75,1
epipelagic,10^0 g,16.25,15.25,1
epipelagic,10^0 g,16.25,20.25,1
epipelagic,10^0 g,16.75,14.75,1
epipelagic,10^0 g,16.75,15.75,2
epipelagic,10^0 g,16.75,22.75,3
epipelagic,10^0 g,17.25,21.75,2
epipelagic,10^0 g,17.75,11.75,3
epipelagic,10^0 g,17.75,12.25,1
epipelagic,10^0 g,17.75,18.75,1
epipelagic,10^0 g,17.75,21.75,1
epipelagic,10^0 g,18.25,18.25,1
epipelagic,10^0 g,18.75,14.75,1
epipelagic,10^0 g,18.75,18.75,1
epipelagic,10^0 g,18.75,21.25,1
epipelagic,10^0 g,19.75,15.75,1
epipelagic,10^0 g,19.75,16.75,3
epipelagic,10^0 g,19.75,21.75,1
epipelagic,10^0 g,19.75,22.25,1
epipelagic,10^0 g,20.25,13.75,1
epipelagic,10^0 g,20.25,20.75,4
epipelagic,10^0 g,20.75,17.25,1
epipelagic,10^0 g,20.75,18.75,1
epipelagic,10^0 g,20.75,21.75,2
epipelagic,10^0 g,21.75,17.25,1
epipelagic,10^0 g,22.25,18.75,4
epipelagic,10^0 g,22.25,20.25,1
epipelagic,10^0 g,22.25,21.75,1
epipelagic,10^0 g,22.75,10.25,1
epipelagic,10^0 g,22.75,14.75,2
epipelagic,10^0 g,22.75,15.75,2
epipelagic,10^0 g,22.75,19.25,2
epipelagic,10^0 g,22.75,21.25,1
epipelagic,10^0 g,23.25,11.75,2
epipelagic,10^0 g,23.25,17.25,1
epipelagic,10^0 g,23.25,17.75,2
epipelagic,10^0 g,23.25,21.75,1
epipelagic,10^0 g,23.25,22.25,1
epipelagic,10^0 g,23.75,16.75,1
epipelagic,10^0 g,23.75,17.25,1
epipelagic,10^0 g,23.75,17.75,1
epipelagic,10^0 g,23.75,20.75,6
epipelagic,10^0 g,24.25,17.25,1
epipelagic,10^0 g,24.25,18.25,2
epipelagic,10^0 g,24.25,19.75,1
epipelagic,10^0 g,24.25,21.25,3
epipelagic,10^0 g,24.25,21.75,2
epipelagic,10^0 g,24.25,22.25,2
epipelagic,10^0 g,24.75,15.75,1
epipelagic,10^0 g,24.75,16.75,1
epipelagic,10^0 g,24.75,17.75,2
epipelagic,10^0 g,24.75,18.25,1
epipelagic,10^0 g,24.75,19.25,3
epipelagic,10^0 g,24.75,20.75,237
epipelagic,10^0 g,24.75,21.25,2
epipelagic,10^0 g,24.75,21.75,2
epipelagic,10^0 g,25.25,18.75,2
epipelagic,10^0 g,25.25,20.75,167
epipelagic,10^0 g,25.25,21.25,3
epipelagic,10^0 g,25.25,21.75,5
epipelagic,10^0 g,25.25,22.25,1
epipelagic,10^0 g,25.75,18.75,2
epipelagic,10^0 g,25.75,19.25,2
epipelagic,10^0 g,25.75,20.75,1
epipelagic,10^0 g,25.75,21.25,2
epipelagic,10^0 g,26.25,18.75,6
epipelagic,10^0 g,26.25,19.25,3
epipelagic,10^0 g,26.25,19.75,2
epipelagic,10^0 g,26.25,20.25,1
epipelagic,10^0 g,26.25,20.75,1
epipelagic,10^0 g,26.25,21.75,4
epipelagic,10^0 g,26.75,17.25,1
epipelagic,10^0 g,26.75,18.25,1
epipelagic,10^0 g,26.75,19.25,2
epipelagic,10^0 g,26.75,19.75,1
epipelagic,10^0 g,26.75,20.25,1
epipelagic,10^0 g,26.75,21.25,2
epipelagic,10^0 g,26.75,21.75,1
epipelagic,10^0 g,27.25,17.25,1
epipelagic,10^0 g,27.25,20.25,1
epipelagic,10^0 g,27.25,20.75,2
epipelagic,10^0 g,27.25,21.25,3
epipelagic,10^0 g,27.25,21.75,2
epipelagic,10^0 g,27.75,20.25,1
epipelagic,10^0 g,27.75,20.75,2
epipelagic,10^0 g,27.75,21.25,1
epipelagic,10^0 g,27.75,21.75,3
epipelagic,10^0 g,28.25,21.25,4
epipelagic,10^0 g,28.25,21.75,2
epipelagic,10^0 g,28.75,19.75,3
epipelagic,10^0 g,28.75,21.75,1
epipelagic,10^0 g,29.25,22.25,1
epipelagic,10^1 g,0.25,17.25,1
epipelagic,10^1 g,0.25,17.75,41
epipelagic,10^1 g,0.25,18.25,34
epipelagic,10^1 g,0.25,18.75,12
epipelagic,10^1 g,0.25,19.25,1
epipelagic,10^1 g,0.25,19.75,2
epipelagic,10^1 g,0.25,20.75,1
epipelagic,10^1 g,0.75,13.75,1
epipelagic,10^1 g,0.75,18.75,1
epipelagic,10^1 g,0.75,19.25,8
epipelagic,10^1 g,0.75,19.75,3
epipelagic,10^1 g,0.75,20.25,3
epipelagic,10^1 g,1.25,18.75,2
epipelagic,10^1 g,1.25,19.75,8
epipelagic,10^1 g,1.25,20.25,1
epipelagic,10^1 g,1.25,20.75,1
epipelagic,10^1 g,1.75,9.75,2
epipelagic,10^1 g,1.75,11.75,2
epipelagic,10^1 g,1.75,13.25,1
epipelagic,10^1 g,1.75,17.25,2
epipelagic,10^1 g,1.75,19.75,9
epipelagic,10^1 g,1.75,20.25,6
epipelagic,10^1 g,2.25,10.75,1
epipelagic,10^1 g,2.25,12.25,3
epipelagic,10^1 g,2.25,12.75,2
epipelagic,10^1 g,2.25,13.25,2
epipelagic,10^1 g,2.25,14.75,1
epipelagic,10^1 g,2.25,18.75,2
epipelagic,10^1 g,2.25,19.25,3
epipelagic,10^1 g,2.25,20.25,10
epipelagic,10^1 g,2.25,20.75,2
epipelagic,10^1 g,2.75,5.75,1
epipelagic,10^1 g,2.75,6.25,1
epipelagic,10^1 g,2.75,6.75,3
epipelagic,10^1 g,2.75,8.25,2
epipelagic,10^1 g,2.75,8.75,1
epipelagic,10^1 g,2.75,10.25,1
epipelagic,10^1 g,2.75,10.75,3
epipelagic,10^1 g,2.75,11.25,1
epipelagic,10^1 g,2.75,11.75,7
epipelagic,10^1 g,2.75,12.75,2
epipelagic,10^1 g,2.75,13.25,3
epipelagic,10^1 g,2.75,13.75,3
epipelagic,10^1 g,2.75,15.25,1
epipelagic,10^1 g,2.75,15.75,1
epipelagic,10^1 g,2.75,16.25,5
epipelagic,10^1 g,2.75,17.25,2
epipelagic,10^1 g,2.75,17.75,4
epipelagic,10^1 g,2.75,18.25,3
epipelagic,10^1 g,2.75,18.75,5
epipelagic,10^1 g,2.75,19.75,2
epipelagic,10^1 g,2.75,20.25,8
epipelagic,10^1 g,2.75,20.75,1
epipelagic,10^1 g,2.75,22.25,4
epipelagic,10^1 g,3.25,2.75,1
epipelagic,10^1 g,3.25,3.75,2
epipelagic,10^1 g,3.25,4.25,4
epipelagic,10^1 g,3.25,4.75,2
epipelagic,10^1 g,3.25,5.75,1
epipelagic,10^1 g,3.25,7.25,3
epipelagic,10^1 g,3.25,8.25,1
epipelagic,10^1 g,3.25,8.75,1
epipelagic,10^1 g,3.25,9.25,1
epipelagic,10^1 g,3.25,9.75,1
epipelagic,10^1 g,3.25,11.25,6
epipelagic,10^1 g,3.25,12.25,3
epipelagic,10^1 g,3.25,13.25,1
epipelagic,10^1 g,3.25,14.25,1
epipelagic,10^1 g,3.25,14.75,2
epipelagic,10^1 g,3.25,15.75,2
epipelagic,10^1 g,3.25,16.25,5
epipelagic,10^1 g,3.25,16.75,11
epipelagic,10^1 g,3.25,17.25,2
epipelagic,10^1 g,3.25,17.75,5
epipelagic,10^1 g,3.25,18.25,27
epipelagic,10^1 g,3.25,18.75,8
epipelagic,10^1 g,3.25,19.25,16
epipelagic,10^1 g,3.25,19.75,15
epipelagic,10^1 g,3.25,20.25,3
epipelagic,10^1 g,3.25,20.75,2
epipelagic,10^1 g,3.25,21.75,1
epipelagic,10^1 g,3.75,3.75,1
epipelagic,10^1 g,3.75,4.75,2
epipelagic,10^1 g,3.75,5.25,2
epipelagic,10^1 g,3.75,5.75,1
epipelagic,10^1 g,3.75,6.25,1
epipelagic,10^1 g,3.75,6.75,2
epipelagic,10^1 g,3.75,10.75,1
epipelagic,10^1 g,3.75,11.75,7
epipelagic,10^1 g,3.75,12.25,6
epipelagic,10^1 g,3.75,12.75,1
epipelagic,10^1 g,3.75,13.25,6
epipelagic,10^1 g,3.75,13.75,4
epipelagic,10^1 g,3.75,14.75,1
epipelagic,10^1 g,3.75,15.25,3
epipelagic,10^1 g,3.75,15.75,4
epipelagic,10^1 g,3.75,16.25,3
epipelagic,10^1 g,3.75,16.75,9
epipelagic,10^1 g,3.75,17.25,21
epipelagic,10^1 g,3.75,17.75,17
epipelagic,10^1 g,3.75,18.25,26
epipelagic,10^1 g,3.75,18.75,4
epipelagic,10^1 g,3.75,19.25,6
epipelagic,10^1 g,3.75,19.75,2
epipelagic,10^1 g,3.75,20.25,10
epipelagic,10^1 g,3.75,20.75,3
epipelagic,10^1 g,3.75,21.75,3
epipelagic,10^1 g,3.75,22.25,2
epipelagic,10^1 g,4.25,1.25,1
epipelagic,10^1 g,4.25,4.25,1
epipelagic,10^1 g,4.25,4.75,2
epipelagic,10^1 g,4.25,5.75,1
epipelagic,10^1 g,4.25,6.25,1
epipelagic,10^1 g,4.25,7.25,1
epipelagic,10^1 g,4.25,10.75,1
epipelagic,10^1 g,4.25,11.75,2
epipelagic,10^1 g,4.25,12.75,6
epipelagic,10^1 g,4.25,13.25,5
epipelagic,10^1 g,4.25,13.75,4
epipelagic,10^1 g,4.25,14.75,2
epipelagic,10^1 g,4.25,15.75,4
epipelagic,10^1 g,4.25,16.25,3
epipelagic,10^1 g,4.25,17.25,9
epipelagic,10^1 g,4.25,17.75,10
epipelagic,10^1 g,4.25,18.25,27
epipelagic,10^1 g,4.25,18.75,5
epipelagic,10^1 g,4.25,19.25,4
epipelagic,10^1 g,4.25,19.75,17
epipelagic,10^1 g,4.25,20.25,11
epipelagic,10^1 g,4.25,20.75,6
epipelagic,10^1 g,4.25,21.75,4
epipelagic,10^1 g,4.25,22.25,1
epipelagic,10^1 g,4.75,2.75,1
epipelagic,10^1 g,4.75,5.75,1
epipelagic,10^1 g,4.75,6.25,4
epipelagic,10^1 g,4.75,6.75,6
epipelagic,10^1 g,4.75,7.25,1
epipelagic,10^1 g,4.75,10.75,2
epipelagic,10^1 g,4.75,11.25,1
epipelagic,10^1 g,4.75,11.75,1
epipelagic,10^1 g,4.75,12.25,2
epipelagic,10^1 g,4.75,12.75,2
epipelagic,10^1 g,4.75,13.25,1
epipelagic,10^1 g,4.75,13.75,2
epipelagic,10^1 g,4.75,14.25,7
epipelagic,10^1 g,4.75,14.75,4
epipelagic,10^1 g,4.75,15.25,2
epipelagic,10^1 g,4.75,15.75,1
epipelagic,10^1 g,4.75,16.75,8
epipelagic,10^1 g,4.75,17.25,11
epipelagic,10^1 g,4.75,17.75,5
epipelagic,10^1 g,4.75,18.25,3
epipelagic,10^1 g,4.75,18.75,3
epipelagic,10^1 g,4.75,19.25,5
epipelagic,10^1 g,4.75,19.75,6
epipelagic,10^1 g,4.75,20.25,21
epipelagic,10^1 g,4.75,20.75,6
epipelagic,10^1 g,4.75,21.75,2
epipelagic,10^1 g,5.25,1.25,2
epipelagic,10^1 g,5.25,2.25,1
epipelagic,10^1 g,5.25,5.75,1
epipelagic,10^1 g,5.25,7.75,1
epipelagic,10^1 g,5.25,12.25,5
epipelagic,10^1 g,5.25,12.75,5
epipelagic,10^1 g,5.25,13.25,1
epipelagic,10^1 g,5.25,13.75,8
epipelagic,10^1 g,5.25,14.25,3
epipelagic,10^1 g,5.25,14.75,5
epipelagic,10^1 g,5.25,15.25,2
epipelagic,10^1 g,5.25,15.75,1
epipelagic,10^1 g,5.25,16.25,1
epipelagic,10^1 g,5.25,16.75,5
epipelagic,10^1 g,5.25,17.25,2
epipelagic,10^1 g,5.25,17.75,3
epipelagic,10^1 g,5.25,18.25,4
epipelagic,10^1 g,5.25,20.25,1
epipelagic,10^1 g,5.25,20.75,20
epipelagic,10^1 g,5.25,22.25,1
epipelagic,10^1 g,5.75,5.25,1
epipelagic,10^1 g,5.75,5.75,1
epipelagic,10^1 g,5.75,7.75,1
epipelagic,10^1 g,5.75,11.75,1
epipelagic,10^1 g,5.75,12.25,1
epipelagic,10^1 g,5.75,12.75,1
epipelagic,10^1 g,5.75,13.25,14
epipelagic,10^1 g,5.75,13.75,5
epipelagic,10^1 g,5.75,14.25,25
epipelagic,10^1 g,5.75,14.75,15
epipelagic,10^1 g,5.75,15.25,1
epipelagic,10^1 g,5.75,16.75,10
epipelagic,10^1 g,5.75,17.25,4
epipelagic,10^1 g,5.75,18.25,4
epipelagic,10^1 g,5.75,19.25,8
epipelagic,10^1 g,5.75,19.75,16
epipelagic,10^1 g,5.75,20.25,3
epipelagic,10^1 g,5.75,20.75,27
epipelagic,10^1 g,5.75,21.25,5
epipelagic,10^1 g,5.75,21.75,2
epipelagic,10^1 g,5.75,22.25,7
epipelagic,10^1 g,6.25,5.75,1
epipelagic,10^1 g,6.25,7.25,2
epipelagic,10^1 g,6.25,11.75,1
epipelagic,10^1 g,6.25,12.25,3
epipelagic,10^1 g,6.25,12.75,2
epipelagic,10^1 g,6.25,13.25,6
epipelagic,10^1 g,6.25,13.75,2
epipelagic,10^1 g,6.25,14.25,7
epipelagic,10^1 g,6.25,14.75,1
epipelagic,10^1 g,6.25,16.25,6
epipelagic,10^1 g,6.25,16.75,2
epipelagic,10^1 g,6.25,17.25,4
epipelagic,10^1 g,6.25,18.25,3
epipelagic,10^1 g,6.25,18.75,2
epipelagic,10^1 g,6.25,19.75,4
epipelagic,10^1 g,6.25,20.25,4
epipelagic,10^1 g,6.25,20.75,24
epipelagic,10^1 g,6.25,21.25,3
epipelagic,10^1 g,6.25,21.75,3
epipelagic,10^1 g,6.75,4.25,4
epipelagic,10^1 g,6.75,6.75,2
epipelagic,10^1 g,6.75,7.75,2
epipelagic,10^1 g,6.75,9.25,6
epipelagic,10^1 g,6.75,11.25,1
epipelagic,10^1 g,6.75,12.75,1
epipelagic,10^1 g,6.75,13.25,1
epipelagic,10^1 g,6.75,13.75,1
epipelagic,10^1 g,6.75,14.25,13
epipelagic,10^1 g,6.75,14.75,7
epipelagic,10^1 g,6.75,15.25,1
epipelagic,10^1 g,6.75,15.75,2
epipelagic,10^1 g,6.75,16.25,2
epipelagic,10^1 g,6.75,17.25,2
epipelagic,10^1 g,6.75,17.75,3
epipelagic,10^1 g,6.75,18.25,2
epipelagic,10^1 g,6.75,18.75,1
epipelagic,10^1 g,6.75,19.25,5
epipelagic,10^1 g,6.75,19.75,1
epipelagic,10^1 g,6.75,20.25,15
epipelagic,10^1 g,6.75,20.75,12
epipelagic,10^1 g,6.75,21.25,19
epipelagic,10^1 g,6.75,21.75,1
epipelagic,10^1 g,6.75,22.25,3
epipelagic,10^1 g,7.25,0.75,4
epipelagic,10^1 g,7.25,3.75,2
epipelagic,10^1 g,7.25,4.75,1
epipelagic,10^1 g,7.25,5.75,1
epipelagic,10^1 g,7.25,6.25,2
epipelagic,10^1 g,7.25,7.25,1
epipelagic,10^1 g,7.25,7.75,1
epipelagic,10^1 g,7.25,8.25,3
epipelagic,10^1 g,7.25,13.75,14
epipelagic,10^1 g,7.25,14.25,1
epipelagic,10^1 g,7.25,14.75,3
epipelagic,10^1 g,7.25,15.25,4
epipelagic,10^1 g,7.25,15.75,5
epipelagic,10^1 g,7.25,16.25,2
epipelagic,10^1 g,7.25,16.75,5
epipelagic,10^1 g,7.25,17.25,4
epipelagic,10^1 g,7.25,17.75,2
epipelagic,10^1 g,7.25,18.25,2
epipelagic,10^1 g,7.25,18.75,8
epipelagic,10^1 g,7.25,19.25,2
epipelagic,10^1 g,7.25,19.75,6
epipelagic,10^1 g,7.25,20.25,2
epipelagic,10^1 g,7.25,20.75,13
epipelagic,10^1 g,7.25,21.25,7
epipelagic,10^1 g,7.25,21.75,22
epipelagic,10^1 g,7.25,22.25,1
epipelagic,10^1 g,7.75,3.75,2
epipelagic,10^1 g,7.75,6.25,1
epipelagic,10^1 g,7.75,7.25,6
epipelagic,10^1 g,7.75,7.75,1
epipelagic,10^1 g,7.75,8.25,4
epipelagic,10^1 g,7.75,10.75,1
epipelagic,10^1 g,7.75,12.75,4
epipelagic,10^1 g,7.75,13.25,2
epipelagic,10^1 g,7.75,13.75,5
epipelagic,10^1 g,7.75,14.25,3
epipelagic,10^1 g,7.75,14.75,4
epipelagic,10^1 g,7.75,15.25,2
epipelagic,10^1 g,7.75,15.75,4
epipelagic,10^1 g,7.75,16.25,4
epipelagic,10^1 g,7.75,16.75,2
epipelagic,10^1 g,7.75,17.25,5
epipelagic,10^1 g,7.75,18.25,5
epipelagic,10^1 g,7.75,18.75,2
epipelagic,10^1 g,7.75,19.25,2
epipelagic,10^1 g,7.75,19.75,2
epipelagic,10^1 g,7.75,20.25,2
epipelagic,10^1 g,7.75,20.75,3
epipelagic,10^1 g,7.75,21.25,8
epipelagic,10^1 g,7.75,21.75,26
epipelagic,10^1 g,7.75,22.25,1
epipelagic,10^1 g,8.25,3.75,5
epipelagic,10^1 g,8.25,4.25,3
epipelagic,10^1 g,8.25,4.75,2
epipelagic,10^1 g,8.25,5.25,7
epipelagic,10^1 g,8.25,5.75,1
epipelagic,10^1 g,8.25,6.75,7
epipelagic,10^1 g,8.25,7.75,1
epipelagic,10^1 g,8.25,9.25,1
epipelagic,10^1 g,8.25,11.75,1
epipelagic,10^1 g,8.25,13.25,18
epipelagic,10^1 g,8.25,14.25,5
epipelagic,10^1 g,8.25,14.75,3
epipelagic,10^1 g,8.25,15.25,3
epipelagic,10^1 g,8.25,15.75,7
epipelagic,10^1 g,8.25,16.25,20
epipelagic,10^1 g,8.25,16.75,2
epipelagic,10^1 g,8.25,17.75,6
epipelagic,10^1 g,8.25,19.25,4
epipelagic,10^1 g,8.25,19.75,5
epipelagic,10^1 g,8.25,20.25,7
epipelagic,10^1 g,8.25,20.75,12
epipelagic,10^1 g,8.25,21.25,9
epipelagic,10^1 g,8.25,21.75,21
epipelagic,10^1 g,8.25,22.25,2
epipelagic,10^1 g,8.75,3.75,2
epipelagic,10^1 g,8.75,4.75,2
epipelagic,10^1 g,8.75,5.25,1
epipelagic,10^1 g,8.75,5.75,1
epipelagic,10^1 g,8.75,6.75,1
epipelagic,10^1 g,8.75,10.75,1
epipelagic,10^1 g,8.75,12.75,1
epipelagic,10^1 g,8.75,13.25,1
epipelagic,10^1 g,8.75,13.75,5
epipelagic,10^1 g,8.75,14.25,46
epipelagic,10^1 g,8.75,14.75,1
epipelagic,10^1 g,8.75,15.25,6
epipelagic,10^1 g,8.75,15.75,1
epipelagic,10^1 g,8.75,16.25,1
epipelagic,10^1 g,8.75,16.75,1
epipelagic,10^1 g,8.75,17.25,4
epipelagic,10^1 g,8.75,17.75,2
epipelagic,10^1 g,8.75,18.25,1
epipelagic,10^1 g,8.75,18.75,1
epipelagic,10^1 g,8.75,19.25,3
epipelagic,10^1 g,8.75,19.75,7
epipelagic,10^1 g,8.75,20.25,7
epipelagic,10^1 g,8.75,20.75,7
epipelagic,10^1 g,8.75,21.25,2
epipelagic,10^1 g,8.75,21.75,34
epipelagic,10^1 g,8.75,22.25,4
epipelagic,10^1 g,9.25,3.75,1
epipelagic,10^1 g,9.25,5.25,1
epipelagic,10^1 g,9.25,7.75,1
epipelagic,10^1 g,9.25,8.25,2
epipelagic,10^1 g,9.25,9.25,2
epipelagic,10^1 g,9.25,9.75,1
epipelagic,10^1 g,9.25,10.75,1
epipelagic,10^1 g,9.25,11.25,1
epipelagic,10^1 g,9.25,13.25,19
epipelagic,10^1 g,9.25,14.25,7
epipelagic,10^1 g,9.25,14.75,3
epipelagic,10^1 g,9.25,15.25,9
epipelagic,10^1 g,9.25,15.75,3
epipelagic,10^1 g,9.25,16.25,3
epipelagic,10^1 g,9.25,16.75,2
epipelagic,10^1 g,9.25,17.25,7
epipelagic,10^1 g,9.25,17.75,7
epipelagic,10^1 g,9.25,18.25,4
epipelagic,10^1 g,9.25,18.75,3
epipelagic,10^1 g,9.25,19.75,21
epipelagic,10^1 g,9.25,20.25,45
epipelagic,10^1 g,9.25,20.75,8
epipelagic,10^1 g,9.25,21.25,6
epipelagic,10^1 g,9.25,21.75,87
epipelagic,10^1 g,9.25,22.25,7
epipelagic,10^1 g,9.75,3.25,1
epipelagic,10^1 g,9.75,4.25,2
epipelagic,10^1 g,9.75,6.75,2
epipelagic,10^1 g,9.75,9.75,1
epipelagic,10^1 g,9.75,10.25,5
epipelagic,10^1 g,9.75,12.25,2
epipelagic,10^1 g,9.75,13.75,1
epipelagic,10^1 g,9.75,14.25,2
epipelagic,10^1 g,9.75,14.75,25
epipelagic,10^1 g,9.75,15.25,4
epipelagic,10^1 g,9.75,15.75,13
epipelagic,10^1 g,9.75,16.25,4
epipelagic,10^1 g,9.75,16.75,30
epipelagic,10^1 g,9.75,17.25,2
epipelagic,10^1 g,9.75,17.75,3
epipelagic,10^1 g,9.75,18.25,4
epipelagic,10^1 g,9.75,18.75,4
epipelagic,10^1 g,9.75,19.25,17
epipelagic,10^1 g,9.75,19.75,14
epipelagic,10^1 g,9.75,20.25,6
epipelagic,10^1 g,9.75,20.75,15
epipelagic,10^1 g,9.75,21.25,9
epipelagic,10^1 g,9.75,21.75,32
epipelagic,10^1 g,9.75,22.25,3
epipelagic,10^1 g,9.75,22.75,2
epipelagic,10^1 g,10.25,1.25,1
epipelagic,10^1 g,10.25,4.75,1
epipelagic,10^1 g,10.25,5.75,4
epipelagic,10^1 g,10.25,6.25,1
epipelagic,10^1 g,10.25,7.75,1
epipelagic,10^1 g,10.25,9.25,2
epipelagic,10^1 g,10.25,11.75,2
epipelagic,10^1 g,10.25,12.25,1
epipelagic,10^1 g,10.25,13.75,3
epipelagic,10^1 g,10.25,14.25,4
epipelagic,10^1 g,10.25,14.75,7
epipelagic,10^1 g,10.25,15.25,9
epipelagic,10^1 g,10.25,15.75,1
epipelagic,10^1 g,10.25,16.25,2
epipelagic,10^1 g,10.25,16.75,4
epipelagic,10^1 g,10.25,17.25,3
epipelagic,10^1 g,10.25,17.75,10
epipelagic,10^1 g,10.25,18.25,18
epipelagic,10^1 g,10.25,18.75,6
epipelagic,10^1 g,10.25,19.25,1
epipelagic,10^1 g,10.25,19.75,39
epipelagic,10^1 g,10.25,20.25,8
epipelagic,10^1 g,10.25,20.75,7
epipelagic,10^1 g,10.25,21.25,9
epipelagic,10^1 g,10.25,21.75,22
epipelagic,10^1 g,10.25,22.25,3
epipelagic,10^1 g,10.75,2.75,1
epipelagic,10^1 g,10.75,4.25,2
epipelagic,10^1 g,10.75,6.25,5
epipelagic,10^1 g,10.75,7.25,1
epipelagic,10^1 g,10.75,7.75,2
epipelagic,10^1 g,10.75,9.75,1
epipelagic,10^1 g,10.75,12.25,11
epipelagic,10^1 g,10.75,12.75,1
epipelagic,10^1 g,10.75,13.75,1
epipelagic,10^1 g,10.75,14.25,4
epipelagic,10^1 g,10.75,15.25,4
epipelagic,10^1 g,10.75,15.75,5
epipelagic,10^1 g,10.75,16.25,17
epipelagic,10^1 g,10.75,16.75,36
epipelagic,10^1 g,10.75,17.25,35
epipelagic,10^1 g,10.75,17.75,6
epipelagic,10^1 g,10.75,18.25,2
epipelagic,10^1 g,10.75,19.25,15
epipelagic,10^1 g,10.75,19.75,29
epipelagic,10^1 g,10.75,20.25,23
epipelagic,10^1 g,10.75,20.75,8
epipelagic,10^1 g,10.75,21.25,21
epipelagic,10^1 g,10.75,21.75,54
epipelagic,10^1 g,10.75,22.25,3
epipelagic,10^1 g,11.25,0.75,2
epipelagic,10^1 g,11.25,1.25,2
epipelagic,10^1 g,11.25,4.25,1
epipelagic,10^1 g,11.25,6.25,1
epipelagic,10^1 g,11.25,9.25,1
epipelagic,10^1 g,11.25,10.25,1
epipelagic,10^1 g,11.25,14.25,3
epipelagic,10^1 g,11.25,14.75,2
epipelagic,10^1 g,11.25,15.75,3
epipelagic,10^1 g,11.25,16.25,5
epipelagic,10^1 g,11.25,16.75,26
epipelagic,10^1 g,11.25,17.25,12
epipelagic,10^1 g,11.25,17.75,4
epipelagic,10^1 g,11.25,18.25,46
epipelagic,10^1 g,11.25,18.75,22
epipelagic,10^1 g,11.25,19.25,3
epipelagic,10^1 g,11.25,19.75,18
epipelagic,10^1 g,11.25,20.25,19
epipelagic,10^1 g,11.25,20.75,7
epipelagic,10^1 g,11.25,21.25,7
epipelagic,10^1 g,11.25,21.75,47
epipelagic,10^1 g,11.25,22.25,3
epipelagic,10^1 g,11.75,0.25,1
epipelagic,10^1 g,11.75,1.75,2
epipelagic,10^1 g,11.75,2.25,1
epipelagic,10^1 g,11.75,5.25,1
epipelagic,10^1 g,11.75,6.25,2
epipelagic,10^1 g,11.75,9.25,1
epipelagic,10^1 g,11.75,9.75,1
epipelagic,10^1 g,11.75,12.75,7
epipelagic,10^1 g,11.75,13.25,3
epipelagic,10^1 g,11.75,13.75,2
epipelagic,10^1 g,11.75,14.75,1
epipelagic,10^1 g,11.75,16.25,2
epipelagic,10^1 g,11.75,16.75,1
epipelagic,10^1 g,11.75,17.25,15
epipelagic,10^1 g,11.75,17.75,6
epipelagic,10^1 g,11.75,18.75,8
epipelagic,10^1 g,11.75,19.25,29
epipelagic,10^1 g,11.75,19.75,1
epipelagic,10^1 g,11.75,20.25,13
epipelagic,10^1 g,11.75,20.75,4
epipelagic,10^1 g,11.75,21.25,9
epipelagic,10^1 g,11.75,21.75,49
epipelagic,10^1 g,11.75,22.25,4
epipelagic,10^1 g,12.25,1.25,1
epipelagic,10^1 g,12.25,6.25,1
epipelagic,10^1 g,12.25,7.25,1
epipelagic,10^1 g,12.25,7.75,1
epipelagic,10^1 g,12.25,8.25,1
epipelagic,10^1 g,12.25,9.75,1
epipelagic,10^1 g,12.25,11.25,1
epipelagic,10^1 g,12.25,11.75,1
epipelagic,10^1 g,12.25,13.25,1
epipelagic,10^1 g,12.25,14.75,2
epipelagic,10^1 g,12.25,15.75,3
epipelagic,10^1 g,12.25,16.25,2
epipelagic,10^1 g,12.25,16.75,4
epipelagic,10^1 g,12.25,17.25,4
epipelagic,10^1 g,12.25,17.75,1
epipelagic,10^1 g,12.25,18.25,2
epipelagic,10^1 g,12.25,19.25,3
epipelagic,10^1 g,12.25,19.75,3
epipelagic,10^1 g,12.25,20.25,3
epipelagic,10^1 g,12.25,20.75,1
epipelagic,10^1 g,12.25,21.25,22
epipelagic,10^1 g,12.25,21.75,18
epipelagic,10^1 g,12.25,22.25,26
epipelagic,10^1 g,12.75,5.75,1
epipelagic,10^1 g,12.75,8.25,1
epipelagic,10^1 g,12.75,9.25,1
epipelagic,10^1 g,12.75,13.75,1
epipelagic,10^1 g,12.75,14.25,2
epipelagic,10^1 g,12.75,15.25,6
epipelagic,10^1 g,12.75,15.75,1
epipelagic,10^1 g,12.75,16.25,3
epipelagic,10^1 g,12.75,16.75,11
epipelagic,10^1 g,12.75,17.25,1
epipelagic,10^1 g,12.75,17.75,2
epipelagic,10^1 g,12.75,18.25,3
epipelagic,10^1 g,12.75,18.75,1
epipelagic,10^1 g,12.75,19.25,3
epipelagic,10^1 g,12.75,19.75,5
epipelagic,10^1 g,12.75,20.25,19
epipelagic,10^1 g,12.75,20.75,1
epipelagic,10^1 g,12.75,21.25,3
epipelagic,10^1 g,12.75,21.75,9
epipelagic,10^1 g,12.75,22.25,84
epipelagic,10^1 g,13.25,7.25,1
epipelagic,10^1 g,13.25,9.75,1
epipelagic,10^1 g,13.25,11.25,4
epipelagic,10^1 g,13.25,12.75,1
epipelagic,10^1 g,13.25,15.25,8
epipelagic,10^1 g,13.25,15.75,14
epipelagic,10^1 g,13.25,16.25,26
epipelagic,10^1 g,13.25,16.75,4
epipelagic,10^1 g,13.25,17.25,58
epipelagic,10^1 g,13.25,17.75,64
epipelagic,10^1 g,13.25,18.25,5
epipelagic,10^1 g,13.25,18.75,8
epipelagic,10^1 g,13.25,19.25,49
epipelagic,10^1 g,13.25,19.75,5
epipelagic,10^1 g,13.25,20.25,4
epipelagic,10^1 g,13.25,20.75,2
epipelagic,10^1 g,13.25,21.25,1
epipelagic,10^1 g,13.25,21.75,2
epipelagic,10^1 g,13.25,22.25,4
epipelagic,10^1 g,13.75,9.75,2
epipelagic,10^1 g,13.75,13.75,1
epipelagic,10^1 g,13.75,15.25,2
epipelagic,10^1 g,13.75,15.75,3
epipelagic,10^1 g,13.75,16.25,4
epipelagic,10^1 g,13.75,16.75,6
epipelagic,10^1 g,13.75,17.25,1
epipelagic,10^1 g,13.75,17.75,46
epipelagic,10^1 g,13.75,18.25,4
epipelagic,10^1 g,13.75,18.75,6
epipelagic,10^1 g,13.75,19.25,30
epipelagic,10^1 g,13.75,19.75,7
epipelagic,10^1 g,13.75,20.25,5
epipelagic,10^1 g,13.75,20.75,7
epipelagic,10^1 g,13.75,21.25,5
epipelagic,10^1 g,13.75,21.75,14
epipelagic,10^1 g,13.75,22.25,31
epipelagic,10^1 g,14.25,3.75,1
epipelagic,10^1 g,14.25,10.25,6
epipelagic,10^1 g,14.25,12.75,1
epipelagic,10^1 g,14.25,14.75,2
epipelagic,10^1 g,14.25,15.75,1
epipelagic,10^1 g,14.25,16.25,1
epipelagic,10^1 g,14.25,16.75,1
epipelagic,10^1 g,14.25,17.25,1
epipelagic,10^1 g,14.25,17.75,1
epipelagic,10^1 g,14.25,18.25,5
epipelagic,10^1 g,14.25,18.75,2
epipelagic,10^1 g,14.25,19.25,2
epipelagic,10^1 g,14.25,19.75,3
epipelagic,10^1 g,14.25,20.25,9
epipelagic,10^1 g,14.25,20.75,35
epipelagic,10^1 g,14.25,21.25,6
epipelagic,10^1 g,14.25,21.75,17
epipelagic,10^1 g,14.25,22.25,13
epipelagic,10^1 g,14.75,6.25,1
epipelagic,10^1 g,14.75,7.75,1
epipelagic,10^1 g,14.75,10.25,2
epipelagic,10^1 g,14.75,11.25,2
epipelagic,10^1 g,14.75,15.25,1
epipelagic,10^1 g,14.75,17.25,3
epipelagic,10^1 g,14.75,18.25,2
epipelagic,10^1 g,14.75,18.75,9
epipelagic,10^1 g,14.75,19.25,8
epipelagic,10^1 g,14.75,19.75,14
epipelagic,10^1 g,14.75,20.25,7
epipelagic,10^1 g,14.75,20.75,16
epipelagic,10^1 g,14.75,21.25,50
epipelagic,10^1 g,14.75,21.75,19
epipelagic,10^1 g,14.75,22.25,2
epipelagic,10^1 g,15.25,10.75,2
epipelagic,10^1 g,15.25,12.75,1
epipelagic,10^1 g,15.25,15.75,3
epipelagic,10^1 g,15.25,16.75,3
epipelagic,10^1 g,15.25,17.25,3
epipelagic,10^1 g,15.25,17.75,2
epipelagic,10^1 g,15.25,18.25,1
epipelagic,10^1 g,15.25,18.75,1
epipelagic,10^1 g,15.25,19.25,1
epipelagic,10^1 g,15.25,19.75,2
epipelagic,10^1 g,15.25,20.75,8
epipelagic,10^1 g,15.25,21.25,21
epipelagic,10^1 g,15.25,21.75,48
epipelagic,10^1 g,15.25,22.25,6
epipelagic,10^1 g,15.25,22.75,4
epipelagic,10^1 g,15.75,4.25,1
epipelagic,10^1 g,15.75,5.25,1
epipelagic,10^1 g,15.75,5.75,3
epipelagic,10^1 g,15.75,6.25,1
epipelagic,10^1 g,15.75,8.75,3
epipelagic,10^1 g,15.75,9.75,1
epipelagic,10^1 g,15.75,10.75,1
epipelagic,10^1 g,15.75,11.75,2
epipelagic,10^1 g,15.75,12.75,1
epipelagic,10^1 g,15.75,13.75,2
epipelagic,10^1 g,15.75,15.75,2
epipelagic,10^1 g,15.75,16.25,8
epipelagic,10^1 g,15.75,17.25,1
epipelagic,10^1 g,15.75,18.25,1
epipelagic,10^1 g,15.75,18.75,1
epipelagic,10^1 g,15.75,19.25,2
epipelagic,10^1 g,15.75,19.75,1
epipelagic,10^1 g,15.75,20.25,1
epipelagic,10^1 g,15.75,21.25,9
epipelagic,10^1 g,15.75,21.75,1
epipelagic,10^1 g,15.75,22.25,1
epipelagic,10^1 g,16.25,8.75,1
epipelagic,10^1 g,16.25,10.25,2
epipelagic,10^1 g,16.25,11.75,2
epipelagic,10^1 g,16.25,12.25,5
epipelagic,10^1 g,16.25,13.75,1
epipelagic,10^1 g,16.25,14.25,1
epipelagic,10^1 g,16.25,15.25,1
epipelagic,10^1 g,16.25,15.75,1
epipelagic,10^1 g,16.25,17.25,2
epipelagic,10^1 g,16.25,17.75,3
epipelagic,10^1 g,16.25,19.25,2
epipelagic,10^1 g,16.25,19.75,1
epipelagic,10^1 g,16.25,20.25,2
epipelagic,10^1 g,16.25,20.75,2
epipelagic,10^1 g,16.25,21.25,5
epipelagic,10^1 g,16.25,21.75,13
epipelagic,10^1 g,16.25,22.25,2
epipelagic,10^1 g,16.25,22.75,3
epipelagic,10^1 g,16.75,6.75,1
epipelagic,10^1 g,16.75,9.75,2
epipelagic,10^1 g,16.75,11.25,1
epipelagic,10^1 g,16.75,16.75,3
epipelagic,10^1 g,16.75,17.25,1
epipelagic,10^1 g,16.75,17.75,2
epipelagic,10^1 g,16.75,19.25,2
epipelagic,10^1 g,16.75,20.25,4
epipelagic,10^1 g,16.75,20.75,1
epipelagic,10^1 g,16.75,21.25,4
epipelagic,10^1 g,16.75,21.75,6
epipelagic,10^1 g,16.75,22.75,1
epipelagic,10^1 g,17.25,7.25,1
epipelagic,10^1 g,17.25,16.75,1
epipelagic,10^1 g,17.25,17.25,4
epipelagic,10^1 g,17.25,17.75,2
epipelagic,10^1 g,17.25,18.25,8
epipelagic,10^1 g,17.25,19.25,1
epipelagic,10^1 g,17.25,20.25,1
epipelagic,10^1 g,17.25,20.75,2
epipelagic,10^1 g,17.25,21.25,11
epipelagic,10^1 g,17.25,21.75,2
epipelagic,10^1 g,17.25,22.25,3
epipelagic,10^1 g,17.25,22.75,2
epipelagic,10^1 g,17.75,10.25,1
epipelagic,10^1 g,17.75,12.25,1
epipelagic,10^1 g,17.75,12.75,1
epipelagic,10^1 g,17.75,18.25,4
epipelagic,10^1 g,17.75,19.25,5
epipelagic,10^1 g,17.75,19.75,1
epipelagic,10^1 g,17.75,21.25,2
epipelagic,10^1 g,18.25,9.25,1
epipelagic,10^1 g,18.25,10.75,4
epipelagic,10^1 g,18.25,12.75,2
epipelagic,10^1 g,18.25,13.75,1
epipelagic,10^1 g,18.25,17.75,1
epipelagic,10^1 g,18.25,18.75,1
epipelagic,10^1 g,18.25,19.25,15
epipelagic,10^1 g,18.25,20.75,6
epipelagic,10^1 g,18.25,21.75,1
epipelagic,10^1 g,18.75,11.25,3
epipelagic,10^1 g,18.75,12.25,2
epipelagic,10^1 g,18.75,14.25,2
epipelagic,10^1 g,18.75,17.75,1
epipelagic,10^1 g,18.75,18.25,5
epipelagic,10^1 g,18.75,18.75,2
epipelagic,10^1 g,18.75,19.25,3
epipelagic,10^1 g,18.75,19.75,6
epipelagic,10^1 g,18.75,20.25,4
epipelagic,10^1 g,18.75,20.75,1
epipelagic,10^1 g,18.75,21.25,6
epipelagic,10^1 g,18.75,21.75,4
epipelagic,10^1 g,19.25,13.25,2
epipelagic,10^1 g,19.25,14.25,6
epipelagic,10^1 g,19.25,14.75,2
epipelagic,10^1 g,19.25,18.25,6
epipelagic,10^1 g,19.25,18.75,1
epipelagic,10^1 g,19.25,19.75,8
epipelagic,10^1 g,19.25,22.25,3
epipelagic,10^1 g,19.75,11.75,1
epipelagic,10^1 g,19.75,15.75,2
epipelagic,10^1 g,19.75,18.75,3
epipelagic,10^1 g,19.75,19.25,5
epipelagic,10^1 g,19.75,20.75,13
epipelagic,10^1 g,19.75,22.25,5
epipelagic,10^1 g,19.75,22.75,10
epipelagic,10^1 g,20.25,11.75,7
epipelagic,10^1 g,20.25,12.25,4
epipelagic,10^1 g,20.25,12.75,6
epipelagic,10^1 g,20.25,14.75,1
epipelagic,10^1 g,20.25,15.75,2
epipelagic,10^1 g,20.25,17.75,1
epipelagic,10^1 g,20.25,19.25,3
epipelagic,10^1 g,20.25,20.25,1
epipelagic,10^1 g,20.25,20.75,6
epipelagic,10^1 g,20.25,21.25,9
epipelagic,10^1 g,20.25,22.25,2
epipelagic,10^1 g,20.25,22.75,13
epipelagic,10^1 g,20.75,13.75,2
epipelagic,10^1 g,20.75,14.25,1
epipelagic,10^1 g,20.75,18.75,2
epipelagic,10^1 g,20.75,20.25,3
epipelagic,10^1 g,20.75,20.75,5
epipelagic,10^1 g,20.75,21.25,5
epipelagic,10^1 g,20.75,21.75,3
epipelagic,10^1 g,20.75,22.75,18
epipelagic,10^1 g,21.25,15.75,1
epipelagic,10^1 g,21.25,20.25,5
epipelagic,10^1 g,21.25,20.75,2
epipelagic,10^1 g,21.25,21.25,1
epipelagic,10^1 g,21.25,21.75,17
epipelagic,10^1 g,21.25,22.25,2
epipelagic,10^1 g,21.25,22.75,4
epipelagic,10^1 g,21.75,13.75,13
epipelagic,10^1 g,21.75,14.25,6
epipelagic,10^1 g,21.75,17.25,1
epipelagic,10^1 g,21.75,19.75,1
epipelagic,10^1 g,21.75,20.75,5
epipelagic,10^1 g,21.75,21.25,8
epipelagic,10^1 g,21.75,21.75,22
epipelagic,10^1 g,21.75,22.25,3
epipelagic,10^1 g,22.25,13.75,5
epipelagic,10^1 g,22.25,15.75,4
epipelagic,10^1 g,22.25,18.75,3
epipelagic,10^1 g,22.25,19.75,4
epipelagic,10^1 g,22.25,20.25,2
epipelagic,10^1 g,22.25,20.75,6
epipelagic,10^1 g,22.25,21.75,5
epipelagic,10^1 g,22.25,22.25,1
epipelagic,10^1 g,22.75,10.25,3
epipelagic,10^1 g,22.75,16.75,1
epipelagic,10^1 g,22.75,17.75,4
epipelagic,10^1 g,22.75,19.25,2
epipelagic,10^1 g,22.75,19.75,1
epipelagic,10^1 g,22.75,20.75,15
epipelagic,10^1 g,22.75,21.75,1
epipelagic,10^1 g,22.75,22.25,5
epipelagic,10^1 g,23.25,9.75,2
epipelagic,10^1 g,23.25,11.75,2
epipelagic,10^1 g,23.25,14.75,1
epipelagic,10^1 g,23.25,16.25,3
epipelagic,10^1 g,23.25,17.25,1
epipelagic,10^1 g,23.25,19.25,5
epipelagic,10^1 g,23.25,20.25,2
epipelagic,10^1 g,23.25,21.25,68
epipelagic,10^1 g,23.25,21.75,8
epipelagic,10^1 g,23.25,22.25,4
epipelagic,10^1 g,23.25,22.75,12
epipelagic,10^1 g,23.75,16.25,2
epipelagic,10^1 g,23.75,18.75,1
epipelagic,10^1 g,23.75,19.25,1
epipelagic,10^1 g,23.75,19.75,1
epipelagic,10^1 g,23.75,20.25,3
epipelagic,10^1 g,23.75,20.75,1
epipelagic,10^1 g,23.75,21.75,1
epipelagic,10^1 g,23.75,22.25,22
epipelagic,10^1 g,23.75,22.75,9
epipelagic,10^1 g,24.25,10.25,3
epipelagic,10^1 g,24.25,14.75,1
epipelagic,10^1 g,24.25,17.25,4
epipelagic,10^1 g,24.25,17.75,5
epipelagic,10^1 g,24.25,18.25,3
epipelagic,10^1 g,24.25,19.25,1
epipelagic,10^1 g,24.25,20.25,1
epipelagic,10^1 g,24.25,20.75,5
epipelagic,10^1 g,24.25,21.25,63
epipelagic,10^1 g,24.25,21.75,24
epipelagic,10^1 g,24.25,22.25,3
epipelagic,10^1 g,24.75,12.25,1
epipelagic,10^1 g,24.75,16.25,1
epipelagic,10^1 g,24.75,16.75,1
epipelagic,10^1 g,24.75,17.75,3
epipelagic,10^1 g,24.75,18.25,3
epipelagic,10^1 g,24.75,18.75,3
epipelagic,10^1 g,24.75,19.25,2
epipelagic,10^1 g,24.75,19.75,10
epipelagic,10^1 g,24.75,20.25,2
epipelagic,10^1 g,24.75,20.75,507
epipelagic,10^1 g,24.75,21.25,3
epipelagic,10^1 g,24.75,21.75,21
epipelagic,10^1 g,25.25,9.25,1
epipelagic,10^1 g,25.25,12.75,1
epipelagic,10^1 g,25.25,17.25,2
epipelagic,10^1 g,25.25,17.75,1
epipelagic,10^1 g,25.25,18.25,2
epipelagic,10^1 g,25.25,19.25,1
epipelagic,10^1 g,25.25,19.75,3
epipelagic,10^1 g,25.25,20.25,1
epipelagic,10^1 g,25.25,20.75,369
epipelagic,10^1 g,25.25,21.25,21
epipelagic,10^1 g,25.25,21.75,41
epipelagic,10^1 g,25.25,22.25,2
epipelagic,10^1 g,25.75,17.25,1
epipelagic,10^1 g,25.75,19.25,3
epipelagic,10^1 g,25.75,19.75,3
epipelagic,10^1 g,25.75,20.25,4
epipelagic,10^1 g,25.75,20.75,3
epipelagic,10^1 g,25.75,21.25,13
epipelagic,10^1 g,25.75,21.75,5
epipelagic,10^1 g,25.75,22.25,1
epipelagic,10^1 g,26.25,14.25,1
epipelagic,10^1 g,26.25,16.75,1
epipelagic,10^1 g,26.25,19.25,1
epipelagic,10^1 g,26.25,19.75,1
epipelagic,10^1 g,26.25,20.25,1
epipelagic,10^1 g,26.25,20.75,4
epipelagic,10^1 g,26.25,21.25,71
epipelagic,10^1 g,26.25,21.75,5
epipelagic,10^1 g,26.25,22.25,1
epipelagic,10^1 g,26.75,17.75,1
epipelagic,10^1 g,26.75,18.25,3
epipelagic,10^1 g,26.75,20.25,1
epipelagic,10^1 g,26.75,20.75,9
epipelagic,10^1 g,26.75,21.25,46
epipelagic,10^1 g,26.75,21.75,6
epipelagic,10^1 g,26.75,22.25,2
epipelagic,10^1 g,27.25,16.25,2
epipelagic,10^1 g,27.25,16.75,1
epipelagic,10^1 g,27.25,17.75,4
epipelagic,10^1 g,27.25,18.25,1
epipelagic,10^1 g,27.25,18.75,2
epipelagic,10^1 g,27.25,19.25,13
epipelagic,10^1 g,27.25,19.75,2
epipelagic,10^1 g,27.25,20.25,4
epipelagic,10^1 g,27.25,20.75,10
epipelagic,10^1 g,27.25,21.25,58
epipelagic,10^1 g,27.25,21.75,20
epipelagic,10^1 g,27.75,12.75,1
epipelagic,10^1 g,27.75,14.25,1
epipelagic,10^1 g,27.75,16.25,3
epipelagic,10^1 g,27.75,17.75,2
epipelagic,10^1 g,27.75,18.25,3
epipelagic,10^1 g,27.75,19.25,3
epipelagic,10^1 g,27.75,19.75,125
epipelagic,10^1 g,27.75,20.25,2
epipelagic,10^1 g,27.75,20.75,30
epipelagic,10^1 g,27.75,21.25,3
epipelagic,10^1 g,27.75,21.75,14
epipelagic,10^1 g,28.25,18.25,3
epipelagic,10^1 g,28.25,18.75,1
epipelagic,10^1 g,28.25,19.75,1
epipelagic,10^1 g,28.25,20.25,51
epipelagic,10^1 g,28.25,20.75,3
epipelagic,10^1 g,28.25,21.25,22
epipelagic,10^1 g,28.25,21.75,4
epipelagic,10^1 g,28.75,20.25,1
epipelagic,10^1 g,28.75,20.75,5
epipelagic,10^1 g,28.75,21.25,12
epipelagic,10^1 g,28.75,21.75,2
epipelagic,10^1 g,29.25,21.25,6
epipelagic,10^1 g,29.25,21.75,11
epipelagic,10^1 g,29.75,21.75,1
epipelagic,10^2 g,0.25,12.25,1
epipelagic,10^2 g,0.25,13.25,1
epipelagic,10^2 g,0.25,13.75,2
epipelagic,10^2 g,0.25,14.75,11
epipelagic,10^2 g,0.25,15.25,47
epipelagic,10^2 g,0.25,15.75,407
epipelagic,10^2 g,0.25,16.25,145
epipelagic,10^2 g,0.25,16.75,448
epipelagic,10^2 g,0.25,17.25,384
epipelagic,10^2 g,0.25,17.75,591
epipelagic,10^2 g,0.25,18.25,310
epipelagic,10^2 g,0.25,18.75,1233
epipelagic,10^2 g,0.25,19.25,1470
epipelagic,10^2 g,0.25,19.75,1176
epipelagic,10^2 g,0.25,20.25,809
epipelagic,10^2 g,0.25,20.75,101
epipelagic,10^2 g,0.25,21.25,11
epipelagic,10^2 g,0.25,21.75,3
epipelagic,10^2 g,0.25,22.25,4
epipelagic,10^2 g,0.75,11.75,1
epipelagic,10^2 g,0.75,12.75,15
epipelagic,10^2 g,0.75,13.25,118
epipelagic,10^2 g,0.75,13.75,25
epipelagic,10^2 g,0.75,14.25,1
epipelagic,10^2 g,0.75,14.75,2
epipelagic,10^2 g,0.75,15.25,5
epipelagic,10^2 g,0.75,16.25,2
epipelagic,10^2 g,0.75,16.75,12
epipelagic,10^2 g,0.75,17.25,6
epipelagic,10^2 g,0.75,17.75,68
epipelagic,10^2 g,0.75,18.25,122
epipelagic,10^2 g,0.75,18.75,168
epipelagic,10^2 g,0.75,19.25,175
epipelagic,10^2 g,0.75,19.75,131
epipelagic,10^2 g,0.75,20.25,68
epipelagic,10^2 g,0.75,20.75,18
epipelagic,10^2 g,0.75,21.25,5
epipelagic,10^2 g,0.75,21.75,2
epipelagic,10^2 g,0.75,24.25,1
epipelagic,10^2 g,1.25,11.75,1
epipelagic,10^2 g,1.25,12.25,1
epipelagic,10^2 g,1.25,12.75,4
epipelagic,10^2 g,1.25,13.25,5
epipelagic,10^2 g,1.25,16.75,5
epipelagic,10^2 g,1.25,17.75,29
epipelagic,10^2 g,1.25,18.25,27
epipelagic,10^2 g,1.25,18.75,77
epipelagic,10^2 g,1.25,19.25,182
epipelagic,10^2 g,1.25,19.75,163
epipelagic,10^2 g,1.25,20.25,79
epipelagic,10^2 g,1.25,20.75,10
epipelagic,10^2 g,1.25,21.25,2
epipelagic,10^2 g,1.25,21.75,2
epipelagic,10^2 g,1.25,22.25,4
epipelagic,10^2 g,1.25,22.75,13
epipelagic,10^2 g,1.75,6.75,1
epipelagic,10^2 g,1.75,9.25,2
epipelagic,10^2 g,1.75,9.75,1
epipelagic,10^2 g,1.75,10.75,4
epipelagic,10^2 g,1.75,11.25,1
epipelagic,10^2 g,1.75,12.25,3
epipelagic,10^2 g,1.75,12.75,6
epipelagic,10^2 g,1.75,13.25,6
epipelagic,10^2 g,1.75,17.25,12
epipelagic,10^2 g,1.75,17.75,27
epipelagic,10^2 g,1.75,18.25,12
epipelagic,10^2 g,1.75,18.75,69
epipelagic,10^2 g,1.75,19.25,111
epipelagic,10^2 g,1.75,19.75,65
epipelagic,10^2 g,1.75,20.25,136
epipelagic,10^2 g,1.75,20.75,42
epipelagic,10^2 g,1.75,21.25,7
epipelagic,10^2 g,1.75,21.75,3
epipelagic,10^2 g,1.75,22.25,1
epipelagic,10^2 g,2.25,11.25,1
epipelagic,10^2 g,2.25,12.25,1
epipelagic,10^2 g,2.25,13.25,1
epipelagic,10^2 g,2.25,15.25,1
epipelagic,10^2 g,2.25,15.75,1
epipelagic,10^2 g,2.25,17.25,6
epipelagic,10^2 g,2.25,17.75,18
epipelagic,10^2 g,2.25,18.25,54
epipelagic,10^2 g,2.25,18.75,91
epipelagic,10^2 g,2.25,19.25,49
epipelagic,10^2 g,2.25,19.75,54
epipelagic,10^2 g,2.25,20.25,140
epipelagic,10^2 g,2.25,20.75,7
epipelagic,10^2 g,2.25,21.25,5
epipelagic,10^2 g,2.25,21.75,2
epipelagic,10^2 g,2.75,4.75,1
epipelagic,10^2 g,2.75,6.75,6
epipelagic,10^2 g,2.75,7.25,1
epipelagic,10^2 g,2.75,8.25,1
epipelagic,10^2 g,2.75,10.75,1
epipelagic,10^2 g,2.75,11.75,2
epipelagic,10^2 g,2.75,12.25,2
epipelagic,10^2 g,2.75,12.75,3
epipelagic,10^2 g,2.75,13.25,6
epipelagic,10^2 g,2.75,13.75,3
epipelagic,10^2 g,2.75,14.75,2
epipelagic,10^2 g,2.75,16.25,9
epipelagic,10^2 g,2.75,17.75,38
epipelagic,10^2 g,2.75,18.25,16
epipelagic,10^2 g,2.75,18.75,173
epipelagic,10^2 g,2.75,19.25,113
epipelagic,10^2 g,2.75,19.75,35
epipelagic,10^2 g,2.75,20.25,139
epipelagic,10^2 g,2.75,20.75,11
epipelagic,10^2 g,2.75,21.25,2
epipelagic,10^2 g,2.75,21.75,4
epipelagic,10^2 g,3.25,3.75,2
epipelagic,10^2 g,3.25,4.25,5
epipelagic,10^2 g,3.25,4.75,3
epipelagic,10^2 g,3.25,5.25,2
epipelagic,10^2 g,3.25,5.75,3
epipelagic,10^2 g,3.25,6.75,1
epipelagic,10^2 g,3.25,7.25,1
epipelagic,10^2 g,3.25,7.75,2
epipelagic,10^2 g,3.25,8.75,1
epipelagic,10^2 g,3.25,11.75,21
epipelagic,10^2 g,3.25,12.25,1
epipelagic,10^2 g,3.25,12.75,4
epipelagic,10^2 g,3.25,13.25,4
epipelagic,10^2 g,3.25,13.75,3
epipelagic,10^2 g,3.25,14.25,26
epipelagic,10^2 g,3.25,14.75,3
epipelagic,10^2 g,3.25,15.25,1
epipelagic,10^2 g,3.25,15.75,45
epipelagic,10^2 g,3.25,16.25,12
epipelagic,10^2 g,3.25,16.75,13
epipelagic,10^2 g,3.25,17.25,17
epipelagic,10^2 g,3.25,17.75,23
epipelagic,10^2 g,3.25,18.25,45
epipelagic,10^2 g,3.25,18.75,184
epipelagic,10^2 g,3.25,19.25,436
epipelagic,10^2 g,3.25,19.75,124
epipelagic,10^2 g,3.25,20.25,150
epipelagic,10^2 g,3.25,20.75,29
epipelagic,10^2 g,3.25,21.25,24
epipelagic,10^2 g,3.25,21.75,48
epipelagic,10^2 g,3.25,22.25,1
epipelagic,10^2 g,3.75,4.75,1
epipelagic,10^2 g,3.75,5.25,1
epipelagic,10^2 g,3.75,6.25,1
epipelagic,10^2 g,3.75,7.25,2
epipelagic,10^2 g,3.75,8.75,101
epipelagic,10^2 g,3.75,9.75,3
epipelagic,10^2 g,3.75,10.75,2
epipelagic,10^2 g,3.75,11.25,36
epipelagic,10^2 g,3.75,11.75,1
epipelagic,10^2 g,3.75,12.25,1
epipelagic,10^2 g,3.75,12.75,1
epipelagic,10^2 g,3.75,13.25,107
epipelagic,10^2 g,3.75,13.75,3
epipelagic,10^2 g,3.75,14.75,1
epipelagic,10^2 g,3.75,15.25,4
epipelagic,10^2 g,3.75,15.75,94
epipelagic,10^2 g,3.75,16.25,5
epipelagic,10^2 g,3.75,16.75,20
epipelagic,10^2 g,3.75,17.25,30
epipelagic,10^2 g,3.75,17.75,33
epipelagic,10^2 g,3.75,18.25,13
epipelagic,10^2 g,3.75,18.75,11
epipelagic,10^2 g,3.75,19.25,94
epipelagic,10^2 g,3.75,19.75,45
epipelagic,10^2 g,3.75,20.25,49
epipelagic,10^2 g,3.75,20.75,73
epipelagic,10^2 g,3.75,21.25,26
epipelagic,10^2 g,3.75,21.75,147
epipelagic,10^2 g,3.75,22.25,8
epipelagic,10^2 g,4.25,4.75,20
epipelagic,10^2 g,4.25,6.25,1
epipelagic,10^2 g,4.25,6.75,1
epipelagic,10^2 g,4.25,8.25,1
epipelagic,10^2 g,4.25,10.25,1
epipelagic,10^2 g,4.25,10.75,1
epipelagic,10^2 g,4.25,11.25,1
epipelagic,10^2 g,4.25,11.75,2
epipelagic,10^2 g,4.25,12.25,1
epipelagic,10^2 g,4.25,13.75,2
epipelagic,10^2 g,4.25,14.25,4
epipelagic,10^2 g,4.25,14.75,7
epipelagic,10^2 g,4.25,15.75,2
epipelagic,10^2 g,4.25,16.25,1
epipelagic,10^2 g,4.25,17.25,5
epipelagic,10^2 g,4.25,17.75,7
epipelagic,10^2 g,4.25,18.25,7
epipelagic,10^2 g,4.25,18.75,4
epipelagic,10^2 g,4.25,19.25,4
epipelagic,10^2 g,4.25,19.75,15
epipelagic,10^2 g,4.25,20.25,57
epipelagic,10^2 g,4.25,20.75,47
epipelagic,10^2 g,4.25,21.25,28
epipelagic,10^2 g,4.25,21.75,264
epipelagic,10^2 g,4.25,22.25,5
epipelagic,10^2 g,4.75,2.75,3
epipelagic,10^2 g,4.75,3.25,133
epipelagic,10^2 g,4.75,5.75,2
epipelagic,10^2 g,4.75,6.25,1
epipelagic,10^2 g,4.75,6.75,3
epipelagic,10^2 g,4.75,8.25,6
epipelagic,10^2 g,4.75,10.25,3
epipelagic,10^2 g,4.75,11.25,1
epipelagic,10^2 g,4.75,12.25,7
epipelagic,10^2 g,4.75,14.25,1
epipelagic,10^2 g,4.75,14.75,1
epipelagic,10^2 g,4.75,15.25,1
epipelagic,10^2 g,4.75,17.25,6
epipelagic,10^2 g,4.75,18.75,2
epipelagic,10^2 g,4.75,19.25,10
epipelagic,10^2 g,4.75,19.75,3
epipelagic,10^2 g,4.75,20.25,109
epipelagic,10^2 g,4.75,20.75,28
epipelagic,10^2 g,4.75,21.25,199
epipelagic,10^2 g,4.75,21.75,410
epipelagic,10^2 g,4.75,22.25,9
epipelagic,10^2 g,4.75,22.75,1
epipelagic,10^2 g,5.25,1.75,1
epipelagic,10^2 g,5.25,2.25,2
epipelagic,10^2 g,5.25,3.25,1
epipelagic,10^2 g,5.25,4.25,91
epipelagic,10^2 g,5.25,4.75,130
epipelagic,10^2 g,5.25,5.25,17
epipelagic,10^2 g,5.25,5.75,2
epipelagic,10^2 g,5.25,6.25,1
epipelagic,10^2 g,5.25,6.75,1
epipelagic,10^2 g,5.25,7.25,1
epipelagic,10^2 g,5.25,7.75,1
epipelagic,10^2 g,5.25,8.25,1
epipelagic,10^2 g,5.25,9.25,1
epipelagic,10^2 g,5.25,9.75,2
epipelagic,10^2 g,5.25,10.75,6
epipelagic,10^2 g,5.25,11.25,8
epipelagic,10^2 g,5.25,11.75,3
epipelagic,10^2 g,5.25,12.25,2
epipelagic,10^2 g,5.25,12.75,2
epipelagic,10^2 g,5.25,13.75,248
epipelagic,10^2 g,5.25,15.25,71
epipelagic,10^2 g,5.25,15.75,2
epipelagic,10^2 g,5.25,16.25,2
epipelagic,10^2 g,5.25,16.75,4
epipelagic,10^2 g,5.25,17.75,1
epipelagic,10^2 g,5.25,18.25,1
epipelagic,10^2 g,5.25,18.75,1
epipelagic,10^2 g,5.25,19.25,22
epipelagic,10^2 g,5.25,19.75,2
epipelagic,10^2 g,5.25,20.25,33
epipelagic,10^2 g,5.25,20.75,38
epipelagic,10^2 g,5.25,21.25,266
epipelagic,10^2 g,5.25,21.75,249
epipelagic,10^2 g,5.25,22.25,12
epipelagic,10^2 g,5.25,22.75,4
epipelagic,10^2 g,5.75,2.25,167
epipelagic,10^2 g,5.75,4.75,2
epipelagic,10^2 g,5.75,5.25,2
epipelagic,10^2 g,5.75,6.75,1
epipelagic,10^2 g,5.75,7.75,1
epipelagic,10^2 g,5.75,8.25,4
epipelagic,10^2 g,5.75,8.75,8
epipelagic,10^2 g,5.75,10.25,1
epipelagic,10^2 g,5.75,10.75,9
epipelagic,10^2 g,5.75,11.25,4
epipelagic,10^2 g,5.75,11.75,2
epipelagic,10^2 g,5.75,12.25,40
epipelagic,10^2 g,5.75,12.75,3
epipelagic,10^2 g,5.75,13.25,2
epipelagic,10^2 g,5.75,13.75,2
epipelagic,10^2 g,5.75,14.25,2
epipelagic,10^2 g,5.75,14.75,3
epipelagic,10^2 g,5.75,15.75,3
epipelagic,10^2 g,5.75,16.25,2
epipelagic,10^2 g,5.75,16.75,3
epipelagic,10^2 g,5.75,17.75,1
epipelagic,10^2 g,5.75,18.25,1
epipelagic,10^2 g,5.75,18.75,1
epipelagic,10^2 g,5.75,19.25,3
epipelagic,10^2 g,5.75,20.25,25
epipelagic,10^2 g,5.75,20.75,114
epipelagic,10^2 g,5.75,21.25,35
epipelagic,10^2 g,5.75,21.75,760
epipelagic,10^2 g,5.75,22.25,83
epipelagic,10^2 g,6.25,5.25,2
epipelagic,10^2 g,6.25,7.25,5
epipelagic,10^2 g,6.25,8.25,1
epipelagic,10^2 g,6.25,9.75,2
epipelagic,10^2 g,6.25,12.25,4
epipelagic,10^2 g,6.25,13.25,6
epipelagic,10^2 g,6.25,13.75,7
epipelagic,10^2 g,6.25,15.25,1
epipelagic,10^2 g,6.25,16.25,3
epipelagic,10^2 g,6.25,16.75,2
epipelagic,10^2 g,6.25,17.75,1
epipelagic,10^2 g,6.25,19.25,2
epipelagic,10^2 g,6.25,19.75,9
epipelagic,10^2 g,6.25,20.25,90
epipelagic,10^2 g,6.25,20.75,452
epipelagic,10^2 g,6.25,21.25,26
epipelagic,10^2 g,6.25,21.75,93
epipelagic,10^2 g,6.25,22.25,13
epipelagic,10^2 g,6.75,2.75,1
epipelagic,10^2 g,6.75,4.25,2
epipelagic,10^2 g,6.75,7.25,1
epipelagic,10^2 g,6.75,9.25,4
epipelagic,10^2 g,6.75,14.25,5
epipelagic,10^2 g,6.75,14.75,2
epipelagic,10^2 g,6.75,15.25,1
epipelagic,10^2 g,6.75,15.75,1
epipelagic,10^2 g,6.75,16.25,1
epipelagic,10^2 g,6.75,17.75,1
epipelagic,10^2 g,6.75,18.25,4
epipelagic,10^2 g,6.75,18.75,2
epipelagic,10^2 g,6.75,19.25,159
epipelagic,10^2 g,6.75,19.75,58
epipelagic,10^2 g,6.75,20.25,75
epipelagic,10^2 g,6.75,20.75,686
epipelagic,10^2 g,6.75,21.25,154
epipelagic,10^2 g,6.75,21.75,396
epipelagic,10^2 g,6.75,22.25,47
epipelagic,10^2 g,7.25,3.75,1
epipelagic,10^2 g,7.25,4.75,1
epipelagic,10^2 g,7.25,6.25,1
epipelagic,10^2 g,7.25,7.25,1
epipelagic,10^2 g,7.25,8.25,3
epipelagic,10^2 g,7.25,9.25,2
epipelagic,10^2 g,7.25,13.75,5
epipelagic,10^2 g,7.25,14.25,1
epipelagic,10^2 g,7.25,14.75,2
epipelagic,10^2 g,7.25,15.25,3
epipelagic,10^2 g,7.25,17.75,18
epipelagic,10^2 g,7.25,18.25,2
epipelagic,10^2 g,7.25,18.75,75
epipelagic,10^2 g,7.25,19.25,423
epipelagic,10^2 g,7.25,19.75,906
epipelagic,10^2 g,7.25,20.25,333
epipelagic,10^2 g,7.25,20.75,81
epipelagic,10^2 g,7.25,21.25,59
epipelagic,10^2 g,7.25,21.75,227
epipelagic,10^2 g,7.25,22.25,155
epipelagic,10^2 g,7.25,22.75,8
epipelagic,10^2 g,7.75,4.75,1
epipelagic,10^2 g,7.75,5.75,1
epipelagic,10^2 g,7.75,7.25,1
epipelagic,10^2 g,7.75,8.25,5
epipelagic,10^2 g,7.75,9.25,2
epipelagic,10^2 g,7.75,9.75,1
epipelagic,10^2 g,7.75,10.25,3
epipelagic,10^2 g,7.75,13.25,3
epipelagic,10^2 g,7.75,13.75,1
epipelagic,10^2 g,7.75,14.25,5
epipelagic,10^2 g,7.75,14.75,8
epipelagic,10^2 g,7.75,15.75,4
epipelagic,10^2 g,7.75,16.75,3
epipelagic,10^2 g,7.75,17.25,28
epipelagic,10^2 g,7.75,17.75,33
epipelagic,10^2 g,7.75,18.25,19
epipelagic,10^2 g,7.75,18.75,2
epipelagic,10^2 g,7.75,19.25,104
epipelagic,10^2 g,7.75,19.75,1516
epipelagic,10^2 g,7.75,20.25,1207
epipelagic,10^2 g,7.75,20.75,424
epipelagic,10^2 g,7.75,21.25,25
epipelagic,10^2 g,7.75,21.75,59
epipelagic,10^2 g,7.75,22.25,330
epipelagic,10^2 g,7.75,22.75,562
epipelagic,10^2 g,8.25,4.25,1
epipelagic,10^2 g,8.25,5.25,2
epipelagic,10^2 g,8.25,6.75,1
epipelagic,10^2 g,8.25,8.75,1
epipelagic,10^2 g,8.25,9.25,1
epipelagic,10^2 g,8.25,11.75,4
epipelagic,10^2 g,8.25,12.75,1
epipelagic,10^2 g,8.25,13.25,2
epipelagic,10^2 g,8.25,14.75,4
epipelagic,10^2 g,8.25,15.25,1
epipelagic,10^2 g,8.25,15.75,3
epipelagic,10^2 g,8.25,16.25,2
epipelagic,10^2 g,8.25,16.75,73
epipelagic,10^2 g,8.25,17.75,16
epipelagic,10^2 g,8.25,18.25,6
epipelagic,10^2 g,8.25,18.75,5
epipelagic,10^2 g,8.25,19.25,300
epipelagic,10^2 g,8.25,19.75,1017
epipelagic,10^2 g,8.25,20.25,1569
epipelagic,10^2 g,8.25,20.75,321
epipelagic,10^2 g,8.25,21.25,629
epipelagic,10^2 g,8.25,21.75,18
epipelagic,10^2 g,8.25,22.25,2
epipelagic,10^2 g,8.25,22.75,230
epipelagic,10^2 g,8.75,4.75,4
epipelagic,10^2 g,8.75,5.75,1
epipelagic,10^2 g,8.75,8.25,2
epipelagic,10^2 g,8.75,9.25,1
epipelagic,10^2 g,8.75,10.75,1
epipelagic,10^2 g,8.75,11.25,2
epipelagic,10^2 g,8.75,12.75,1
epipelagic,10^2 g,8.75,13.75,1
epipelagic,10^2 g,8.75,14.25,2
epipelagic,10^2 g,8.75,14.75,1
epipelagic,10^2 g,8.75,15.25,4
epipelagic,10^2 g,8.75,15.75,2
epipelagic,10^2 g,8.75,16.25,6
epipelagic,10^2 g,8.75,16.75,2
epipelagic,10^2 g,8.75,17.25,83
epipelagic,10^2 g,8.75,17.75,15
epipelagic,10^2 g,8.75,18.25,5
epipelagic,10^2 g,8.75,18.75,87
epipelagic,10^2 g,8.75,19.25,393
epipelagic,10^2 g,8.75,19.75,862
epipelagic,10^2 g,8.75,20.25,1905
epipelagic,10^2 g,8.75,20.75,1083
epipelagic,10^2 g,8.75,21.25,1531
epipelagic,10^2 g,8.75,21.75,72
epipelagic,10^2 g,8.75,22.25,12
epipelagic,10^2 g,9.25,7.75,2
epipelagic,10^2 g,9.25,9.25,3
epipelagic,10^2 g,9.25,9.75,4
epipelagic,10^2 g,9.25,13.75,1
epipelagic,10^2 g,9.25,14.25,4
epipelagic,10^2 g,9.25,14.75,1
epipelagic,10^2 g,9.25,15.75,1
epipelagic,10^2 g,9.25,16.75,1
epipelagic,10^2 g,9.25,17.25,25
epipelagic,10^2 g,9.25,17.75,4
epipelagic,10^2 g,9.25,18.25,1
epipelagic,10^2 g,9.25,18.75,4
epipelagic,10^2 g,9.25,19.25,7
epipelagic,10^2 g,9.25,19.75,882
epipelagic,10^2 g,9.25,20.25,1439
epipelagic,10^2 g,9.25,20.75,893
epipelagic,10^2 g,9.25,21.25,1129
epipelagic,10^2 g,9.25,21.75,288
epipelagic,10^2 g,9.25,22.25,2153
epipelagic,10^2 g,9.75,10.25,3
epipelagic,10^2 g,9.75,12.25,1
epipelagic,10^2 g,9.75,13.75,1
epipelagic,10^2 g,9.75,14.75,1
epipelagic,10^2 g,9.75,15.25,3
epipelagic,10^2 g,9.75,15.75,1
epipelagic,10^2 g,9.75,17.25,2
epipelagic,10^2 g,9.75,17.75,12
epipelagic,10^2 g,9.75,18.75,1
epipelagic,10^2 g,9.75,19.25,34
epipelagic,10^2 g,9.75,19.75,755
epipelagic,10^2 g,9.75,20.25,1999
epipelagic,10^2 g,9.75,20.75,1252
epipelagic,10^2 g,9.75,21.25,715
epipelagic,10^2 g,9.75,21.75,895
epipelagic,10^2 g,9.75,22.25,1
epipelagic,10^2 g,9.75,22.75,376
epipelagic,10^2 g,10.25,1.25,1
epipelagic,10^2 g,10.25,1.75,2
epipelagic,10^2 g,10.25,5.75,2
epipelagic,10^2 g,10.25,7.75,1
epipelagic,10^2 g,10.25,10.25,1
epipelagic,10^2 g,10.25,13.75,1
epipelagic,10^2 g,10.25,14.25,1
epipelagic,10^2 g,10.25,14.75,4
epipelagic,10^2 g,10.25,15.75,1
epipelagic,10^2 g,10.25,17.75,2
epipelagic,10^2 g,10.25,18.25,4
epipelagic,10^2 g,10.25,19.75,3354
epipelagic,10^2 g,10.25,20.25,3175
epipelagic,10^2 g,10.25,20.75,1208
epipelagic,10^2 g,10.25,21.25,1482
epipelagic,10^2 g,10.25,21.75,265
epipelagic,10^2 g,10.25,22.25,2
epipelagic,10^2 g,10.75,2.75,1
epipelagic,10^2 g,10.75,4.25,1
epipelagic,10^2 g,10.75,4.75,2
epipelagic,10^2 g,10.75,7.25,1
epipelagic,10^2 g,10.75,7.75,2
epipelagic,10^2 g,10.75,10.75,3
epipelagic,10^2 g,10.75,11.75,1
epipelagic,10^2 g,10.75,12.25,11
epipelagic,10^2 g,10.75,15.25,4
epipelagic,10^2 g,10.75,16.25,1
epipelagic,10^2 g,10.75,16.75,4
epipelagic,10^2 g,10.75,18.25,8
epipelagic,10^2 g,10.75,18.75,1
epipelagic,10^2 g,10.75,19.25,3
epipelagic,10^2 g,10.75,19.75,601
epipelagic,10^2 g,10.75,20.25,4044
epipelagic,10^2 g,10.75,20.75,1733
epipelagic,10^2 g,10.75,21.25,1303
epipelagic,10^2 g,10.75,21.75,406
epipelagic,10^2 g,10.75,22.25,7
epipelagic,10^2 g,10.75,22.75,2
epipelagic,10^2 g,11.25,3.25,1
epipelagic,10^2 g,11.25,4.25,2
epipelagic,10^2 g,11.25,6.25,5
epipelagic,10^2 g,11.25,6.75,1
epipelagic,10^2 g,11.25,14.25,1
epipelagic,10^2 g,11.25,15.25,5
epipelagic,10^2 g,11.25,15.75,1
epipelagic,10^2 g,11.25,16.25,2
epipelagic,10^2 g,11.25,16.75,1
epipelagic,10^2 g,11.25,17.25,4
epipelagic,10^2 g,11.25,18.25,1
epipelagic,10^2 g,11.25,18.75,4
epipelagic,10^2 g,11.25,19.25,3
epipelagic,10^2 g,11.25,19.75,1
epipelagic,10^2 g,11.25,20.25,1315
epipelagic,10^2 g,11.25,20.75,564
epipelagic,10^2 g,11.25,21.25,1403
epipelagic,10^2 g,11.25,21.75,359
epipelagic,10^2 g,11.25,22.25,92
epipelagic,10^2 g,11.25,22.75,1
epipelagic,10^2 g,11.75,1.75,1
epipelagic,10^2 g,11.75,6.75,2
epipelagic,10^2 g,11.75,7.25,1
epipelagic,10^2 g,11.75,8.25,1
epipelagic,10^2 g,11.75,10.75,1
epipelagic,10^2 g,11.75,11.75,1
epipelagic,10^2 g,11.75,12.75,8
epipelagic,10^2 g,11.75,14.25,1
epipelagic,10^2 g,11.75,15.75,1
epipelagic,10^2 g,11.75,16.25,1
epipelagic,10^2 g,11.75,17.25,6
epipelagic,10^2 g,11.75,17.75,2
epipelagic,10^2 g,11.75,18.75,2
epipelagic,10^2 g,11.75,19.25,10
epipelagic,10^2 g,11.75,19.75,3
epipelagic,10^2 g,11.75,20.25,309
epipelagic,10^2 g,11.75,20.75,587
epipelagic,10^2 g,11.75,21.25,670
epipelagic,10^2 g,11.75,21.75,298
epipelagic,10^2 g,11.75,22.25,1
epipelagic,10^2 g,12.25,1.75,2
epipelagic,10^2 g,12.25,6.75,1
epipelagic,10^2 g,12.25,8.75,1
epipelagic,10^2 g,12.25,12.75,1
epipelagic,10^2 g,12.25,13.25,3
epipelagic,10^2 g,12.25,15.25,1
epipelagic,10^2 g,12.25,15.75,1
epipelagic,10^2 g,12.25,16.25,1
epipelagic,10^2 g,12.25,17.25,2
epipelagic,10^2 g,12.25,19.25,1
epipelagic,10^2 g,12.25,19.75,2
epipelagic,10^2 g,12.25,20.25,46
epipelagic,10^2 g,12.25,21.25,284
epipelagic,10^2 g,12.25,21.75,117
epipelagic,10^2 g,12.25,22.25,69
epipelagic,10^2 g,12.75,2.75,3
epipelagic,10^2 g,12.75,7.75,2
epipelagic,10^2 g,12.75,15.25,2
epipelagic,10^2 g,12.75,17.25,1
epipelagic,10^2 g,12.75,17.75,1
epipelagic,10^2 g,12.75,18.25,1
epipelagic,10^2 g,12.75,19.25,4
epipelagic,10^2 g,12.75,20.25,567
epipelagic,10^2 g,12.75,20.75,50
epipelagic,10^2 g,12.75,21.75,45
epipelagic,10^2 g,12.75,22.25,184
epipelagic,10^2 g,13.25,10.25,1
epipelagic,10^2 g,13.25,11.25,1
epipelagic,10^2 g,13.25,12.25,1
epipelagic,10^2 g,13.25,12.75,1
epipelagic,10^2 g,13.25,15.25,1
epipelagic,10^2 g,13.25,15.75,3
epipelagic,10^2 g,13.25,16.25,16
epipelagic,10^2 g,13.25,16.75,2
epipelagic,10^2 g,13.25,17.25,16
epipelagic,10^2 g,13.25,17.75,24
epipelagic,10^2 g,13.25,18.25,4
epipelagic,10^2 g,13.25,18.75,4
epipelagic,10^2 g,13.25,19.25,26
epipelagic,10^2 g,13.25,19.75,9
epipelagic,10^2 g,13.25,20.75,3
epipelagic,10^2 g,13.25,21.75,3
epipelagic,10^2 g,13.25,22.25,11
epipelagic,10^2 g,13.75,6.75,1
epipelagic,10^2 g,13.75,8.25,1
epipelagic,10^2 g,13.75,10.75,1
epipelagic,10^2 g,13.75,13.75,1
epipelagic,10^2 g,13.75,14.25,1
epipelagic,10^2 g,13.75,17.75,15
epipelagic,10^2 g,13.75,18.25,4
epipelagic,10^2 g,13.75,18.75,4
epipelagic,10^2 g,13.75,19.25,26
epipelagic,10^2 g,13.75,19.75,42
epipelagic,10^2 g,13.75,20.25,59
epipelagic,10^2 g,13.75,20.75,11
epipelagic,10^2 g,13.75,21.25,2
epipelagic,10^2 g,13.75,21.75,2
epipelagic,10^2 g,13.75,22.25,47
epipelagic,10^2 g,14.25,1.75,3
epipelagic,10^2 g,14.25,7.25,1
epipelagic,10^2 g,14.25,7.75,1
epipelagic,10^2 g,14.25,8.75,1
epipelagic,10^2 g,14.25,10.25,1
epipelagic,10^2 g,14.25,14.75,4
epipelagic,10^2 g,14.25,16.75,1
epipelagic,10^2 g,14.25,17.75,1
epipelagic,10^2 g,14.25,18.25,2
epipelagic,10^2 g,14.25,19.25,12
epipelagic,10^2 g,14.25,19.75,48
epipelagic,10^2 g,14.25,20.25,59
epipelagic,10^2 g,14.25,20.75,102
epipelagic,10^2 g,14.25,21.25,12
epipelagic,10^2 g,14.25,21.75,66
epipelagic,10^2 g,14.25,22.25,4
epipelagic,10^2 g,14.75,1.75,2
epipelagic,10^2 g,14.75,10.25,1
epipelagic,10^2 g,14.75,11.75,1
epipelagic,10^2 g,14.75,14.25,1
epipelagic,10^2 g,14.75,15.25,2
epipelagic,10^2 g,14.75,16.25,1
epipelagic,10^2 g,14.75,16.75,1
epipelagic,10^2 g,14.75,18.75,1
epipelagic,10^2 g,14.75,19.25,1
epipelagic,10^2 g,14.75,19.75,14
epipelagic,10^2 g,14.75,20.25,23
epipelagic,10^2 g,14.75,20.75,19
epipelagic,10^2 g,14.75,21.25,193
epipelagic,10^2 g,14.75,21.75,97
epipelagic,10^2 g,14.75,22.25,1
epipelagic,10^2 g,15.25,9.25,1
epipelagic,10^2 g,15.25,11.25,1
epipelagic,10^2 g,15.25,13.75,2
epipelagic,10^2 g,15.25,14.75,1
epipelagic,10^2 g,15.25,15.75,4
epipelagic,10^2 g,15.25,17.25,1
epipelagic,10^2 g,15.25,18.25,1
epipelagic,10^2 g,15.25,19.75,3
epipelagic,10^2 g,15.25,20.25,4
epipelagic,10^2 g,15.25,20.75,34
epipelagic,10^2 g,15.25,21.25,86
epipelagic,10^2 g,15.25,21.75,57
epipelagic,10^2 g,15.25,22.25,18
epipelagic,10^2 g,15.75,5.25,1
epipelagic,10^2 g,15.75,11.75,3
epipelagic,10^2 g,15.75,15.75,1
epipelagic,10^2 g,15.75,16.25,5
epipelagic,10^2 g,15.75,17.75,1
epipelagic,10^2 g,15.75,20.25,6
epipelagic,10^2 g,15.75,20.75,10
epipelagic,10^2 g,15.75,21.25,196
epipelagic,10^2 g,15.75,21.75,13
epipelagic,10^2 g,15.75,22.25,3
epipelagic,10^2 g,16.25,5.25,1
epipelagic,10^2 g,16.25,8.25,2
epipelagic,10^2 g,16.25,9.75,1
epipelagic,10^2 g,16.25,10.25,2
epipelagic,10^2 g,16.25,10.75,1
epipelagic,10^2 g,16.25,12.25,1
epipelagic,10^2 g,16.25,14.75,2
epipelagic,10^2 g,16.25,15.75,1
epipelagic,10^2 g,16.25,16.25,2
epipelagic,10^2 g,16.25,16.75,1
epipelagic,10^2 g,16.25,18.25,1
epipelagic,10^2 g,16.25,18.75,1
epipelagic,10^2 g,16.25,20.25,1
epipelagic,10^2 g,16.25,20.75,9
epipelagic,10^2 g,16.25,21.25,83
epipelagic,10^2 g,16.25,21.75,15
epipelagic,10^2 g,16.25,22.75,14
epipelagic,10^2 g,16.75,9.75,1
epipelagic,10^2 g,16.75,11.25,1
epipelagic,10^2 g,16.75,13.75,1
epipelagic,10^2 g,16.75,15.25,1
epipelagic,10^2 g,16.75,15.75,2
epipelagic,10^2 g,16.75,16.25,2
epipelagic,10^2 g,16.75,16.75,4
epipelagic,10^2 g,16.75,17.25,5
epipelagic,10^2 g,16.75,17.75,1
epipelagic,10^2 g,16.75,18.75,2
epipelagic,10^2 g,16.75,19.25,1
epipelagic,10^2 g,16.75,20.25,1
epipelagic,10^2 g,16.75,20.75,2
epipelagic,10^2 g,16.75,21.25,6
epipelagic,10^2 g,16.75,21.75,17
epipelagic,10^2 g,16.75,22.25,33
epipelagic,10^2 g,16.75,22.75,3
epipelagic,10^2 g,17.25,12.25,1
epipelagic,10^2 g,17.25,16.25,3
epipelagic,10^2 g,17.25,16.75,1
epipelagic,10^2 g,17.25,17.25,5
epipelagic,10^2 g,17.25,17.75,14
epipelagic,10^2 g,17.25,18.25,1
epipelagic,10^2 g,17.25,19.75,2
epipelagic,10^2 g,17.25,21.25,15
epipelagic,10^2 g,17.25,21.75,1
epipelagic,10^2 g,17.25,22.25,14
epipelagic,10^2 g,17.75,11.75,1
epipelagic,10^2 g,17.75,16.75,1
epipelagic,10^2 g,17.75,17.75,1
epipelagic,10^2 g,17.75,18.25,10
epipelagic,10^2 g,17.75,19.25,1
epipelagic,10^2 g,17.75,20.25,6
epipelagic,10^2 g,17.75,20.75,2
epipelagic,10^2 g,17.75,21.25,10
epipelagic,10^2 g,17.75,21.75,2
epipelagic,10^2 g,18.25,10.75,3
epipelagic,10^2 g,18.25,13.25,1
epipelagic,10^2 g,18.25,14.25,1
epipelagic,10^2 g,18.25,15.25,1
epipelagic,10^2 g,18.25,16.75,2
epipelagic,10^2 g,18.25,17.25,1
epipelagic,10^2 g,18.25,18.25,17
epipelagic,10^2 g,18.25,18.75,5
epipelagic,10^2 g,18.25,19.25,16
epipelagic,10^2 g,18.25,20.75,8
epipelagic,10^2 g,18.25,21.25,60
epipelagic,10^2 g,18.25,21.75,33
epipelagic,10^2 g,18.25,22.25,1
epipelagic,10^2 g,18.75,12.25,1
epipelagic,10^2 g,18.75,17.25,4
epipelagic,10^2 g,18.75,18.75,2
epipelagic,10^2 g,18.75,19.25,1
epipelagic,10^2 g,18.75,19.75,11
epipelagic,10^2 g,18.75,21.25,88
epipelagic,10^2 g,18.75,21.75,54
epipelagic,10^2 g,19.25,14.25,6
epipelagic,10^2 g,19.25,18.75,1
epipelagic,10^2 g,19.25,19.75,15
epipelagic,10^2 g,19.25,20.25,1
epipelagic,10^2 g,19.25,21.25,20
epipelagic,10^2 g,19.25,21.75,3
epipelagic,10^2 g,19.25,22.25,2
epipelagic,10^2 g,19.75,17.75,1
epipelagic,10^2 g,19.75,18.25,2
epipelagic,10^2 g,19.75,20.75,27
epipelagic,10^2 g,19.75,21.75,2
epipelagic,10^2 g,19.75,22.25,16
epipelagic,10^2 g,19.75,22.75,19
epipelagic,10^2 g,20.25,11.75,1
epipelagic,10^2 g,20.25,12.25,3
epipelagic,10^2 g,20.25,12.75,1
epipelagic,10^2 g,20.25,13.25,1
epipelagic,10^2 g,20.25,17.75,2
epipelagic,10^2 g,20.25,18.25,2
epipelagic,10^2 g,20.25,19.75,2
epipelagic,10^2 g,20.25,20.75,1
epipelagic,10^2 g,20.25,21.25,16
epipelagic,10^2 g,20.25,22.25,3
epipelagic,10^2 g,20.25,22.75,24
epipelagic,10^2 g,20.75,13.75,3
epipelagic,10^2 g,20.75,16.75,1
epipelagic,10^2 g,20.75,17.25,2
epipelagic,10^2 g,20.75,19.25,1
epipelagic,10^2 g,20.75,19.75,1
epipelagic,10^2 g,20.75,21.25,4
epipelagic,10^2 g,20.75,21.75,1
epipelagic,10^2 g,20.75,22.25,9
epipelagic,10^2 g,20.75,22.75,15
epipelagic,10^2 g,21.25,16.25,1
epipelagic,10^2 g,21.25,18.25,3
epipelagic,10^2 g,21.25,19.75,3
epipelagic,10^2 g,21.25,20.25,3
epipelagic,10^2 g,21.25,20.75,1
epipelagic,10^2 g,21.25,21.25,12
epipelagic,10^2 g,21.25,21.75,2
epipelagic,10^2 g,21.25,22.25,6
epipelagic,10^2 g,21.25,22.75,7
epipelagic,10^2 g,21.75,6.25,3
epipelagic,10^2 g,21.75,6.75,2
epipelagic,10^2 g,21.75,13.75,7
epipelagic,10^2 g,21.75,14.25,2
epipelagic,10^2 g,21.75,16.75,1
epipelagic,10^2 g,21.75,17.75,1
epipelagic,10^2 g,21.75,19.25,1
epipelagic,10^2 g,21.75,19.75,1
epipelagic,10^2 g,21.75,20.25,1
epipelagic,10^2 g,21.75,20.75,8
epipelagic,10^2 g,21.75,21.25,20
epipelagic,10^2 g,21.75,21.75,31
epipelagic,10^2 g,21.75,22.25,6
epipelagic,10^2 g,22.25,15.75,5
epipelagic,10^2 g,22.25,19.75,1
epipelagic,10^2 g,22.25,20.25,7
epipelagic,10^2 g,22.25,20.75,30
epipelagic,10^2 g,22.25,21.25,9
epipelagic,10^2 g,22.25,21.75,3
epipelagic,10^2 g,22.25,22.25,2
epipelagic,10^2 g,22.25,25.25,17
epipelagic,10^2 g,22.75,13.25,19
epipelagic,10^2 g,22.75,17.75,1
epipelagic,10^2 g,22.75,19.25,1
epipelagic,10^2 g,22.75,20.25,3
epipelagic,10^2 g,22.75,20.75,50
epipelagic,10^2 g,22.75,21.25,1
epipelagic,10^2 g,22.75,21.75,1
epipelagic,10^2 g,22.75,22.25,4
epipelagic,10^2 g,23.25,9.75,4
epipelagic,10^2 g,23.25,11.75,1
epipelagic,10^2 g,23.25,17.25,2
epipelagic,10^2 g,23.25,17.75,1
epipelagic,10^2 g,23.25,19.25,3
epipelagic,10^2 g,23.25,19.75,1
epipelagic,10^2 g,23.25,20.75,9
epipelagic,10^2 g,23.25,21.25,40
epipelagic,10^2 g,23.25,21.75,8
epipelagic,10^2 g,23.25,22.25,11
epipelagic,10^2 g,23.25,22.75,16
epipelagic,10^2 g,23.75,16.25,3
epipelagic,10^2 g,23.75,16.75,1
epipelagic,10^2 g,23.75,17.75,1
epipelagic,10^2 g,23.75,18.25,2
epipelagic,10^2 g,23.75,18.75,1
epipelagic,10^2 g,23.75,19.75,1
epipelagic,10^2 g,23.75,20.25,3
epipelagic,10^2 g,23.75,20.75,39
epipelagic,10^2 g,23.75,21.25,2
epipelagic,10^2 g,23.75,21.75,4
epipelagic,10^2 g,23.75,22.25,27
epipelagic,10^2 g,23.75,22.75,17
epipelagic,10^2 g,24.25,10.25,5
epipelagic,10^2 g,24.25,10.75,3
epipelagic,10^2 g,24.25,17.25,4
epipelagic,10^2 g,24.25,18.25,5
epipelagic,10^2 g,24.25,19.25,2
epipelagic,10^2 g,24.25,19.75,3
epipelagic,10^2 g,24.25,20.25,3
epipelagic,10^2 g,24.25,20.75,17
epipelagic,10^2 g,24.25,21.25,92
epipelagic,10^2 g,24.25,21.75,8
epipelagic,10^2 g,24.75,8.75,2
epipelagic,10^2 g,24.75,10.75,1
epipelagic,10^2 g,24.75,11.25,1
epipelagic,10^2 g,24.75,11.75,12
epipelagic,10^2 g,24.75,13.75,1
epipelagic,10^2 g,24.75,14.25,1
epipelagic,10^2 g,24.75,15.75,1
epipelagic,10^2 g,24.75,17.75,3
epipelagic,10^2 g,24.75,18.25,3
epipelagic,10^2 g,24.75,19.25,2
epipelagic,10^2 g,24.75,19.75,2
epipelagic,10^2 g,24.75,20.25,1
epipelagic,10^2 g,24.75,20.75,1153
epipelagic,10^2 g,24.75,21.25,7
epipelagic,10^2 g,24.75,21.75,13
epipelagic,10^2 g,24.75,22.25,3
epipelagic,10^2 g,25.25,9.25,2
epipelagic,10^2 g,25.25,14.25,1
epipelagic,10^2 g,25.25,16.75,2
epipelagic,10^2 g,25.25,17.75,1
epipelagic,10^2 g,25.25,18.25,9
epipelagic,10^2 g,25.25,18.75,2
epipelagic,10^2 g,25.25,19.25,1
epipelagic,10^2 g,25.25,19.75,1
epipelagic,10^2 g,25.25,20.25,1
epipelagic,10^2 g,25.25,20.75,913
epipelagic,10^2 g,25.25,21.25,34
epipelagic,10^2 g,25.25,21.75,82
epipelagic,10^2 g,25.25,22.25,5
epipelagic,10^2 g,25.25,22.75,1
epipelagic,10^2 g,25.75,11.25,9
epipelagic,10^2 g,25.75,12.25,3
epipelagic,10^2 g,25.75,12.75,1
epipelagic,10^2 g,25.75,13.75,3
epipelagic,10^2 g,25.75,15.25,1
epipelagic,10^2 g,25.75,17.25,1
epipelagic,10^2 g,25.75,18.75,1
epipelagic,10^2 g,25.75,19.25,1
epipelagic,10^2 g,25.75,19.75,1
epipelagic,10^2 g,25.75,20.25,2
epipelagic,10^2 g,25.75,20.75,2
epipelagic,10^2 g,25.75,21.25,25
epipelagic,10^2 g,25.75,21.75,50
epipelagic,10^2 g,25.75,22.25,4
epipelagic,10^2 g,26.25,9.25,1
epipelagic,10^2 g,26.25,13.75,9
epipelagic,10^2 g,26.25,14.25,3
epipelagic,10^2 g,26.25,14.75,1
epipelagic,10^2 g,26.25,15.75,3
epipelagic,10^2 g,26.25,16.25,5
epipelagic,10^2 g,26.25,16.75,5
epipelagic,10^2 g,26.25,19.25,5
epipelagic,10^2 g,26.25,19.75,1
epipelagic,10^2 g,26.25,20.25,1
epipelagic,10^2 g,26.25,20.75,2
epipelagic,10^2 g,26.25,21.25,9
epipelagic,10^2 g,26.25,21.75,39
epipelagic,10^2 g,26.25,22.25,1
epipelagic,10^2 g,26.75,11.25,2
epipelagic,10^2 g,26.75,12.25,2
epipelagic,10^2 g,26.75,12.75,3
epipelagic,10^2 g,26.75,14.75,59
epipelagic,10^2 g,26.75,15.75,2
epipelagic,10^2 g,26.75,16.75,3
epipelagic,10^2 g,26.75,17.25,4
epipelagic,10^2 g,26.75,17.75,9
epipelagic,10^2 g,26.75,19.25,2
epipelagic,10^2 g,26.75,19.75,4
epipelagic,10^2 g,26.75,20.25,8
epipelagic,10^2 g,26.75,20.75,36
epipelagic,10^2 g,26.75,21.25,8
epipelagic,10^2 g,26.75,21.75,10
epipelagic,10^2 g,26.75,22.25,2
epipelagic,10^2 g,27.25,10.25,3
epipelagic,10^2 g,27.25,10.75,1
epipelagic,10^2 g,27.25,13.75,8
epipelagic,10^2 g,27.25,15.25,1
epipelagic,10^2 g,27.25,16.25,7
epipelagic,10^2 g,27.25,16.75,6
epipelagic,10^2 g,27.25,17.25,15
epipelagic,10^2 g,27.25,17.75,32
epipelagic,10^2 g,27.25,18.25,7
epipelagic,10^2 g,27.25,18.75,16
epipelagic,10^2 g,27.25,19.25,106
epipelagic,10^2 g,27.25,19.75,19
epipelagic,10^2 g,27.25,20.25,6
epipelagic,10^2 g,27.25,20.75,86
epipelagic,10^2 g,27.25,21.25,200
epipelagic,10^2 g,27.25,21.75,48
epipelagic,10^2 g,27.75,12.75,1
epipelagic,10^2 g,27.75,14.25,11
epipelagic,10^2 g,27.75,16.25,9
epipelagic,10^2 g,27.75,16.75,4
epipelagic,10^2 g,27.75,17.25,1
epipelagic,10^2 g,27.75,17.75,13
epipelagic,10^2 g,27.75,18.25,40
epipelagic,10^2 g,27.75,18.75,1
epipelagic,10^2 g,27.75,19.25,8
epipelagic,10^2 g,27.75,19.75,476
epipelagic,10^2 g,27.75,20.25,25
epipelagic,10^2 g,27.75,20.75,489
epipelagic,10^2 g,27.75,21.25,88
epipelagic,10^2 g,27.75,21.75,205
epipelagic,10^2 g,28.25,18.75,3
epipelagic,10^2 g,28.25,19.75,8
epipelagic,10^2 g,28.25,20.25,97
epipelagic,10^2 g,28.25,20.75,1
epipelagic,10^2 g,28.25,21.25,105
epipelagic,10^2 g,28.25,21.75,24
epipelagic,10^2 g,28.25,22.25,2
epipelagic,10^2 g,28.75,20.75,28
epipelagic,10^2 g,28.75,21.25,32
epipelagic,10^2 g,28.75,21.75,4
epipelagic,10^2 g,28.75,22.25,1
epipelagic,10^2 g,29.25,19.75,2
epipelagic,10^2 g,29.25,20.75,5
epipelagic,10^2 g,29.25,21.25,17
epipelagic,10^2 g,29.25,21.75,23
epipelagic,10^2 g,29.25,22.25,1
epipelagic,10^2 g,29.75,21.75,4
epipelagic,10^3 g,0.25,13.25,2
epipelagic,10^3 g,0.25,14.25,1
epipelagic,10^3 g,0.25,15.25,1
epipelagic,10^3 g,0.25,15.75,1
epipelagic,10^3 g,0.25,16.25,1
epipelagic,10^3 g,0.25,17.25,7
epipelagic,10^3 g,0.25,17.75,374
epipelagic,10^3 g,0.25,18.25,183
epipelagic,10^3 g,0.25,18.75,42
epipelagic,10^3 g,0.25,19.25,32
epipelagic,10^3 g,0.25,19.75,7
epipelagic,10^3 g,0.25,20.25,2
epipelagic,10^3 g,0.25,20.75,1
epipelagic,10^3 g,0.25,21.25,2
epipelagic,10^3 g,0.25,21.75,11
epipelagic,10^3 g,0.75,12.75,1
epipelagic,10^3 g,0.75,13.75,1
epipelagic,10^3 g,0.75,14.25,1
epipelagic,10^3 g,0.75,15.25,1
epipelagic,10^3 g,0.75,17.25,3
epipelagic,10^3 g,0.75,17.75,3
epipelagic,10^3 g,0.75,18.25,25
epipelagic,10^3 g,0.75,18.75,40
epipelagic,10^3 g,0.75,19.25,22
epipelagic,10^3 g,0.75,19.75,10
epipelagic,10^3 g,0.75,20.25,6
epipelagic,10^3 g,0.75,20.75,1
epipelagic,10^3 g,0.75,21.75,5
epipelagic,10^3 g,1.25,12.25,1
epipelagic,10^3 g,1.25,12.75,1
epipelagic,10^3 g,1.25,13.25,4
epipelagic,10^3 g,1.25,14.25,1
epipelagic,10^3 g,1.25,14.75,1
epipelagic,10^3 g,1.25,15.25,2
epipelagic,10^3 g,1.25,15.75,2
epipelagic,10^3 g,1.25,17.25,1
epipelagic,10^3 g,1.25,17.75,3
epipelagic,10^3 g,1.25,18.75,7
epipelagic,10^3 g,1.25,19.25,49
epipelagic,10^3 g,1.25,19.75,45
epipelagic,10^3 g,1.25,20.25,4
epipelagic,10^3 g,1.25,21.75,7
epipelagic,10^3 g,1.25,22.75,12
epipelagic,10^3 g,1.75,11.75,1
epipelagic,10^3 g,1.75,14.75,1
epipelagic,10^3 g,1.75,15.75,1
epipelagic,10^3 g,1.75,17.25,1
epipelagic,10^3 g,1.75,18.75,3
epipelagic,10^3 g,1.75,19.25,4
epipelagic,10^3 g,1.75,19.75,6
epipelagic,10^3 g,1.75,20.25,3
epipelagic,10^3 g,1.75,20.75,11
epipelagic,10^3 g,1.75,21.75,3
epipelagic,10^3 g,1.75,22.25,4
epipelagic,10^3 g,2.25,11.75,1
epipelagic,10^3 g,2.25,12.25,2
epipelagic,10^3 g,2.25,12.75,2
epipelagic,10^3 g,2.25,15.25,2
epipelagic,10^3 g,2.25,15.75,83
epipelagic,10^3 g,2.25,17.25,1
epipelagic,10^3 g,2.25,18.75,2
epipelagic,10^3 g,2.25,19.25,1
epipelagic,10^3 g,2.25,19.75,59
epipelagic,10^3 g,2.25,20.25,89
epipelagic,10^3 g,2.25,20.75,5
epipelagic,10^3 g,2.25,21.25,2
epipelagic,10^3 g,2.25,21.75,3
epipelagic,10^3 g,2.25,22.25,5
epipelagic,10^3 g,2.75,8.25,1
epipelagic,10^3 g,2.75,10.75,1
epipelagic,10^3 g,2.75,12.75,1
epipelagic,10^3 g,2.75,13.75,1
epipelagic,10^3 g,2.75,15.75,411
epipelagic,10^3 g,2.75,16.25,187
epipelagic,10^3 g,2.75,16.75,99
epipelagic,10^3 g,2.75,17.25,19
epipelagic,10^3 g,2.75,17.75,10
epipelagic,10^3 g,2.75,18.25,6
epipelagic,10^3 g,2.75,19.25,2
epipelagic,10^3 g,2.75,20.25,31
epipelagic,10^3 g,2.75,20.75,121
epipelagic,10^3 g,2.75,21.25,2
epipelagic,10^3 g,2.75,21.75,6
epipelagic,10^3 g,2.75,22.25,4
epipelagic,10^3 g,3.25,3.75,2
epipelagic,10^3 g,3.25,4.25,4
epipelagic,10^3 g,3.25,4.75,1
epipelagic,10^3 g,3.25,5.25,3
epipelagic,10^3 g,3.25,5.75,4
epipelagic,10^3 g,3.25,7.25,4
epipelagic,10^3 g,3.25,10.75,1
epipelagic,10^3 g,3.25,11.25,6
epipelagic,10^3 g,3.25,11.75,2
epipelagic,10^3 g,3.25,12.25,14
epipelagic,10^3 g,3.25,12.75,26
epipelagic,10^3 g,3.25,13.25,3
epipelagic,10^3 g,3.25,13.75,1
epipelagic,10^3 g,3.25,15.25,1
epipelagic,10^3 g,3.25,15.75,1
epipelagic,10^3 g,3.25,16.25,94
epipelagic,10^3 g,3.25,16.75,21
epipelagic,10^3 g,3.25,17.25,161
epipelagic,10^3 g,3.25,17.75,222
epipelagic,10^3 g,3.25,18.25,59
epipelagic,10^3 g,3.25,18.75,12
epipelagic,10^3 g,3.25,19.25,20
epipelagic,10^3 g,3.25,19.75,9
epipelagic,10^3 g,3.25,20.25,7
epipelagic,10^3 g,3.25,20.75,8
epipelagic,10^3 g,3.25,21.25,7
epipelagic,10^3 g,3.25,21.75,3
epipelagic,10^3 g,3.25,22.25,3
epipelagic,10^3 g,3.75,4.75,4
epipelagic,10^3 g,3.75,5.25,2
epipelagic,10^3 g,3.75,6.75,1
epipelagic,10^3 g,3.75,7.75,1
epipelagic,10^3 g,3.75,10.75,3
epipelagic,10^3 g,3.75,11.25,10
epipelagic,10^3 g,3.75,11.75,5
epipelagic,10^3 g,3.75,12.25,4
epipelagic,10^3 g,3.75,12.75,18
epipelagic,10^3 g,3.75,13.25,22
epipelagic,10^3 g,3.75,13.75,32
epipelagic,10^3 g,3.75,14.25,6
epipelagic,10^3 g,3.75,14.75,1
epipelagic,10^3 g,3.75,15.75,4
epipelagic,10^3 g,3.75,16.25,1
epipelagic,10^3 g,3.75,16.75,71
epipelagic,10^3 g,3.75,17.25,12
epipelagic,10^3 g,3.75,17.75,119
epipelagic,10^3 g,3.75,18.25,57
epipelagic,10^3 g,3.75,18.75,4
epipelagic,10^3 g,3.75,19.25,4
epipelagic,10^3 g,3.75,19.75,3
epipelagic,10^3 g,3.75,20.25,4
epipelagic,10^3 g,3.75,20.75,82
epipelagic,10^3 g,3.75,21.25,2
epipelagic,10^3 g,3.75,21.75,9
epipelagic,10^3 g,3.75,22.25,7
epipelagic,10^3 g,4.25,8.25,1
epipelagic,10^3 g,4.25,11.75,26
epipelagic,10^3 g,4.25,12.25,13
epipelagic,10^3 g,4.25,12.75,47
epipelagic,10^3 g,4.25,13.25,51
epipelagic,10^3 g,4.25,13.75,15
epipelagic,10^3 g,4.25,14.25,8
epipelagic,10^3 g,4.25,14.75,10
epipelagic,10^3 g,4.25,15.25,3
epipelagic,10^3 g,4.25,15.75,1
epipelagic,10^3 g,4.25,16.25,2
epipelagic,10^3 g,4.25,16.75,47
epipelagic,10^3 g,4.25,17.25,89
epipelagic,10^3 g,4.25,17.75,106
epipelagic,10^3 g,4.25,18.25,10
epipelagic,10^3 g,4.25,19.75,300
epipelagic,10^3 g,4.25,20.25,6
epipelagic,10^3 g,4.25,20.75,11
epipelagic,10^3 g,4.25,21.25,5
epipelagic,10^3 g,4.25,21.75,8
epipelagic,10^3 g,4.25,22.25,3
epipelagic,10^3 g,4.75,6.75,1
epipelagic,10^3 g,4.75,10.75,1
epipelagic,10^3 g,4.75,11.75,15
epipelagic,10^3 g,4.75,12.25,69
epipelagic,10^3 g,4.75,12.75,90
epipelagic,10^3 g,4.75,13.25,55
epipelagic,10^3 g,4.75,13.75,7
epipelagic,10^3 g,4.75,14.25,57
epipelagic,10^3 g,4.75,14.75,18
epipelagic,10^3 g,4.75,15.25,29
epipelagic,10^3 g,4.75,15.75,28
epipelagic,10^3 g,4.75,16.25,21
epipelagic,10^3 g,4.75,16.75,48
epipelagic,10^3 g,4.75,17.25,53
epipelagic,10^3 g,4.75,18.25,7
epipelagic,10^3 g,4.75,19.25,2
epipelagic,10^3 g,4.75,19.75,2
epipelagic,10^3 g,4.75,20.25,84
epipelagic,10^3 g,4.75,20.75,7
epipelagic,10^3 g,4.75,21.25,36
epipelagic,10^3 g,4.75,21.75,12
epipelagic,10^3 g,4.75,22.25,6
epipelagic,10^3 g,5.25,9.75,6
epipelagic,10^3 g,5.25,10.75,1
epipelagic,10^3 g,5.25,11.25,1
epipelagic,10^3 g,5.25,11.75,4
epipelagic,10^3 g,5.25,12.25,22
epipelagic,10^3 g,5.25,12.75,141
epipelagic,10^3 g,5.25,13.25,139
epipelagic,10^3 g,5.25,13.75,14
epipelagic,10^3 g,5.25,14.25,3
epipelagic,10^3 g,5.25,14.75,2
epipelagic,10^3 g,5.25,15.25,36
epipelagic,10^3 g,5.25,15.75,66
epipelagic,10^3 g,5.25,16.25,14
epipelagic,10^3 g,5.25,16.75,77
epipelagic,10^3 g,5.25,17.25,17
epipelagic,10^3 g,5.25,17.75,22
epipelagic,10^3 g,5.25,18.75,35
epipelagic,10^3 g,5.25,19.25,38
epipelagic,10^3 g,5.25,19.75,21
epipelagic,10^3 g,5.25,20.25,76
epipelagic,10^3 g,5.25,20.75,28
epipelagic,10^3 g,5.25,21.25,2
epipelagic,10^3 g,5.25,21.75,17
epipelagic,10^3 g,5.25,22.25,16
epipelagic,10^3 g,5.75,6.25,3
epipelagic,10^3 g,5.75,6.75,8
epipelagic,10^3 g,5.75,8.75,91
epipelagic,10^3 g,5.75,12.25,1
epipelagic,10^3 g,5.75,12.75,50
epipelagic,10^3 g,5.75,13.25,237
epipelagic,10^3 g,5.75,13.75,98
epipelagic,10^3 g,5.75,14.25,45
epipelagic,10^3 g,5.75,14.75,1
epipelagic,10^3 g,5.75,15.25,14
epipelagic,10^3 g,5.75,15.75,43
epipelagic,10^3 g,5.75,16.25,54
epipelagic,10^3 g,5.75,16.75,90
epipelagic,10^3 g,5.75,17.25,38
epipelagic,10^3 g,5.75,17.75,10
epipelagic,10^3 g,5.75,18.25,10
epipelagic,10^3 g,5.75,18.75,2
epipelagic,10^3 g,5.75,19.25,14
epipelagic,10^3 g,5.75,19.75,45
epipelagic,10^3 g,5.75,20.25,88
epipelagic,10^3 g,5.75,20.75,104
epipelagic,10^3 g,5.75,21.25,31
epipelagic,10^3 g,5.75,21.75,74
epipelagic,10^3 g,5.75,22.25,30
epipelagic,10^3 g,6.25,5.25,1
epipelagic,10^3 g,6.25,6.75,1
epipelagic,10^3 g,6.25,7.25,10
epipelagic,10^3 g,6.25,8.25,3
epipelagic,10^3 g,6.25,8.75,113
epipelagic,10^3 g,6.25,9.25,160
epipelagic,10^3 g,6.25,9.75,171
epipelagic,10^3 g,6.25,12.75,1
epipelagic,10^3 g,6.25,13.25,56
epipelagic,10^3 g,6.25,13.75,195
epipelagic,10^3 g,6.25,14.25,148
epipelagic,10^3 g,6.25,14.75,53
epipelagic,10^3 g,6.25,15.25,9
epipelagic,10^3 g,6.25,15.75,46
epipelagic,10^3 g,6.25,16.25,6
epipelagic,10^3 g,6.25,16.75,23
epipelagic,10^3 g,6.25,17.25,43
epipelagic,10^3 g,6.25,17.75,31
epipelagic,10^3 g,6.25,18.25,31
epipelagic,10^3 g,6.25,18.75,51
epipelagic,10^3 g,6.25,19.25,48
epipelagic,10^3 g,6.25,19.75,18
epipelagic,10^3 g,6.25,20.25,109
epipelagic,10^3 g,6.25,20.75,61
epipelagic,10^3 g,6.25,21.25,89
epipelagic,10^3 g,6.25,21.75,22
epipelagic,10^3 g,6.25,22.25,13
epipelagic,10^3 g,6.75,8.25,52
epipelagic,10^3 g,6.75,8.75,10
epipelagic,10^3 g,6.75,9.25,34
epipelagic,10^3 g,6.75,9.75,1
epipelagic,10^3 g,6.75,10.25,222
epipelagic,10^3 g,6.75,10.75,102
epipelagic,10^3 g,6.75,12.25,2
epipelagic,10^3 g,6.75,12.75,8
epipelagic,10^3 g,6.75,13.25,5
epipelagic,10^3 g,6.75,13.75,6
epipelagic,10^3 g,6.75,14.25,237
epipelagic,10^3 g,6.75,14.75,64
epipelagic,10^3 g,6.75,15.25,115
epipelagic,10^3 g,6.75,15.75,36
epipelagic,10^3 g,6.75,16.25,89
epipelagic,10^3 g,6.75,16.75,40
epipelagic,10^3 g,6.75,17.25,62
epipelagic,10^3 g,6.75,17.75,73
epipelagic,10^3 g,6.75,18.25,62
epipelagic,10^3 g,6.75,18.75,51
epipelagic,10^3 g,6.75,19.25,92
epipelagic,10^3 g,6.75,19.75,121
epipelagic,10^3 g,6.75,20.25,78
epipelagic,10^3 g,6.75,20.75,251
epipelagic,10^3 g,6.75,21.25,455
epipelagic,10^3 g,6.75,21.75,134
epipelagic,10^3 g,6.75,22.25,13
epipelagic,10^3 g,7.25,7.75,2
epipelagic,10^3 g,7.25,9.25,1
epipelagic,10^3 g,7.25,10.25,37
epipelagic,10^3 g,7.25,10.75,4
epipelagic,10^3 g,7.25,11.25,1
epipelagic,10^3 g,7.25,12.25,1
epipelagic,10^3 g,7.25,12.75,9
epipelagic,10^3 g,7.25,13.25,3
epipelagic,10^3 g,7.25,13.75,14
epipelagic,10^3 g,7.25,14.25,47
epipelagic,10^3 g,7.25,14.75,18
epipelagic,10^3 g,7.25,15.25,204
epipelagic,10^3 g,7.25,15.75,75
epipelagic,10^3 g,7.25,16.25,76
epipelagic,10^3 g,7.25,16.75,40
epipelagic,10^3 g,7.25,17.25,69
epipelagic,10^3 g,7.25,17.75,115
epipelagic,10^3 g,7.25,18.25,59
epipelagic,10^3 g,7.25,18.75,73
epipelagic,10^3 g,7.25,19.25,345
epipelagic,10^3 g,7.25,19.75,698
epipelagic,10^3 g,7.25,20.25,462
epipelagic,10^3 g,7.25,20.75,189
epipelagic,10^3 g,7.25,21.25,158
epipelagic,10^3 g,7.25,21.75,227
epipelagic,10^3 g,7.25,22.25,6
epipelagic,10^3 g,7.75,6.75,5
epipelagic,10^3 g,7.75,8.75,6
epipelagic,10^3 g,7.75,9.75,43
epipelagic,10^3 g,7.75,10.25,6
epipelagic,10^3 g,7.75,12.75,6
epipelagic,10^3 g,7.75,13.25,3
epipelagic,10^3 g,7.75,13.75,4
epipelagic,10^3 g,7.75,14.25,16
epipelagic,10^3 g,7.75,14.75,103
epipelagic,10^3 g,7.75,15.25,103
epipelagic,10^3 g,7.75,15.75,44
epipelagic,10^3 g,7.75,16.25,22
epipelagic,10^3 g,7.75,16.75,62
epipelagic,10^3 g,7.75,17.25,199
epipelagic,10^3 g,7.75,17.75,56
epipelagic,10^3 g,7.75,18.25,56
epipelagic,10^3 g,7.75,18.75,8
epipelagic,10^3 g,7.75,19.25,8
epipelagic,10^3 g,7.75,19.75,625
epipelagic,10^3 g,7.75,20.25,1316
epipelagic,10^3 g,7.75,20.75,313
epipelagic,10^3 g,7.75,21.25,172
epipelagic,10^3 g,7.75,21.75,94
epipelagic,10^3 g,7.75,22.25,13
epipelagic,10^3 g,7.75,22.75,3
epipelagic,10^3 g,8.25,5.25,2
epipelagic,10^3 g,8.25,11.25,1
epipelagic,10^3 g,8.25,11.75,3
epipelagic,10^3 g,8.25,12.25,34
epipelagic,10^3 g,8.25,13.75,2
epipelagic,10^3 g,8.25,14.25,60
epipelagic,10^3 g,8.25,14.75,34
epipelagic,10^3 g,8.25,15.25,42
epipelagic,10^3 g,8.25,15.75,24
epipelagic,10^3 g,8.25,16.25,80
epipelagic,10^3 g,8.25,16.75,153
epipelagic,10^3 g,8.25,17.25,143
epipelagic,10^3 g,8.25,17.75,98
epipelagic,10^3 g,8.25,18.25,6
epipelagic,10^3 g,8.25,18.75,20
epipelagic,10^3 g,8.25,19.25,65
epipelagic,10^3 g,8.25,19.75,277
epipelagic,10^3 g,8.25,20.25,1197
epipelagic,10^3 g,8.25,20.75,384
epipelagic,10^3 g,8.25,21.25,67
epipelagic,10^3 g,8.25,21.75,154
epipelagic,10^3 g,8.25,22.25,9
epipelagic,10^3 g,8.75,5.75,1
epipelagic,10^3 g,8.75,9.25,2
epipelagic,10^3 g,8.75,13.75,1
epipelagic,10^3 g,8.75,14.25,24
epipelagic,10^3 g,8.75,14.75,59
epipelagic,10^3 g,8.75,15.25,47
epipelagic,10^3 g,8.75,15.75,15
epipelagic,10^3 g,8.75,16.25,33
epipelagic,10^3 g,8.75,16.75,204
epipelagic,10^3 g,8.75,17.25,148
epipelagic,10^3 g,8.75,17.75,95
epipelagic,10^3 g,8.75,18.25,47
epipelagic,10^3 g,8.75,18.75,79
epipelagic,10^3 g,8.75,19.25,151
epipelagic,10^3 g,8.75,19.75,325
epipelagic,10^3 g,8.75,20.25,1101
epipelagic,10^3 g,8.75,20.75,1184
epipelagic,10^3 g,8.75,21.25,153
epipelagic,10^3 g,8.75,21.75,112
epipelagic,10^3 g,8.75,22.25,12
epipelagic,10^3 g,9.25,9.75,1
epipelagic,10^3 g,9.25,11.25,3
epipelagic,10^3 g,9.25,12.75,1
epipelagic,10^3 g,9.25,13.75,2
epipelagic,10^3 g,9.25,14.25,9
epipelagic,10^3 g,9.25,14.75,73
epipelagic,10^3 g,9.25,15.25,50
epipelagic,10^3 g,9.25,15.75,23
epipelagic,10^3 g,9.25,16.75,60
epipelagic,10^3 g,9.25,17.25,213
epipelagic,10^3 g,9.25,17.75,21
epipelagic,10^3 g,9.25,18.25,84
epipelagic,10^3 g,9.25,18.75,27
epipelagic,10^3 g,9.25,19.25,27
epipelagic,10^3 g,9.25,19.75,491
epipelagic,10^3 g,9.25,20.25,1526
epipelagic,10^3 g,9.25,20.75,901
epipelagic,10^3 g,9.25,21.25,442
epipelagic,10^3 g,9.25,21.75,190
epipelagic,10^3 g,9.25,22.25,84
epipelagic,10^3 g,9.75,10.25,1
epipelagic,10^3 g,9.75,11.75,1
epipelagic,10^3 g,9.75,14.25,5
epipelagic,10^3 g,9.75,14.75,62
epipelagic,10^3 g,9.75,15.25,21
epipelagic,10^3 g,9.75,15.75,18
epipelagic,10^3 g,9.75,16.25,3
epipelagic,10^3 g,9.75,16.75,5
epipelagic,10^3 g,9.75,17.25,20
epipelagic,10^3 g,9.75,17.75,161
epipelagic,10^3 g,9.75,18.25,87
epipelagic,10^3 g,9.75,18.75,9
epipelagic,10^3 g,9.75,19.25,55
epipelagic,10^3 g,9.75,19.75,577
epipelagic,10^3 g,9.75,20.25,1519
epipelagic,10^3 g,9.75,20.75,2029
epipelagic,10^3 g,9.75,21.25,547
epipelagic,10^3 g,9.75,21.75,95
epipelagic,10^3 g,9.75,22.25,5
epipelagic,10^3 g,9.75,22.75,15
epipelagic,10^3 g,10.25,4.25,1
epipelagic,10^3 g,10.25,4.75,1
epipelagic,10^3 g,10.25,5.75,2
epipelagic,10^3 g,10.25,11.25,1
epipelagic,10^3 g,10.25,13.75,3
epipelagic,10^3 g,10.25,14.25,30
epipelagic,10^3 g,10.25,14.75,76
epipelagic,10^3 g,10.25,15.25,33
epipelagic,10^3 g,10.25,15.75,20
epipelagic,10^3 g,10.25,16.25,7
epipelagic,10^3 g,10.25,16.75,8
epipelagic,10^3 g,10.25,17.25,28
epipelagic,10^3 g,10.25,17.75,37
epipelagic,10^3 g,10.25,18.25,7
epipelagic,10^3 g,10.25,18.75,11
epipelagic,10^3 g,10.25,19.25,32
epipelagic,10^3 g,10.25,19.75,3173
epipelagic,10^3 g,10.25,20.25,4878
epipelagic,10^3 g,10.25,20.75,1885
epipelagic,10^3 g,10.25,21.25,365
epipelagic,10^3 g,10.25,21.75,25
epipelagic,10^3 g,10.75,1.25,1
epipelagic,10^3 g,10.75,1.75,2
epipelagic,10^3 g,10.75,2.25,1
epipelagic,10^3 g,10.75,4.25,1
epipelagic,10^3 g,10.75,9.75,1
epipelagic,10^3 g,10.75,11.25,2
epipelagic,10^3 g,10.75,11.75,1
epipelagic,10^3 g,10.75,12.25,1
epipelagic,10^3 g,10.75,12.75,2
epipelagic,10^3 g,10.75,14.25,2
epipelagic,10^3 g,10.75,14.75,20
epipelagic,10^3 g,10.75,15.25,37
epipelagic,10^3 g,10.75,15.75,10
epipelagic,10^3 g,10.75,16.25,85
epipelagic,10^3 g,10.75,16.75,2
epipelagic,10^3 g,10.75,17.25,8
epipelagic,10^3 g,10.75,18.25,25
epipelagic,10^3 g,10.75,18.75,29
epipelagic,10^3 g,10.75,19.25,21
epipelagic,10^3 g,10.75,19.75,190
epipelagic,10^3 g,10.75,20.25,5661
epipelagic,10^3 g,10.75,20.75,4711
epipelagic,10^3 g,10.75,21.25,1416
epipelagic,10^3 g,10.75,21.75,160
epipelagic,10^3 g,11.25,15.25,9
epipelagic,10^3 g,11.25,15.75,31
epipelagic,10^3 g,11.25,16.25,14
epipelagic,10^3 g,11.25,16.75,26
epipelagic,10^3 g,11.25,17.25,75
epipelagic,10^3 g,11.25,17.75,89
epipelagic,10^3 g,11.25,18.25,34
epipelagic,10^3 g,11.25,18.75,42
epipelagic,10^3 g,11.25,19.75,172
epipelagic,10^3 g,11.25,20.25,1463
epipelagic,10^3 g,11.25,20.75,743
epipelagic,10^3 g,11.25,21.25,617
epipelagic,10^3 g,11.25,21.75,225
epipelagic,10^3 g,11.25,22.25,4
epipelagic,10^3 g,11.75,1.75,1
epipelagic,10^3 g,11.75,12.75,1
epipelagic,10^3 g,11.75,15.25,1
epipelagic,10^3 g,11.75,15.75,14
epipelagic,10^3 g,11.75,16.25,8
epipelagic,10^3 g,11.75,16.75,24
epipelagic,10^3 g,11.75,17.25,2
epipelagic,10^3 g,11.75,17.75,2
epipelagic,10^3 g,11.75,18.25,50
epipelagic,10^3 g,11.75,18.75,42
epipelagic,10^3 g,11.75,19.25,2
epipelagic,10^3 g,11.75,19.75,71
epipelagic,10^3 g,11.75,20.25,758
epipelagic,10^3 g,11.75,20.75,1077
epipelagic,10^3 g,11.75,21.25,304
epipelagic,10^3 g,11.75,21.75,201
epipelagic,10^3 g,11.75,22.25,8
epipelagic,10^3 g,12.25,1.75,1
epipelagic,10^3 g,12.25,9.75,2
epipelagic,10^3 g,12.25,13.25,2
epipelagic,10^3 g,12.25,14.75,1
epipelagic,10^3 g,12.25,15.25,6
epipelagic,10^3 g,12.25,15.75,3
epipelagic,10^3 g,12.25,16.25,11
epipelagic,10^3 g,12.25,16.75,3
epipelagic,10^3 g,12.25,17.25,2
epipelagic,10^3 g,12.25,18.25,3
epipelagic,10^3 g,12.25,18.75,2
epipelagic,10^3 g,12.25,19.25,151
epipelagic,10^3 g,12.25,19.75,132
epipelagic,10^3 g,12.25,20.25,70
epipelagic,10^3 g,12.25,20.75,17
epipelagic,10^3 g,12.25,21.25,134
epipelagic,10^3 g,12.25,21.75,168
epipelagic,10^3 g,12.25,22.25,127
epipelagic,10^3 g,12.75,11.25,2
epipelagic,10^3 g,12.75,13.75,1
epipelagic,10^3 g,12.75,14.25,3
epipelagic,10^3 g,12.75,16.25,9
epipelagic,10^3 g,12.75,16.75,5
epipelagic,10^3 g,12.75,18.75,32
epipelagic,10^3 g,12.75,19.25,5
epipelagic,10^3 g,12.75,19.75,131
epipelagic,10^3 g,12.75,20.25,1435
epipelagic,10^3 g,12.75,20.75,49
epipelagic,10^3 g,12.75,21.25,1
epipelagic,10^3 g,12.75,21.75,203
epipelagic,10^3 g,12.75,22.25,318
epipelagic,10^3 g,13.25,6.75,1
epipelagic,10^3 g,13.25,13.25,1
epipelagic,10^3 g,13.25,13.75,3
epipelagic,10^3 g,13.25,14.25,1
epipelagic,10^3 g,13.25,16.25,8
epipelagic,10^3 g,13.25,16.75,8
epipelagic,10^3 g,13.25,17.25,16
epipelagic,10^3 g,13.25,17.75,15
epipelagic,10^3 g,13.25,18.25,8
epipelagic,10^3 g,13.25,18.75,2
epipelagic,10^3 g,13.25,19.25,24
epipelagic,10^3 g,13.25,19.75,8
epipelagic,10^3 g,13.25,20.25,70
epipelagic,10^3 g,13.25,20.75,25
epipelagic,10^3 g,13.25,21.25,8
epipelagic,10^3 g,13.25,21.75,111
epipelagic,10^3 g,13.25,22.25,17
epipelagic,10^3 g,13.75,3.25,1
epipelagic,10^3 g,13.75,12.25,1
epipelagic,10^3 g,13.75,13.75,1
epipelagic,10^3 g,13.75,15.75,3
epipelagic,10^3 g,13.75,16.25,5
epipelagic,10^3 g,13.75,16.75,1
epipelagic,10^3 g,13.75,17.25,3
epipelagic,10^3 g,13.75,17.75,5
epipelagic,10^3 g,13.75,18.25,1
epipelagic,10^3 g,13.75,18.75,20
epipelagic,10^3 g,13.75,19.25,29
epipelagic,10^3 g,13.75,19.75,46
epipelagic,10^3 g,13.75,20.25,96
epipelagic,10^3 g,13.75,20.75,34
epipelagic,10^3 g,13.75,21.75,110
epipelagic,10^3 g,13.75,22.25,45
epipelagic,10^3 g,14.25,1.75,2
epipelagic,10^3 g,14.25,10.25,3
epipelagic,10^3 g,14.25,15.75,1
epipelagic,10^3 g,14.25,17.25,4
epipelagic,10^3 g,14.25,17.75,1
epipelagic,10^3 g,14.25,18.25,6
epipelagic,10^3 g,14.25,18.75,5
epipelagic,10^3 g,14.25,19.25,101
epipelagic,10^3 g,14.25,19.75,104
epipelagic,10^3 g,14.25,20.25,185
epipelagic,10^3 g,14.25,20.75,73
epipelagic,10^3 g,14.25,21.25,244
epipelagic,10^3 g,14.25,21.75,231
epipelagic,10^3 g,14.25,22.25,4
epipelagic,10^3 g,14.75,1.75,1
epipelagic,10^3 g,14.75,14.25,1
epipelagic,10^3 g,14.75,17.25,1
epipelagic,10^3 g,14.75,17.75,1
epipelagic,10^3 g,14.75,18.25,9
epipelagic,10^3 g,14.75,18.75,6
epipelagic,10^3 g,14.75,19.25,22
epipelagic,10^3 g,14.75,19.75,137
epipelagic,10^3 g,14.75,20.25,42
epipelagic,10^3 g,14.75,20.75,98
epipelagic,10^3 g,14.75,21.25,226
epipelagic,10^3 g,14.75,21.75,393
epipelagic,10^3 g,14.75,22.25,1
epipelagic,10^3 g,15.25,13.25,2
epipelagic,10^3 g,15.25,14.75,2
epipelagic,10^3 g,15.25,18.75,8
epipelagic,10^3 g,15.25,19.25,11
epipelagic,10^3 g,15.25,19.75,64
epipelagic,10^3 g,15.25,20.25,92
epipelagic,10^3 g,15.25,20.75,92
epipelagic,10^3 g,15.25,21.25,105
epipelagic,10^3 g,15.25,21.75,182
epipelagic,10^3 g,15.25,22.25,70
epipelagic,10^3 g,15.75,2.75,2
epipelagic,10^3 g,15.75,13.75,2
epipelagic,10^3 g,15.75,15.25,1
epipelagic,10^3 g,15.75,15.75,1
epipelagic,10^3 g,15.75,16.25,12
epipelagic,10^3 g,15.75,16.75,1
epipelagic,10^3 g,15.75,17.75,6
epipelagic,10^3 g,15.75,18.25,1
epipelagic,10^3 g,15.75,18.75,27
epipelagic,10^3 g,15.75,19.25,2
epipelagic,10^3 g,15.75,19.75,4
epipelagic,10^3 g,15.75,20.25,21
epipelagic,10^3 g,15.75,20.75,54
epipelagic,10^3 g,15.75,21.25,218
epipelagic,10^3 g,15.75,21.75,36
epipelagic,10^3 g,15.75,22.25,4
epipelagic,10^3 g,16.25,5.25,3
epipelagic,10^3 g,16.25,9.75,1
epipelagic,10^3 g,16.25,10.25,2
epipelagic,10^3 g,16.25,14.75,1
epipelagic,10^3 g,16.25,15.25,3
epipelagic,10^3 g,16.25,15.75,1
epipelagic,10^3 g,16.25,16.25,1
epipelagic,10^3 g,16.25,19.25,6
epipelagic,10^3 g,16.25,20.25,11
epipelagic,10^3 g,16.25,20.75,31
epipelagic,10^3 g,16.25,21.25,68
epipelagic,10^3 g,16.25,21.75,9
epipelagic,10^3 g,16.25,22.75,29
epipelagic,10^3 g,16.75,11.25,2
epipelagic,10^3 g,16.75,16.25,1
epipelagic,10^3 g,16.75,16.75,1
epipelagic,10^3 g,16.75,19.75,1
epipelagic,10^3 g,16.75,20.25,24
epipelagic,10^3 g,16.75,20.75,15
epipelagic,10^3 g,16.75,21.25,11
epipelagic,10^3 g,16.75,21.75,21
epipelagic,10^3 g,16.75,22.25,43
epipelagic,10^3 g,16.75,22.75,3
epipelagic,10^3 g,17.25,6.25,2
epipelagic,10^3 g,17.25,15.75,2
epipelagic,10^3 g,17.25,16.25,5
epipelagic,10^3 g,17.25,17.75,2
epipelagic,10^3 g,17.25,18.25,1
epipelagic,10^3 g,17.25,19.25,2
epipelagic,10^3 g,17.25,19.75,12
epipelagic,10^3 g,17.25,20.25,39
epipelagic,10^3 g,17.25,20.75,36
epipelagic,10^3 g,17.25,21.25,46
epipelagic,10^3 g,17.25,21.75,3
epipelagic,10^3 g,17.25,22.25,16
epipelagic,10^3 g,17.75,9.25,1
epipelagic,10^3 g,17.75,12.25,1
epipelagic,10^3 g,17.75,15.25,2
epipelagic,10^3 g,17.75,15.75,1
epipelagic,10^3 g,17.75,16.75,1
epipelagic,10^3 g,17.75,18.25,1
epipelagic,10^3 g,17.75,20.25,26
epipelagic,10^3 g,17.75,20.75,119
epipelagic,10^3 g,17.75,21.25,88
epipelagic,10^3 g,17.75,21.75,22
epipelagic,10^3 g,17.75,22.25,2
epipelagic,10^3 g,18.25,11.25,1
epipelagic,10^3 g,18.25,14.25,1
epipelagic,10^3 g,18.25,15.25,1
epipelagic,10^3 g,18.25,17.25,5
epipelagic,10^3 g,18.25,19.25,1
epipelagic,10^3 g,18.25,19.75,1
epipelagic,10^3 g,18.25,20.75,78
epipelagic,10^3 g,18.25,21.25,40
epipelagic,10^3 g,18.25,21.75,20
epipelagic,10^3 g,18.25,22.25,5
epipelagic,10^3 g,18.75,11.25,4
epipelagic,10^3 g,18.75,12.25,1
epipelagic,10^3 g,18.75,14.25,1
epipelagic,10^3 g,18.75,14.75,2
epipelagic,10^3 g,18.75,15.75,1
epipelagic,10^3 g,18.75,16.75,1
epipelagic,10^3 g,18.75,17.25,2
epipelagic,10^3 g,18.75,17.75,1
epipelagic,10^3 g,18.75,19.75,1
epipelagic,10^3 g,18.75,21.25,34
epipelagic,10^3 g,18.75,21.75,43
epipelagic,10^3 g,18.75,22.25,1
epipelagic,10^3 g,19.25,13.25,2
epipelagic,10^3 g,19.25,14.25,2
epipelagic,10^3 g,19.25,15.75,3
epipelagic,10^3 g,19.25,18.25,2
epipelagic,10^3 g,19.25,19.75,3
epipelagic,10^3 g,19.25,20.25,3
epipelagic,10^3 g,19.25,21.25,9
epipelagic,10^3 g,19.25,21.75,3
epipelagic,10^3 g,19.25,22.25,30
epipelagic,10^3 g,19.75,14.25,1
epipelagic,10^3 g,19.75,15.25,1
epipelagic,10^3 g,19.75,17.25,2
epipelagic,10^3 g,19.75,18.25,10
epipelagic,10^3 g,19.75,18.75,2
epipelagic,10^3 g,19.75,19.25,34
epipelagic,10^3 g,19.75,20.25,5
epipelagic,10^3 g,19.75,20.75,5
epipelagic,10^3 g,19.75,21.25,1
epipelagic,10^3 g,19.75,21.75,1
epipelagic,10^3 g,19.75,22.25,39
epipelagic,10^3 g,19.75,22.75,54
epipelagic,10^3 g,20.25,15.75,1
epipelagic,10^3 g,20.25,17.75,24
epipelagic,10^3 g,20.25,18.25,12
epipelagic,10^3 g,20.25,18.75,41
epipelagic,10^3 g,20.25,19.25,2
epipelagic,10^3 g,20.25,19.75,15
epipelagic,10^3 g,20.25,20.25,1
epipelagic,10^3 g,20.25,20.75,1
epipelagic,10^3 g,20.25,21.25,4
epipelagic,10^3 g,20.25,21.75,1
epipelagic,10^3 g,20.25,22.25,3
epipelagic,10^3 g,20.25,22.75,45
epipelagic,10^3 g,20.75,11.25,1
epipelagic,10^3 g,20.75,13.75,1
epipelagic,10^3 g,20.75,16.75,5
epipelagic,10^3 g,20.75,18.25,1
epipelagic,10^3 g,20.75,19.25,6
epipelagic,10^3 g,20.75,19.75,2
epipelagic,10^3 g,20.75,20.25,2
epipelagic,10^3 g,20.75,21.25,7
epipelagic,10^3 g,20.75,21.75,3
epipelagic,10^3 g,20.75,22.25,12
epipelagic,10^3 g,20.75,22.75,34
epipelagic,10^3 g,21.25,17.25,1
epipelagic,10^3 g,21.25,18.25,1
epipelagic,10^3 g,21.25,18.75,2
epipelagic,10^3 g,21.25,19.75,18
epipelagic,10^3 g,21.25,20.25,29
epipelagic,10^3 g,21.25,21.25,15
epipelagic,10^3 g,21.25,21.75,7
epipelagic,10^3 g,21.25,22.25,12
epipelagic,10^3 g,21.25,22.75,8
epipelagic,10^3 g,21.75,6.25,1
epipelagic,10^3 g,21.75,6.75,1
epipelagic,10^3 g,21.75,13.75,16
epipelagic,10^3 g,21.75,14.25,3
epipelagic,10^3 g,21.75,17.75,2
epipelagic,10^3 g,21.75,19.25,2
epipelagic,10^3 g,21.75,19.75,3
epipelagic,10^3 g,21.75,20.25,2
epipelagic,10^3 g,21.75,20.75,14
epipelagic,10^3 g,21.75,21.25,102
epipelagic,10^3 g,21.75,21.75,4
epipelagic,10^3 g,21.75,22.25,2
epipelagic,10^3 g,22.25,13.75,3
epipelagic,10^3 g,22.25,15.75,2
epipelagic,10^3 g,22.25,19.25,1
epipelagic,10^3 g,22.25,20.25,31
epipelagic,10^3 g,22.25,20.75,71
epipelagic,10^3 g,22.25,21.25,33
epipelagic,10^3 g,22.25,21.75,3
epipelagic,10^3 g,22.25,22.25,3
epipelagic,10^3 g,22.25,25.25,27
epipelagic,10^3 g,22.75,13.25,1
epipelagic,10^3 g,22.75,19.25,1
epipelagic,10^3 g,22.75,19.75,1
epipelagic,10^3 g,22.75,20.25,3
epipelagic,10^3 g,22.75,20.75,112
epipelagic,10^3 g,22.75,21.25,4
epipelagic,10^3 g,22.75,21.75,2
epipelagic,10^3 g,22.75,22.25,10
epipelagic,10^3 g,22.75,23.25,1
epipelagic,10^3 g,23.25,9.75,1
epipelagic,10^3 g,23.25,19.25,3
epipelagic,10^3 g,23.25,19.75,4
epipelagic,10^3 g,23.25,20.25,1
epipelagic,10^3 g,23.25,20.75,6
epipelagic,10^3 g,23.25,21.25,191
epipelagic,10^3 g,23.25,21.75,10
epipelagic,10^3 g,23.25,22.25,28
epipelagic,10^3 g,23.25,22.75,23
epipelagic,10^3 g,23.75,11.25,1
epipelagic,10^3 g,23.75,15.75,6
epipelagic,10^3 g,23.75,16.25,7
epipelagic,10^3 g,23.75,16.75,2
epipelagic,10^3 g,23.75,17.25,1
epipelagic,10^3 g,23.75,18.25,7
epipelagic,10^3 g,23.75,18.75,3
epipelagic,10^3 g,23.75,19.75,1
epipelagic,10^3 g,23.75,20.25,5
epipelagic,10^3 g,23.75,20.75,75
epipelagic,10^3 g,23.75,21.25,5
epipelagic,10^3 g,23.75,21.75,4
epipelagic,10^3 g,23.75,22.25,36
epipelagic,10^3 g,23.75,22.75,27
epipelagic,10^3 g,24.25,10.75,2
epipelagic,10^3 g,24.25,16.75,2
epipelagic,10^3 g,24.25,17.25,2
epipelagic,10^3 g,24.25,17.75,4
epipelagic,10^3 g,24.25,18.25,3
epipelagic,10^3 g,24.25,18.75,1
epipelagic,10^3 g,24.25,19.25,1
epipelagic,10^3 g,24.25,19.75,2
epipelagic,10^3 g,24.25,20.25,2
epipelagic,10^3 g,24.25,20.75,33
epipelagic,10^3 g,24.25,21.25,181
epipelagic,10^3 g,24.25,21.75,23
epipelagic,10^3 g,24.25,22.25,1
epipelagic,10^3 g,24.75,10.75,1
epipelagic,10^3 g,24.75,11.75,2
epipelagic,10^3 g,24.75,13.75,1
epipelagic,10^3 g,24.75,15.75,1
epipelagic,10^3 g,24.75,16.25,2
epipelagic,10^3 g,24.75,16.75,1
epipelagic,10^3 g,24.75,17.25,1
epipelagic,10^3 g,24.75,17.75,3
epipelagic,10^3 g,24.75,18.25,4
epipelagic,10^3 g,24.75,18.75,4
epipelagic,10^3 g,24.75,19.25,19
epipelagic,10^3 g,24.75,19.75,29
epipelagic,10^3 g,24.75,20.25,19
epipelagic,10^3 g,24.75,20.75,756
epipelagic,10^3 g,24.75,21.25,16
epipelagic,10^3 g,24.75,21.75,43
epipelagic,10^3 g,24.75,22.25,5
epipelagic,10^3 g,25.25,16.75,1
epipelagic,10^3 g,25.25,17.75,4
epipelagic,10^3 g,25.25,18.25,10
epipelagic,10^3 g,25.25,19.25,1
epipelagic,10^3 g,25.25,19.75,50
epipelagic,10^3 g,25.25,20.25,4
epipelagic,10^3 g,25.25,20.75,315
epipelagic,10^3 g,25.25,21.25,113
epipelagic,10^3 g,25.25,21.75,186
epipelagic,10^3 g,25.25,22.25,10
epipelagic,10^3 g,25.75,11.25,2
epipelagic,10^3 g,25.75,12.25,3
epipelagic,10^3 g,25.75,13.75,1
epipelagic,10^3 g,25.75,17.75,3
epipelagic,10^3 g,25.75,18.25,1
epipelagic,10^3 g,25.75,19.75,7
epipelagic,10^3 g,25.75,20.25,7
epipelagic,10^3 g,25.75,20.75,20
epipelagic,10^3 g,25.75,21.25,69
epipelagic,10^3 g,25.75,21.75,82
epipelagic,10^3 g,25.75,22.25,2
epipelagic,10^3 g,26.25,9.25,1
epipelagic,10^3 g,26.25,13.75,3
epipelagic,10^3 g,26.25,15.75,5
epipelagic,10^3 g,26.25,16.25,2
epipelagic,10^3 g,26.25,16.75,1
epipelagic,10^3 g,26.25,17.25,2
epipelagic,10^3 g,26.25,17.75,2
epipelagic,10^3 g,26.25,19.25,2
epipelagic,10^3 g,26.25,20.25,10
epipelagic,10^3 g,26.25,20.75,6
epipelagic,10^3 g,26.25,21.25,21
epipelagic,10^3 g,26.25,21.75,45
epipelagic,10^3 g,26.25,22.25,1
epipelagic,10^3 g,26.75,12.25,5
epipelagic,10^3 g,26.75,12.75,4
epipelagic,10^3 g,26.75,14.75,2
epipelagic,10^3 g,26.75,16.25,1
epipelagic,10^3 g,26.75,16.75,3
epipelagic,10^3 g,26.75,17.25,5
epipelagic,10^3 g,26.75,17.75,6
epipelagic,10^3 g,26.75,19.25,3
epipelagic,10^3 g,26.75,19.75,6
epipelagic,10^3 g,26.75,20.25,7
epipelagic,10^3 g,26.75,20.75,52
epipelagic,10^3 g,26.75,21.25,6
epipelagic,10^3 g,26.75,21.75,12
epipelagic,10^3 g,26.75,22.25,1
epipelagic,10^3 g,27.25,13.75,18
epipelagic,10^3 g,27.25,14.75,1
epipelagic,10^3 g,27.25,15.25,2
epipelagic,10^3 g,27.25,16.25,6
epipelagic,10^3 g,27.25,16.75,16
epipelagic,10^3 g,27.25,17.25,10
epipelagic,10^3 g,27.25,17.75,19
epipelagic,10^3 g,27.25,18.25,3
epipelagic,10^3 g,27.25,18.75,12
epipelagic,10^3 g,27.25,19.25,14
epipelagic,10^3 g,27.25,19.75,10
epipelagic,10^3 g,27.25,20.25,4
epipelagic,10^3 g,27.25,20.75,53
epipelagic,10^3 g,27.25,21.25,103
epipelagic,10^3 g,27.25,21.75,48
epipelagic,10^3 g,27.25,22.25,1
epipelagic,10^3 g,27.75,11.25,1
epipelagic,10^3 g,27.75,12.75,4
epipelagic,10^3 g,27.75,14.25,4
epipelagic,10^3 g,27.75,16.25,4
epipelagic,10^3 g,27.75,16.75,2
epipelagic,10^3 g,27.75,17.25,1
epipelagic,10^3 g,27.75,17.75,11
epipelagic,10^3 g,27.75,18.25,8
epipelagic,10^3 g,27.75,18.75,8
epipelagic,10^3 g,27.75,19.25,8
epipelagic,10^3 g,27.75,19.75,74
epipelagic,10^3 g,27.75,20.25,8
epipelagic,10^3 g,27.75,20.75,59
epipelagic,10^3 g,27.75,21.25,21
epipelagic,10^3 g,27.75,21.75,54
epipelagic,10^3 g,27.75,22.25,3
epipelagic,10^3 g,28.25,18.75,2
epipelagic,10^3 g,28.25,19.25,1
epipelagic,10^3 g,28.25,19.75,2
epipelagic,10^3 g,28.25,20.25,15
epipelagic,10^3 g,28.25,20.75,2
epipelagic,10^3 g,28.25,21.25,55
epipelagic,10^3 g,28.25,21.75,22
epipelagic,10^3 g,28.25,22.25,1
epipelagic,10^3 g,28.75,18.25,1
epipelagic,10^3 g,28.75,19.75,1
epipelagic,10^3 g,28.75,20.75,3
epipelagic,10^3 g,28.75,21.25,18
epipelagic,10^3 g,28.75,21.75,44
epipelagic,10^3 g,28.75,22.25,1
epipelagic,10^3 g,29.25,19.75,1
epipelagic,10^3 g,29.25,21.25,6
epipelagic,10^3 g,29.25,21.75,12
epipelagic,10^3 g,29.25,22.25,3
epipelagic,10^3 g,29.75,21.75,1
epipelagic,10^4 g,0.25,13.25,1
epipelagic,10^4 g,0.25,13.75,1
epipelagic,10^4 g,0.25,16.75,2
epipelagic,10^4 g,0.25,17.25,1
epipelagic,10^4 g,0.25,17.75,14
epipelagic,10^4 g,0.25,18.25,10
epipelagic,10^4 g,0.25,18.75,16
epipelagic,10^4 g,0.25,19.25,6
epipelagic,10^4 g,0.25,19.75,9
epipelagic,10^4 g,0.25,20.25,3
epipelagic,10^4 g,0.25,20.75,1
epipelagic,10^4 g,0.75,14.25,5
epipelagic,10^4 g,0.75,17.25,1
epipelagic,10^4 g,0.75,17.75,2
epipelagic,10^4 g,0.75,18.25,1
epipelagic,10^4 g,0.75,18.75,2
epipelagic,10^4 g,0.75,19.25,1
epipelagic,10^4 g,0.75,19.75,6
epipelagic,10^4 g,0.75,20.75,1
epipelagic,10^4 g,0.75,22.25,1
epipelagic,10^4 g,1.25,12.75,1
epipelagic,10^4 g,1.25,14.25,1
epipelagic,10^4 g,1.25,15.75,1
epipelagic,10^4 g,1.25,19.25,4
epipelagic,10^4 g,1.25,19.75,7
epipelagic,10^4 g,1.25,20.25,9
epipelagic,10^4 g,1.25,22.25,3
epipelagic,10^4 g,1.75,12.75,3
epipelagic,10^4 g,1.75,13.25,4
epipelagic,10^4 g,1.75,13.75,1
epipelagic,10^4 g,1.75,14.75,3
epipelagic,10^4 g,1.75,15.25,74
epipelagic,10^4 g,1.75,15.75,20
epipelagic,10^4 g,1.75,16.25,1
epipelagic,10^4 g,1.75,18.25,2
epipelagic,10^4 g,1.75,19.25,2
epipelagic,10^4 g,1.75,19.75,10
epipelagic,10^4 g,1.75,20.25,19
epipelagic,10^4 g,1.75,20.75,2
epipelagic,10^4 g,1.75,21.75,2
epipelagic,10^4 g,1.75,22.25,4
epipelagic,10^4 g,1.75,23.25,5
epipelagic,10^4 g,2.25,12.25,1
epipelagic,10^4 g,2.25,13.75,1
epipelagic,10^4 g,2.25,15.25,2
epipelagic,10^4 g,2.25,15.75,60
epipelagic,10^4 g,2.25,16.75,1
epipelagic,10^4 g,2.25,17.25,17
epipelagic,10^4 g,2.25,17.75,3
epipelagic,10^4 g,2.25,18.25,2
epipelagic,10^4 g,2.25,19.25,4
epipelagic,10^4 g,2.25,19.75,7
epipelagic,10^4 g,2.25,20.25,28
epipelagic,10^4 g,2.25,22.25,1
epipelagic,10^4 g,2.25,22.75,4
epipelagic,10^4 g,2.25,23.25,4
epipelagic,10^4 g,2.75,12.75,1
epipelagic,10^4 g,2.75,15.25,2
epipelagic,10^4 g,2.75,15.75,219
epipelagic,10^4 g,2.75,16.25,81
epipelagic,10^4 g,2.75,16.75,119
epipelagic,10^4 g,2.75,17.25,53
epipelagic,10^4 g,2.75,17.75,10
epipelagic,10^4 g,2.75,18.25,53
epipelagic,10^4 g,2.75,18.75,14
epipelagic,10^4 g,2.75,19.25,13
epipelagic,10^4 g,2.75,19.75,1
epipelagic,10^4 g,2.75,20.25,31
epipelagic,10^4 g,2.75,20.75,5
epipelagic,10^4 g,2.75,22.75,2
epipelagic,10^4 g,2.75,23.25,3
epipelagic,10^4 g,3.25,4.75,1
epipelagic,10^4 g,3.25,5.25,3
epipelagic,10^4 g,3.25,5.75,1
epipelagic,10^4 g,3.25,12.75,1
epipelagic,10^4 g,3.25,15.75,11
epipelagic,10^4 g,3.25,16.25,38
epipelagic,10^4 g,3.25,16.75,165
epipelagic,10^4 g,3.25,17.25,466
epipelagic,10^4 g,3.25,17.75,174
epipelagic,10^4 g,3.25,18.25,72
epipelagic,10^4 g,3.25,18.75,323
epipelagic,10^4 g,3.25,19.25,126
epipelagic,10^4 g,3.25,19.75,54
epipelagic,10^4 g,3.25,20.25,49
epipelagic,10^4 g,3.25,20.75,4
epipelagic,10^4 g,3.25,21.25,17
epipelagic,10^4 g,3.25,21.75,5
epipelagic,10^4 g,3.25,22.75,1
epipelagic,10^4 g,3.75,5.25,1
epipelagic,10^4 g,3.75,13.25,1
epipelagic,10^4 g,3.75,13.75,4
epipelagic,10^4 g,3.75,15.25,32
epipelagic,10^4 g,3.75,15.75,8
epipelagic,10^4 g,3.75,16.25,47
epipelagic,10^4 g,3.75,16.75,183
epipelagic,10^4 g,3.75,17.25,98
epipelagic,10^4 g,3.75,17.75,241
epipelagic,10^4 g,3.75,18.25,38
epipelagic,10^4 g,3.75,18.75,13
epipelagic,10^4 g,3.75,19.25,108
epipelagic,10^4 g,3.75,19.75,24
epipelagic,10^4 g,3.75,20.25,43
epipelagic,10^4 g,3.75,20.75,29
epipelagic,10^4 g,3.75,21.25,2
epipelagic,10^4 g,3.75,21.75,19
epipelagic,10^4 g,3.75,22.75,4
epipelagic,10^4 g,3.75,23.25,5
epipelagic,10^4 g,4.25,11.75,1
epipelagic,10^4 g,4.25,12.25,1
epipelagic,10^4 g,4.25,13.25,4
epipelagic,10^4 g,4.25,13.75,117
epipelagic,10^4 g,4.25,14.25,267
epipelagic,10^4 g,4.25,14.75,460
epipelagic,10^4 g,4.25,15.25,43
epipelagic,10^4 g,4.25,15.75,2
epipelagic,10^4 g,4.25,16.25,4
epipelagic,10^4 g,4.25,16.75,25
epipelagic,10^4 g,4.25,17.25,18
epipelagic,10^4 g,4.25,17.75,48
epipelagic,10^4 g,4.25,18.25,5
epipelagic,10^4 g,4.25,18.75,2
epipelagic,10^4 g,4.25,19.75,6
epipelagic,10^4 g,4.25,20.25,41
epipelagic,10^4 g,4.25,20.75,26
epipelagic,10^4 g,4.25,21.25,20
epipelagic,10^4 g,4.25,21.75,1
epipelagic,10^4 g,4.25,22.25,20
epipelagic,10^4 g,4.25,22.75,2
epipelagic,10^4 g,4.75,4.75,1
epipelagic,10^4 g,4.75,10.25,1
epipelagic,10^4 g,4.75,11.75,2
epipelagic,10^4 g,4.75,12.25,7
epipelagic,10^4 g,4.75,12.75,31
epipelagic,10^4 g,4.75,13.25,224
epipelagic,10^4 g,4.75,13.75,139
epipelagic,10^4 g,4.75,14.25,19
epipelagic,10^4 g,4.75,14.75,7
epipelagic,10^4 g,4.75,15.25,3
epipelagic,10^4 g,4.75,15.75,3
epipelagic,10^4 g,4.75,16.25,20
epipelagic,10^4 g,4.75,16.75,19
epipelagic,10^4 g,4.75,17.25,4
epipelagic,10^4 g,4.75,17.75,5
epipelagic,10^4 g,4.75,19.25,2
epipelagic,10^4 g,4.75,20.25,59
epipelagic,10^4 g,4.75,20.75,8
epipelagic,10^4 g,4.75,21.25,7
epipelagic,10^4 g,4.75,21.75,23
epipelagic,10^4 g,4.75,22.25,49
epipelagic,10^4 g,4.75,22.75,8
epipelagic,10^4 g,5.25,3.75,63
epipelagic,10^4 g,5.25,4.25,21
epipelagic,10^4 g,5.25,4.75,65
epipelagic,10^4 g,5.25,10.25,21
epipelagic,10^4 g,5.25,11.25,20
epipelagic,10^4 g,5.25,11.75,67
epipelagic,10^4 g,5.25,12.25,84
epipelagic,10^4 g,5.25,12.75,36
epipelagic,10^4 g,5.25,13.25,13
epipelagic,10^4 g,5.25,13.75,1
epipelagic,10^4 g,5.25,14.25,16
epipelagic,10^4 g,5.25,15.25,6
epipelagic,10^4 g,5.25,15.75,7
epipelagic,10^4 g,5.25,16.25,1
epipelagic,10^4 g,5.25,16.75,30
epipelagic,10^4 g,5.25,17.25,2
epipelagic,10^4 g,5.25,17.75,5
epipelagic,10^4 g,5.25,18.75,9
epipelagic,10^4 g,5.25,19.25,2
epipelagic,10^4 g,5.25,19.75,11
epipelagic,10^4 g,5.25,20.25,27
epipelagic,10^4 g,5.25,20.75,32
epipelagic,10^4 g,5.25,21.25,6
epipelagic,10^4 g,5.25,21.75,99
epipelagic,10^4 g,5.25,22.25,7
epipelagic,10^4 g,5.25,23.25,10
epipelagic,10^4 g,5.75,5.25,30
epipelagic,10^4 g,5.75,5.75,76
epipelagic,10^4 g,5.75,6.25,36
epipelagic,10^4 g,5.75,6.75,16
epipelagic,10^4 g,5.75,8.75,33
epipelagic,10^4 g,5.75,10.25,14
epipelagic,10^4 g,5.75,10.75,22
epipelagic,10^4 g,5.75,11.25,49
epipelagic,10^4 g,5.75,11.75,157
epipelagic,10^4 g,5.75,12.75,51
epipelagic,10^4 g,5.75,13.25,4
epipelagic,10^4 g,5.75,13.75,6
epipelagic,10^4 g,5.75,14.25,2
epipelagic,10^4 g,5.75,14.75,5
epipelagic,10^4 g,5.75,15.25,1
epipelagic,10^4 g,5.75,15.75,6
epipelagic,10^4 g,5.75,16.75,12
epipelagic,10^4 g,5.75,17.25,1
epipelagic,10^4 g,5.75,17.75,7
epipelagic,10^4 g,5.75,18.25,1
epipelagic,10^4 g,5.75,19.25,1
epipelagic,10^4 g,5.75,19.75,11
epipelagic,10^4 g,5.75,20.25,34
epipelagic,10^4 g,5.75,20.75,79
epipelagic,10^4 g,5.75,21.25,111
epipelagic,10^4 g,5.75,21.75,92
epipelagic,10^4 g,5.75,22.25,10
epipelagic,10^4 g,6.25,6.75,30
epipelagic,10^4 g,6.25,7.25,29
epipelagic,10^4 g,6.25,8.25,1
epipelagic,10^4 g,6.25,8.75,206
epipelagic,10^4 g,6.25,9.25,1
epipelagic,10^4 g,6.25,9.75,1
epipelagic,10^4 g,6.25,10.25,29
epipelagic,10^4 g,6.25,10.75,39
epipelagic,10^4 g,6.25,11.25,12
epipelagic,10^4 g,6.25,12.25,3
epipelagic,10^4 g,6.25,13.25,2
epipelagic,10^4 g,6.25,13.75,4
epipelagic,10^4 g,6.25,14.25,7
epipelagic,10^4 g,6.25,14.75,11
epipelagic,10^4 g,6.25,15.25,2
epipelagic,10^4 g,6.25,15.75,25
epipelagic,10^4 g,6.25,16.25,5
epipelagic,10^4 g,6.25,17.25,1
epipelagic,10^4 g,6.25,17.75,5
epipelagic,10^4 g,6.25,18.25,7
epipelagic,10^4 g,6.25,18.75,9
epipelagic,10^4 g,6.25,19.25,12
epipelagic,10^4 g,6.25,19.75,5
epipelagic,10^4 g,6.25,20.25,28
epipelagic,10^4 g,6.25,20.75,64
epipelagic,10^4 g,6.25,21.25,609
epipelagic,10^4 g,6.25,21.75,100
epipelagic,10^4 g,6.25,22.25,3
epipelagic,10^4 g,6.75,1.75,1
epipelagic,10^4 g,6.75,8.25,93
epipelagic,10^4 g,6.75,8.75,23
epipelagic,10^4 g,6.75,9.25,54
epipelagic,10^4 g,6.75,9.75,71
epipelagic,10^4 g,6.75,10.25,69
epipelagic,10^4 g,6.75,10.75,37
epipelagic,10^4 g,6.75,11.75,11
epipelagic,10^4 g,6.75,12.25,1
epipelagic,10^4 g,6.75,13.25,2
epipelagic,10^4 g,6.75,14.25,12
epipelagic,10^4 g,6.75,14.75,1
epipelagic,10^4 g,6.75,15.25,30
epipelagic,10^4 g,6.75,15.75,5
epipelagic,10^4 g,6.75,16.25,33
epipelagic,10^4 g,6.75,16.75,1
epipelagic,10^4 g,6.75,17.25,6
epipelagic,10^4 g,6.75,17.75,5
epipelagic,10^4 g,6.75,18.25,4
epipelagic,10^4 g,6.75,18.75,6
epipelagic,10^4 g,6.75,19.25,9
epipelagic,10^4 g,6.75,19.75,20
epipelagic,10^4 g,6.75,20.25,70
epipelagic,10^4 g,6.75,20.75,51
epipelagic,10^4 g,6.75,21.25,533
epipelagic,10^4 g,6.75,21.75,201
epipelagic,10^4 g,6.75,22.25,3
epipelagic,10^4 g,6.75,22.75,1
epipelagic,10^4 g,7.25,9.25,9
epipelagic,10^4 g,7.25,9.75,57
epipelagic,10^4 g,7.25,10.25,2
epipelagic,10^4 g,7.25,10.75,1
epipelagic,10^4 g,7.25,12.75,44
epipelagic,10^4 g,7.25,13.75,2
epipelagic,10^4 g,7.25,14.25,3
epipelagic,10^4 g,7.25,14.75,2
epipelagic,10^4 g,7.25,15.25,43
epipelagic,10^4 g,7.25,15.75,29
epipelagic,10^4 g,7.25,16.25,14
epipelagic,10^4 g,7.25,16.75,2
epipelagic,10^4 g,7.25,17.25,11
epipelagic,10^4 g,7.25,17.75,16
epipelagic,10^4 g,7.25,18.25,6
epipelagic,10^4 g,7.25,18.75,15
epipelagic,10^4 g,7.25,19.25,113
epipelagic,10^4 g,7.25,19.75,247
epipelagic,10^4 g,7.25,20.25,125
epipelagic,10^4 g,7.25,20.75,71
epipelagic,10^4 g,7.25,21.25,170
epipelagic,10^4 g,7.25,21.75,160
epipelagic,10^4 g,7.75,8.75,2
epipelagic,10^4 g,7.75,9.25,8
epipelagic,10^4 g,7.75,9.75,25
epipelagic,10^4 g,7.75,10.75,1
epipelagic,10^4 g,7.75,13.25,1
epipelagic,10^4 g,7.75,14.25,10
epipelagic,10^4 g,7.75,14.75,22
epipelagic,10^4 g,7.75,15.25,27
epipelagic,10^4 g,7.75,15.75,1
epipelagic,10^4 g,7.75,16.25,17
epipelagic,10^4 g,7.75,16.75,6
epipelagic,10^4 g,7.75,17.25,30
epipelagic,10^4 g,7.75,17.75,12
epipelagic,10^4 g,7.75,18.25,18
epipelagic,10^4 g,7.75,19.25,4
epipelagic,10^4 g,7.75,19.75,184
epipelagic,10^4 g,7.75,20.25,414
epipelagic,10^4 g,7.75,20.75,50
epipelagic,10^4 g,7.75,21.25,49
epipelagic,10^4 g,7.75,21.75,207
epipelagic,10^4 g,7.75,22.25,18
epipelagic,10^4 g,7.75,22.75,9
epipelagic,10^4 g,8.25,5.25,2
epipelagic,10^4 g,8.25,8.75,9
epipelagic,10^4 g,8.25,9.25,10
epipelagic,10^4 g,8.25,11.25,7
epipelagic,10^4 g,8.25,11.75,2
epipelagic,10^4 g,8.25,12.25,1
epipelagic,10^4 g,8.25,13.25,1
epipelagic,10^4 g,8.25,14.25,1
epipelagic,10^4 g,8.25,14.75,5
epipelagic,10^4 g,8.25,15.25,10
epipelagic,10^4 g,8.25,15.75,13
epipelagic,10^4 g,8.25,16.25,15
epipelagic,10^4 g,8.25,16.75,21
epipelagic,10^4 g,8.25,17.25,21
epipelagic,10^4 g,8.25,17.75,52
epipelagic,10^4 g,8.25,18.75,4
epipelagic,10^4 g,8.25,19.25,65
epipelagic,10^4 g,8.25,19.75,179
epipelagic,10^4 g,8.25,20.25,433
epipelagic,10^4 g,8.25,20.75,64
epipelagic,10^4 g,8.25,21.25,5
epipelagic,10^4 g,8.25,21.75,98
epipelagic,10^4 g,8.25,22.25,31
epipelagic,10^4 g,8.25,22.75,1
epipelagic,10^4 g,8.75,9.25,21
epipelagic,10^4 g,8.75,10.25,1
epipelagic,10^4 g,8.75,11.25,3
epipelagic,10^4 g,8.75,12.75,1
epipelagic,10^4 g,8.75,13.25,1
epipelagic,10^4 g,8.75,14.75,25
epipelagic,10^4 g,8.75,15.25,22
epipelagic,10^4 g,8.75,15.75,1
epipelagic,10^4 g,8.75,16.25,5
epipelagic,10^4 g,8.75,16.75,28
epipelagic,10^4 g,8.75,17.25,33
epipelagic,10^4 g,8.75,17.75,29
epipelagic,10^4 g,8.75,18.25,23
epipelagic,10^4 g,8.75,18.75,19
epipelagic,10^4 g,8.75,19.25,196
epipelagic,10^4 g,8.75,19.75,330
epipelagic,10^4 g,8.75,20.25,564
epipelagic,10^4 g,8.75,20.75,493
epipelagic,10^4 g,8.75,21.25,23
epipelagic,10^4 g,8.75,21.75,90
epipelagic,10^4 g,8.75,22.25,41
epipelagic,10^4 g,8.75,22.75,3
epipelagic,10^4 g,9.25,5.75,2
epipelagic,10^4 g,9.25,9.25,4
epipelagic,10^4 g,9.25,11.25,20
epipelagic,10^4 g,9.25,12.75,145
epipelagic,10^4 g,9.25,14.25,1
epipelagic,10^4 g,9.25,14.75,49
epipelagic,10^4 g,9.25,15.25,17
epipelagic,10^4 g,9.25,15.75,9
epipelagic,10^4 g,9.25,16.75,22
epipelagic,10^4 g,9.25,17.25,88
epipelagic,10^4 g,9.25,17.75,11
epipelagic,10^4 g,9.25,18.25,77
epipelagic,10^4 g,9.25,18.75,18
epipelagic,10^4 g,9.25,19.25,175
epipelagic,10^4 g,9.25,19.75,220
epipelagic,10^4 g,9.25,20.25,654
epipelagic,10^4 g,9.25,20.75,532
epipelagic,10^4 g,9.25,21.25,268
epipelagic,10^4 g,9.25,21.75,103
epipelagic,10^4 g,9.25,22.25,600
epipelagic,10^4 g,9.25,22.75,6
epipelagic,10^4 g,9.75,1.25,1
epipelagic,10^4 g,9.75,9.25,17
epipelagic,10^4 g,9.75,9.75,1
epipelagic,10^4 g,9.75,11.75,41
epipelagic,10^4 g,9.75,14.25,2
epipelagic,10^4 g,9.75,14.75,13
epipelagic,10^4 g,9.75,15.25,13
epipelagic,10^4 g,9.75,15.75,16
epipelagic,10^4 g,9.75,16.25,5
epipelagic,10^4 g,9.75,16.75,1
epipelagic,10^4 g,9.75,17.25,21
epipelagic,10^4 g,9.75,17.75,104
epipelagic,10^4 g,9.75,18.25,69
epipelagic,10^4 g,9.75,18.75,51
epipelagic,10^4 g,9.75,19.25,17
epipelagic,10^4 g,9.75,19.75,318
epipelagic,10^4 g,9.75,20.25,578
epipelagic,10^4 g,9.75,20.75,1326
epipelagic,10^4 g,9.75,21.25,440
epipelagic,10^4 g,9.75,21.75,322
epipelagic,10^4 g,9.75,22.25,23
epipelagic,10^4 g,9.75,22.75,114
epipelagic,10^4 g,10.25,9.75,13
epipelagic,10^4 g,10.25,12.25,19
epipelagic,10^4 g,10.25,13.75,1
epipelagic,10^4 g,10.25,14.25,8
epipelagic,10^4 g,10.25,14.75,44
epipelagic,10^4 g,10.25,15.25,17
epipelagic,10^4 g,10.25,15.75,11
epipelagic,10^4 g,10.25,16.25,9
epipelagic,10^4 g,10.25,16.75,3
epipelagic,10^4 g,10.25,17.25,56
epipelagic,10^4 g,10.25,17.75,175
epipelagic,10^4 g,10.25,18.25,12
epipelagic,10^4 g,10.25,18.75,15
epipelagic,10^4 g,10.25,19.25,21
epipelagic,10^4 g,10.25,19.75,3052
epipelagic,10^4 g,10.25,20.25,4633
epipelagic,10^4 g,10.25,20.75,1227
epipelagic,10^4 g,10.25,21.25,472
epipelagic,10^4 g,10.25,21.75,62
epipelagic,10^4 g,10.25,22.25,4
epipelagic,10^4 g,10.25,22.75,2
epipelagic,10^4 g,10.75,9.75,3
epipelagic,10^4 g,10.75,11.75,4
epipelagic,10^4 g,10.75,12.25,1
epipelagic,10^4 g,10.75,14.25,1
epipelagic,10^4 g,10.75,14.75,12
epipelagic,10^4 g,10.75,15.25,23
epipelagic,10^4 g,10.75,15.75,10
epipelagic,10^4 g,10.75,16.25,46
epipelagic,10^4 g,10.75,16.75,3
epipelagic,10^4 g,10.75,17.25,6
epipelagic,10^4 g,10.75,18.25,61
epipelagic,10^4 g,10.75,18.75,125
epipelagic,10^4 g,10.75,19.25,14
epipelagic,10^4 g,10.75,19.75,512
epipelagic,10^4 g,10.75,20.25,5826
epipelagic,10^4 g,10.75,20.75,3788
epipelagic,10^4 g,10.75,21.25,1010
epipelagic,10^4 g,10.75,21.75,496
epipelagic,10^4 g,10.75,22.25,10
epipelagic,10^4 g,10.75,22.75,6
epipelagic,10^4 g,11.25,6.75,1
epipelagic,10^4 g,11.25,9.75,5
epipelagic,10^4 g,11.25,11.75,8
epipelagic,10^4 g,11.25,12.25,13
epipelagic,10^4 g,11.25,12.75,2
epipelagic,10^4 g,11.25,13.25,2
epipelagic,10^4 g,11.25,14.25,1
epipelagic,10^4 g,11.25,15.75,26
epipelagic,10^4 g,11.25,16.25,23
epipelagic,10^4 g,11.25,16.75,20
epipelagic,10^4 g,11.25,17.25,96
epipelagic,10^4 g,11.25,17.75,36
epipelagic,10^4 g,11.25,18.25,24
epipelagic,10^4 g,11.25,18.75,26
epipelagic,10^4 g,11.25,19.25,2
epipelagic,10^4 g,11.25,19.75,110
epipelagic,10^4 g,11.25,20.25,2336
epipelagic,10^4 g,11.25,20.75,945
epipelagic,10^4 g,11.25,21.25,1215
epipelagic,10^4 g,11.25,21.75,486
epipelagic,10^4 g,11.25,22.25,176
epipelagic,10^4 g,11.25,22.75,1
epipelagic,10^4 g,11.75,0.25,1
epipelagic,10^4 g,11.75,4.25,1
epipelagic,10^4 g,11.75,9.75,1
epipelagic,10^4 g,11.75,11.75,1
epipelagic,10^4 g,11.75,12.75,1
epipelagic,10^4 g,11.75,13.25,3
epipelagic,10^4 g,11.75,14.25,18
epipelagic,10^4 g,11.75,14.75,4
epipelagic,10^4 g,11.75,15.25,3
epipelagic,10^4 g,11.75,15.75,6
epipelagic,10^4 g,11.75,16.25,6
epipelagic,10^4 g,11.75,16.75,24
epipelagic,10^4 g,11.75,17.25,7
epipelagic,10^4 g,11.75,17.75,46
epipelagic,10^4 g,11.75,18.25,52
epipelagic,10^4 g,11.75,18.75,67
epipelagic,10^4 g,11.75,19.25,6
epipelagic,10^4 g,11.75,19.75,152
epipelagic,10^4 g,11.75,20.25,1384
epipelagic,10^4 g,11.75,20.75,1940
epipelagic,10^4 g,11.75,21.25,565
epipelagic,10^4 g,11.75,21.75,158
epipelagic,10^4 g,11.75,22.25,287
epipelagic,10^4 g,11.75,22.75,2
epipelagic,10^4 g,12.25,0.25,2
epipelagic,10^4 g,12.25,0.75,1
epipelagic,10^4 g,12.25,7.25,2
epipelagic,10^4 g,12.25,8.25,1
epipelagic,10^4 g,12.25,9.75,4
epipelagic,10^4 g,12.25,10.25,2
epipelagic,10^4 g,12.25,12.75,2
epipelagic,10^4 g,12.25,14.75,2
epipelagic,10^4 g,12.25,15.25,12
epipelagic,10^4 g,12.25,15.75,7
epipelagic,10^4 g,12.25,16.25,22
epipelagic,10^4 g,12.25,16.75,5
epipelagic,10^4 g,12.25,17.25,5
epipelagic,10^4 g,12.25,17.75,1
epipelagic,10^4 g,12.25,18.25,24
epipelagic,10^4 g,12.25,18.75,38
epipelagic,10^4 g,12.25,19.25,261
epipelagic,10^4 g,12.25,19.75,136
epipelagic,10^4 g,12.25,20.25,293
epipelagic,10^4 g,12.25,20.75,49
epipelagic,10^4 g,12.25,21.25,224
epipelagic,10^4 g,12.25,21.75,179
epipelagic,10^4 g,12.25,22.25,582
epipelagic,10^4 g,12.25,22.75,55
epipelagic,10^4 g,12.75,10.25,1
epipelagic,10^4 g,12.75,10.75,4
epipelagic,10^4 g,12.75,11.75,1
epipelagic,10^4 g,12.75,13.25,18
epipelagic,10^4 g,12.75,14.25,4
epipelagic,10^4 g,12.75,14.75,3
epipelagic,10^4 g,12.75,15.25,1
epipelagic,10^4 g,12.75,15.75,1
epipelagic,10^4 g,12.75,16.25,7
epipelagic,10^4 g,12.75,16.75,59
epipelagic,10^4 g,12.75,17.25,79
epipelagic,10^4 g,12.75,17.75,34
epipelagic,10^4 g,12.75,18.25,10
epipelagic,10^4 g,12.75,18.75,37
epipelagic,10^4 g,12.75,19.25,14
epipelagic,10^4 g,12.75,19.75,151
epipelagic,10^4 g,12.75,20.25,2323
epipelagic,10^4 g,12.75,20.75,63
epipelagic,10^4 g,12.75,21.25,25
epipelagic,10^4 g,12.75,21.75,73
epipelagic,10^4 g,12.75,22.25,201
epipelagic,10^4 g,12.75,22.75,7
epipelagic,10^4 g,13.25,7.75,1
epipelagic,10^4 g,13.25,10.25,1
epipelagic,10^4 g,13.25,11.25,16
epipelagic,10^4 g,13.25,12.75,5
epipelagic,10^4 g,13.25,13.75,38
epipelagic,10^4 g,13.25,15.25,1
epipelagic,10^4 g,13.25,16.25,3
epipelagic,10^4 g,13.25,16.75,4
epipelagic,10^4 g,13.25,17.25,7
epipelagic,10^4 g,13.25,17.75,35
epipelagic,10^4 g,13.25,18.25,9
epipelagic,10^4 g,13.25,18.75,9
epipelagic,10^4 g,13.25,19.25,56
epipelagic,10^4 g,13.25,19.75,29
epipelagic,10^4 g,13.25,20.25,70
epipelagic,10^4 g,13.25,20.75,57
epipelagic,10^4 g,13.25,21.25,9
epipelagic,10^4 g,13.25,21.75,93
epipelagic,10^4 g,13.25,22.25,185
epipelagic,10^4 g,13.25,22.75,7
epipelagic,10^4 g,13.75,4.75,1
epipelagic,10^4 g,13.75,10.25,1
epipelagic,10^4 g,13.75,10.75,13
epipelagic,10^4 g,13.75,13.75,29
epipelagic,10^4 g,13.75,14.75,4
epipelagic,10^4 g,13.75,15.75,1
epipelagic,10^4 g,13.75,16.25,1
epipelagic,10^4 g,13.75,17.25,8
epipelagic,10^4 g,13.75,17.75,4
epipelagic,10^4 g,13.75,18.25,5
epipelagic,10^4 g,13.75,18.75,17
epipelagic,10^4 g,13.75,19.25,20
epipelagic,10^4 g,13.75,19.75,41
epipelagic,10^4 g,13.75,20.25,126
epipelagic,10^4 g,13.75,20.75,80
epipelagic,10^4 g,13.75,21.25,5
epipelagic,10^4 g,13.75,21.75,78
epipelagic,10^4 g,13.75,22.25,236
epipelagic,10^4 g,14.25,9.75,1
epipelagic,10^4 g,14.25,10.25,1
epipelagic,10^4 g,14.25,10.75,10
epipelagic,10^4 g,14.25,11.25,53
epipelagic,10^4 g,14.25,12.25,1
epipelagic,10^4 g,14.25,13.25,1
epipelagic,10^4 g,14.25,14.25,22
epipelagic,10^4 g,14.25,14.75,17
epipelagic,10^4 g,14.25,15.75,2
epipelagic,10^4 g,14.25,16.25,7
epipelagic,10^4 g,14.25,16.75,41
epipelagic,10^4 g,14.25,17.25,2
epipelagic,10^4 g,14.25,17.75,9
epipelagic,10^4 g,14.25,18.25,6
epipelagic,10^4 g,14.25,18.75,8
epipelagic,10^4 g,14.25,19.25,38
epipelagic,10^4 g,14.25,19.75,15
epipelagic,10^4 g,14.25,20.25,70
epipelagic,10^4 g,14.25,20.75,119
epipelagic,10^4 g,14.25,21.25,244
epipelagic,10^4 g,14.25,21.75,249
epipelagic,10^4 g,14.25,22.25,559
epipelagic,10^4 g,14.25,22.75,2
epipelagic,10^4 g,14.75,9.75,1
epipelagic,10^4 g,14.75,10.75,22
epipelagic,10^4 g,14.75,11.25,54
epipelagic,10^4 g,14.75,11.75,7
epipelagic,10^4 g,14.75,12.25,1
epipelagic,10^4 g,14.75,12.75,1
epipelagic,10^4 g,14.75,13.75,1
epipelagic,10^4 g,14.75,14.75,1
epipelagic,10^4 g,14.75,16.25,1
epipelagic,10^4 g,14.75,17.75,24
epipelagic,10^4 g,14.75,18.25,24
epipelagic,10^4 g,14.75,18.75,17
epipelagic,10^4 g,14.75,19.25,94
epipelagic,10^4 g,14.75,19.75,61
epipelagic,10^4 g,14.75,20.25,26
epipelagic,10^4 g,14.75,20.75,29
epipelagic,10^4 g,14.75,21.25,5113
epipelagic,10^4 g,14.75,21.75,451
epipelagic,10^4 g,14.75,22.25,278
epipelagic,10^4 g,14.75,22.75,46
epipelagic,10^4 g,15.25,10.75,10
epipelagic,10^4 g,15.25,11.25,29
epipelagic,10^4 g,15.25,11.75,55
epipelagic,10^4 g,15.25,14.75,1
epipelagic,10^4 g,15.25,15.25,152
epipelagic,10^4 g,15.25,17.75,12
epipelagic,10^4 g,15.25,18.25,6
epipelagic,10^4 g,15.25,18.75,4
epipelagic,10^4 g,15.25,19.25,8
epipelagic,10^4 g,15.25,19.75,51
epipelagic,10^4 g,15.25,20.25,10
epipelagic,10^4 g,15.25,20.75,115
epipelagic,10^4 g,15.25,21.25,64
epipelagic,10^4 g,15.25,21.75,184
epipelagic,10^4 g,15.25,22.25,135
epipelagic,10^4 g,15.25,22.75,1
epipelagic,10^4 g,15.75,11.25,28
epipelagic,10^4 g,15.75,11.75,10
epipelagic,10^4 g,15.75,12.25,4
epipelagic,10^4 g,15.75,13.75,4
epipelagic,10^4 g,15.75,14.25,2
epipelagic,10^4 g,15.75,15.25,1
epipelagic,10^4 g,15.75,15.75,17
epipelagic,10^4 g,15.75,16.25,36
epipelagic,10^4 g,15.75,16.75,3
epipelagic,10^4 g,15.75,17.25,34
epipelagic,10^4 g,15.75,18.25,1
epipelagic,10^4 g,15.75,18.75,4
epipelagic,10^4 g,15.75,19.75,6
epipelagic,10^4 g,15.75,20.25,10
epipelagic,10^4 g,15.75,20.75,28
epipelagic,10^4 g,15.75,21.25,296
epipelagic,10^4 g,15.75,21.75,43
epipelagic,10^4 g,15.75,22.25,255
epipelagic,10^4 g,15.75,22.75,2
epipelagic,10^4 g,16.25,5.25,1
epipelagic,10^4 g,16.25,12.25,23
epipelagic,10^4 g,16.25,12.75,8
epipelagic,10^4 g,16.25,13.75,10
epipelagic,10^4 g,16.25,15.25,9
epipelagic,10^4 g,16.25,16.25,23
epipelagic,10^4 g,16.25,16.75,53
epipelagic,10^4 g,16.25,17.75,1
epipelagic,10^4 g,16.25,18.25,2
epipelagic,10^4 g,16.25,18.75,1
epipelagic,10^4 g,16.25,20.25,1
epipelagic,10^4 g,16.25,20.75,22
epipelagic,10^4 g,16.25,21.25,27
epipelagic,10^4 g,16.25,21.75,48
epipelagic,10^4 g,16.25,22.25,83
epipelagic,10^4 g,16.25,22.75,52
epipelagic,10^4 g,16.75,11.75,1
epipelagic,10^4 g,16.75,12.25,3
epipelagic,10^4 g,16.75,12.75,11
epipelagic,10^4 g,16.75,13.75,3
epipelagic,10^4 g,16.75,15.25,6
epipelagic,10^4 g,16.75,15.75,2
epipelagic,10^4 g,16.75,16.25,7
epipelagic,10^4 g,16.75,16.75,14
epipelagic,10^4 g,16.75,17.25,6
epipelagic,10^4 g,16.75,17.75,4
epipelagic,10^4 g,16.75,18.75,1
epipelagic,10^4 g,16.75,19.75,23
epipelagic,10^4 g,16.75,20.25,2
epipelagic,10^4 g,16.75,20.75,4
epipelagic,10^4 g,16.75,21.25,9
epipelagic,10^4 g,16.75,21.75,21
epipelagic,10^4 g,16.75,22.25,103
epipelagic,10^4 g,16.75,22.75,18
epipelagic,10^4 g,17.25,11.75,76
epipelagic,10^4 g,17.25,12.25,86
epipelagic,10^4 g,17.25,12.75,12
epipelagic,10^4 g,17.25,13.25,42
epipelagic,10^4 g,17.25,13.75,10
epipelagic,10^4 g,17.25,14.75,2
epipelagic,10^4 g,17.25,15.75,3
epipelagic,10^4 g,17.25,16.25,1
epipelagic,10^4 g,17.25,16.75,2
epipelagic,10^4 g,17.25,17.25,13
epipelagic,10^4 g,17.25,18.25,1
epipelagic,10^4 g,17.25,18.75,1
epipelagic,10^4 g,17.25,19.25,1
epipelagic,10^4 g,17.25,20.25,7
epipelagic,10^4 g,17.25,20.75,1
epipelagic,10^4 g,17.25,21.25,29
epipelagic,10^4 g,17.25,21.75,1
epipelagic,10^4 g,17.25,22.25,149
epipelagic,10^4 g,17.25,22.75,4
epipelagic,10^4 g,17.75,11.75,2
epipelagic,10^4 g,17.75,12.75,67
epipelagic,10^4 g,17.75,13.25,24
epipelagic,10^4 g,17.75,13.75,7
epipelagic,10^4 g,17.75,14.75,8
epipelagic,10^4 g,17.75,15.25,2
epipelagic,10^4 g,17.75,15.75,15
epipelagic,10^4 g,17.75,16.25,5
epipelagic,10^4 g,17.75,16.75,7
epipelagic,10^4 g,17.75,17.25,3
epipelagic,10^4 g,17.75,17.75,3
epipelagic,10^4 g,17.75,18.25,6
epipelagic,10^4 g,17.75,18.75,6
epipelagic,10^4 g,17.75,20.25,9
epipelagic,10^4 g,17.75,20.75,7
epipelagic,10^4 g,17.75,21.25,1812
epipelagic,10^4 g,17.75,21.75,2661
epipelagic,10^4 g,17.75,22.25,40
epipelagic,10^4 g,17.75,22.75,1
epipelagic,10^4 g,18.25,12.75,13
epipelagic,10^4 g,18.25,13.25,29
epipelagic,10^4 g,18.25,13.75,26
epipelagic,10^4 g,18.25,14.25,3
epipelagic,10^4 g,18.25,14.75,6
epipelagic,10^4 g,18.25,15.75,1
epipelagic,10^4 g,18.25,16.75,1
epipelagic,10^4 g,18.25,17.25,48
epipelagic,10^4 g,18.25,17.75,5
epipelagic,10^4 g,18.25,18.25,2
epipelagic,10^4 g,18.25,18.75,3
epipelagic,10^4 g,18.25,19.25,9
epipelagic,10^4 g,18.25,20.25,2
epipelagic,10^4 g,18.25,20.75,3
epipelagic,10^4 g,18.25,21.25,4
epipelagic,10^4 g,18.25,21.75,23
epipelagic,10^4 g,18.25,22.25,55
epipelagic,10^4 g,18.75,4.25,1
epipelagic,10^4 g,18.75,12.75,1
epipelagic,10^4 g,18.75,13.25,13
epipelagic,10^4 g,18.75,13.75,7
epipelagic,10^4 g,18.75,14.25,11
epipelagic,10^4 g,18.75,14.75,6
epipelagic,10^4 g,18.75,15.25,8
epipelagic,10^4 g,18.75,15.75,1
epipelagic,10^4 g,18.75,16.75,2
epipelagic,10^4 g,18.75,17.75,8
epipelagic,10^4 g,18.75,18.25,4
epipelagic,10^4 g,18.75,18.75,5
epipelagic,10^4 g,18.75,19.25,1
epipelagic,10^4 g,18.75,19.75,6
epipelagic,10^4 g,18.75,20.25,2
epipelagic,10^4 g,18.75,21.25,5
epipelagic,10^4 g,18.75,21.75,35
epipelagic,10^4 g,18.75,22.25,32
epipelagic,10^4 g,19.25,14.25,10
epipelagic,10^4 g,19.25,14.75,7
epipelagic,10^4 g,19.25,15.25,2
epipelagic,10^4 g,19.25,15.75,1
epipelagic,10^4 g,19.25,16.25,9
epipelagic,10^4 g,19.25,17.25,2
epipelagic,10^4 g,19.25,17.75,6
epipelagic,10^4 g,19.25,18.25,3
epipelagic,10^4 g,19.25,18.75,18
epipelagic,10^4 g,19.25,19.25,7
epipelagic,10^4 g,19.25,19.75,8
epipelagic,10^4 g,19.25,20.25,1
epipelagic,10^4 g,19.25,21.25,3
epipelagic,10^4 g,19.25,21.75,44
epipelagic,10^4 g,19.25,22.25,33
epipelagic,10^4 g,19.25,22.75,3
epipelagic,10^4 g,19.75,14.25,3
epipelagic,10^4 g,19.75,14.75,2
epipelagic,10^4 g,19.75,15.25,12
epipelagic,10^4 g,19.75,15.75,5
epipelagic,10^4 g,19.75,16.75,2
epipelagic,10^4 g,19.75,17.25,4
epipelagic,10^4 g,19.75,17.75,6
epipelagic,10^4 g,19.75,18.25,2
epipelagic,10^4 g,19.75,18.75,18
epipelagic,10^4 g,19.75,19.25,6
epipelagic,10^4 g,19.75,19.75,24
epipelagic,10^4 g,19.75,20.25,1
epipelagic,10^4 g,19.75,20.75,4
epipelagic,10^4 g,19.75,21.25,2
epipelagic,10^4 g,19.75,21.75,12
epipelagic,10^4 g,19.75,22.25,42
epipelagic,10^4 g,19.75,22.75,33
epipelagic,10^4 g,20.25,15.25,2
epipelagic,10^4 g,20.25,15.75,8
epipelagic,10^4 g,20.25,16.25,10
epipelagic,10^4 g,20.25,17.75,2
epipelagic,10^4 g,20.25,18.25,5
epipelagic,10^4 g,20.25,18.75,5
epipelagic,10^4 g,20.25,19.25,3
epipelagic,10^4 g,20.25,19.75,18
epipelagic,10^4 g,20.25,20.25,3
epipelagic,10^4 g,20.25,20.75,2
epipelagic,10^4 g,20.25,21.25,4
epipelagic,10^4 g,20.25,21.75,22
epipelagic,10^4 g,20.25,22.25,17
epipelagic,10^4 g,20.25,22.75,147
epipelagic,10^4 g,20.75,15.75,6
epipelagic,10^4 g,20.75,16.25,7
epipelagic,10^4 g,20.75,16.75,63
epipelagic,10^4 g,20.75,17.25,15
epipelagic,10^4 g,20.75,17.75,18
epipelagic,10^4 g,20.75,18.25,2
epipelagic,10^4 g,20.75,18.75,1
epipelagic,10^4 g,20.75,19.25,1
epipelagic,10^4 g,20.75,19.75,9
epipelagic,10^4 g,20.75,20.25,4
epipelagic,10^4 g,20.75,20.75,6
epipelagic,10^4 g,20.75,21.25,1
epipelagic,10^4 g,20.75,21.75,10
epipelagic,10^4 g,20.75,22.25,115
epipelagic,10^4 g,20.75,22.75,48
epipelagic,10^4 g,21.25,15.25,2
epipelagic,10^4 g,21.25,15.75,1
epipelagic,10^4 g,21.25,16.25,8
epipelagic,10^4 g,21.25,16.75,7
epipelagic,10^4 g,21.25,17.25,12
epipelagic,10^4 g,21.25,17.75,18
epipelagic,10^4 g,21.25,18.25,2
epipelagic,10^4 g,21.25,18.75,1
epipelagic,10^4 g,21.25,19.25,1
epipelagic,10^4 g,21.25,19.75,11
epipelagic,10^4 g,21.25,20.25,4
epipelagic,10^4 g,21.25,20.75,4
epipelagic,10^4 g,21.25,21.25,16
epipelagic,10^4 g,21.25,21.75,10
epipelagic,10^4 g,21.25,22.25,62
epipelagic,10^4 g,21.25,22.75,25
epipelagic,10^4 g,21.75,13.75,2
epipelagic,10^4 g,21.75,16.75,4
epipelagic,10^4 g,21.75,17.75,6
epipelagic,10^4 g,21.75,18.25,8
epipelagic,10^4 g,21.75,18.75,1
epipelagic,10^4 g,21.75,19.25,4
epipelagic,10^4 g,21.75,19.75,17
epipelagic,10^4 g,21.75,20.75,17
epipelagic,10^4 g,21.75,21.25,19
epipelagic,10^4 g,21.75,21.75,21
epipelagic,10^4 g,21.75,22.25,15
epipelagic,10^4 g,21.75,22.75,4
epipelagic,10^4 g,22.25,16.25,1
epipelagic,10^4 g,22.25,16.75,1
epipelagic,10^4 g,22.25,17.25,3
epipelagic,10^4 g,22.25,17.75,9
epipelagic,10^4 g,22.25,18.25,2
epipelagic,10^4 g,22.25,18.75,15
epipelagic,10^4 g,22.25,19.25,39
epipelagic,10^4 g,22.25,19.75,17
epipelagic,10^4 g,22.25,20.25,5
epipelagic,10^4 g,22.25,20.75,34
epipelagic,10^4 g,22.25,21.25,22
epipelagic,10^4 g,22.25,21.75,33
epipelagic,10^4 g,22.25,22.25,79
epipelagic,10^4 g,22.25,22.75,13
epipelagic,10^4 g,22.25,25.25,24
epipelagic,10^4 g,22.75,10.25,1
epipelagic,10^4 g,22.75,17.75,86
epipelagic,10^4 g,22.75,18.25,7
epipelagic,10^4 g,22.75,18.75,3
epipelagic,10^4 g,22.75,19.25,5
epipelagic,10^4 g,22.75,19.75,8
epipelagic,10^4 g,22.75,20.25,32
epipelagic,10^4 g,22.75,20.75,37
epipelagic,10^4 g,22.75,21.25,58
epipelagic,10^4 g,22.75,21.75,49
epipelagic,10^4 g,22.75,22.25,56
epipelagic,10^4 g,22.75,22.75,5
epipelagic,10^4 g,23.25,16.75,1
epipelagic,10^4 g,23.25,18.75,30
epipelagic,10^4 g,23.25,19.25,1
epipelagic,10^4 g,23.25,19.75,35
epipelagic,10^4 g,23.25,20.25,2
epipelagic,10^4 g,23.25,20.75,38
epipelagic,10^4 g,23.25,21.25,232
epipelagic,10^4 g,23.25,21.75,167
epipelagic,10^4 g,23.25,22.25,48
epipelagic,10^4 g,23.25,22.75,28
epipelagic,10^4 g,23.75,15.75,1
epipelagic,10^4 g,23.75,16.25,1
epipelagic,10^4 g,23.75,16.75,1
epipelagic,10^4 g,23.75,18.25,4
epipelagic,10^4 g,23.75,19.25,1
epipelagic,10^4 g,23.75,19.75,4
epipelagic,10^4 g,23.75,20.75,53
epipelagic,10^4 g,23.75,21.25,189
epipelagic,10^4 g,23.75,21.75,223
epipelagic,10^4 g,23.75,22.25,95
epipelagic,10^4 g,23.75,22.75,60
epipelagic,10^4 g,23.75,23.25,5
epipelagic,10^4 g,24.25,16.75,4
epipelagic,10^4 g,24.25,17.25,3
epipelagic,10^4 g,24.25,17.75,3
epipelagic,10^4 g,24.25,18.75,7
epipelagic,10^4 g,24.25,19.25,2
epipelagic,10^4 g,24.25,19.75,7
epipelagic,10^4 g,24.25,20.25,6
epipelagic,10^4 g,24.25,20.75,47
epipelagic,10^4 g,24.25,21.25,453
epipelagic,10^4 g,24.25,21.75,312
epipelagic,10^4 g,24.25,22.25,44
epipelagic,10^4 g,24.25,22.75,8
epipelagic,10^4 g,24.25,23.25,2
epipelagic,10^4 g,24.75,13.75,1
epipelagic,10^4 g,24.75,16.25,1
epipelagic,10^4 g,24.75,17.25,1
epipelagic,10^4 g,24.75,17.75,17
epipelagic,10^4 g,24.75,18.25,8
epipelagic,10^4 g,24.75,18.75,2
epipelagic,10^4 g,24.75,19.25,2
epipelagic,10^4 g,24.75,19.75,48
epipelagic,10^4 g,24.75,20.25,13
epipelagic,10^4 g,24.75,20.75,92
epipelagic,10^4 g,24.75,21.25,269
epipelagic,10^4 g,24.75,21.75,683
epipelagic,10^4 g,24.75,22.25,67
epipelagic,10^4 g,24.75,22.75,2
epipelagic,10^4 g,25.25,17.75,9
epipelagic,10^4 g,25.25,18.25,13
epipelagic,10^4 g,25.25,18.75,6
epipelagic,10^4 g,25.25,19.25,10
epipelagic,10^4 g,25.25,19.75,14
epipelagic,10^4 g,25.25,20.25,11
epipelagic,10^4 g,25.25,20.75,128
epipelagic,10^4 g,25.25,21.25,246
epipelagic,10^4 g,25.25,21.75,949
epipelagic,10^4 g,25.25,22.25,31
epipelagic,10^4 g,25.25,22.75,1
epipelagic,10^4 g,25.75,11.25,1
epipelagic,10^4 g,25.75,12.25,2
epipelagic,10^4 g,25.75,13.25,1
epipelagic,10^4 g,25.75,15.25,3
epipelagic,10^4 g,25.75,16.25,1
epipelagic,10^4 g,25.75,18.25,18
epipelagic,10^4 g,25.75,18.75,20
epipelagic,10^4 g,25.75,19.25,13
epipelagic,10^4 g,25.75,19.75,14
epipelagic,10^4 g,25.75,20.25,61
epipelagic,10^4 g,25.75,20.75,84
epipelagic,10^4 g,25.75,21.25,107
epipelagic,10^4 g,25.75,21.75,1078
epipelagic,10^4 g,25.75,22.25,37
epipelagic,10^4 g,25.75,22.75,3
epipelagic,10^4 g,26.25,13.75,18
epipelagic,10^4 g,26.25,15.75,4
epipelagic,10^4 g,26.25,16.25,1
epipelagic,10^4 g,26.25,17.25,2
epipelagic,10^4 g,26.25,18.25,1
epipelagic,10^4 g,26.25,19.25,5
epipelagic,10^4 g,26.25,19.75,6
epipelagic,10^4 g,26.25,20.25,38
epipelagic,10^4 g,26.25,20.75,38
epipelagic,10^4 g,26.25,21.25,135
epipelagic,10^4 g,26.25,21.75,268
epipelagic,10^4 g,26.25,22.25,294
epipelagic,10^4 g,26.25,22.75,1
epipelagic,10^4 g,26.75,11.25,2
epipelagic,10^4 g,26.75,12.25,2
epipelagic,10^4 g,26.75,12.75,1
epipelagic,10^4 g,26.75,14.25,1
epipelagic,10^4 g,26.75,14.75,4
epipelagic,10^4 g,26.75,16.25,1
epipelagic,10^4 g,26.75,16.75,1
epipelagic,10^4 g,26.75,17.75,7
epipelagic,10^4 g,26.75,18.25,1
epipelagic,10^4 g,26.75,19.25,2
epipelagic,10^4 g,26.75,19.75,5
epipelagic,10^4 g,26.75,20.25,3
epipelagic,10^4 g,26.75,20.75,63
epipelagic,10^4 g,26.75,21.25,148
epipelagic,10^4 g,26.75,21.75,240
epipelagic,10^4 g,26.75,22.25,156
epipelagic,10^4 g,27.25,10.75,9
epipelagic,10^4 g,27.25,13.75,4
epipelagic,10^4 g,27.25,16.25,2
epipelagic,10^4 g,27.25,16.75,10
epipelagic,10^4 g,27.25,17.25,9
epipelagic,10^4 g,27.25,17.75,11
epipelagic,10^4 g,27.25,18.25,1
epipelagic,10^4 g,27.25,18.75,3
epipelagic,10^4 g,27.25,19.25,2
epipelagic,10^4 g,27.25,19.75,13
epipelagic,10^4 g,27.25,20.25,11
epipelagic,10^4 g,27.25,20.75,43
epipelagic,10^4 g,27.25,21.25,130
epipelagic,10^4 g,27.25,21.75,322
epipelagic,10^4 g,27.25,22.25,197
epipelagic,10^4 g,27.25,22.75,1
epipelagic,10^4 g,27.75,14.25,22
epipelagic,10^4 g,27.75,16.25,3
epipelagic,10^4 g,27.75,16.75,3
epipelagic,10^4 g,27.75,17.25,1
epipelagic,10^4 g,27.75,17.75,4
epipelagic,10^4 g,27.75,18.25,5
epipelagic,10^4 g,27.75,18.75,1
epipelagic,10^4 g,27.75,19.25,3
epipelagic,10^4 g,27.75,19.75,27
epipelagic,10^4 g,27.75,20.25,6
epipelagic,10^4 g,27.75,20.75,89
epipelagic,10^4 g,27.75,21.25,165
epipelagic,10^4 g,27.75,21.75,533
epipelagic,10^4 g,27.75,22.25,322
epipelagic,10^4 g,28.25,19.25,1
epipelagic,10^4 g,28.25,19.75,2
epipelagic,10^4 g,28.25,20.25,6
epipelagic,10^4 g,28.25,20.75,24
epipelagic,10^4 g,28.25,21.25,170
epipelagic,10^4 g,28.25,21.75,196
epipelagic,10^4 g,28.25,22.25,10
epipelagic,10^4 g,28.75,19.75,1
epipelagic,10^4 g,28.75,20.25,3
epipelagic,10^4 g,28.75,20.75,22
epipelagic,10^4 g,28.75,21.25,144
epipelagic,10^4 g,28.75,21.75,211
epipelagic,10^4 g,28.75,22.25,5
epipelagic,10^4 g,29.25,21.25,113
epipelagic,10^4 g,29.25,21.75,225
epipelagic,10^4 g,29.25,22.25,6
epipelagic,10^4 g,29.75,21.25,40
epipelagic,10^4 g,29.75,21.75,153
epipelagic,10^4 g,29.75,22.25,8
epipelagic,10^5 g,0.25,12.75,8
epipelagic,10^5 g,0.25,13.25,32
epipelagic,10^5 g,0.25,13.75,3
epipelagic,10^5 g,0.25,14.25,2
epipelagic,10^5 g,0.25,14.75,2
epipelagic,10^5 g,0.25,16.25,1
epipelagic,10^5 g,0.25,16.75,7
epipelagic,10^5 g,0.25,17.75,7
epipelagic,10^5 g,0.25,18.75,3
epipelagic,10^5 g,0.25,19.25,7
epipelagic,10^5 g,0.25,19.75,1
epipelagic,10^5 g,0.25,20.25,5
epipelagic,10^5 g,0.25,20.75,1
epipelagic,10^5 g,0.75,12.25,59
epipelagic,10^5 g,0.75,12.75,230
epipelagic,10^5 g,0.75,13.25,225
epipelagic,10^5 g,0.75,14.25,4
epipelagic,10^5 g,0.75,18.75,1
epipelagic,10^5 g,0.75,20.75,1
epipelagic,10^5 g,1.25,11.75,10
epipelagic,10^5 g,1.25,12.25,104
epipelagic,10^5 g,1.25,12.75,28
epipelagic,10^5 g,1.25,15.75,2
epipelagic,10^5 g,1.25,17.75,2
epipelagic,10^5 g,1.25,18.75,11
epipelagic,10^5 g,1.25,20.25,1
epipelagic,10^5 g,1.75,9.75,1
epipelagic,10^5 g,1.75,11.75,1
epipelagic,10^5 g,1.75,12.25,32
epipelagic,10^5 g,1.75,15.25,154
epipelagic,10^5 g,1.75,15.75,118
epipelagic,10^5 g,1.75,16.25,8
epipelagic,10^5 g,1.75,17.25,1
epipelagic,10^5 g,1.75,18.25,6
epipelagic,10^5 g,1.75,20.75,1
epipelagic,10^5 g,2.25,11.25,1
epipelagic,10^5 g,2.25,11.75,1
epipelagic,10^5 g,2.25,13.25,2
epipelagic,10^5 g,2.25,14.25,2
epipelagic,10^5 g,2.25,15.25,2
epipelagic,10^5 g,2.25,16.25,2
epipelagic,10^5 g,2.25,16.75,3
epipelagic,10^5 g,2.25,17.25,48
epipelagic,10^5 g,2.25,18.25,16
epipelagic,10^5 g,2.25,20.25,1
epipelagic,10^5 g,2.25,20.75,1
epipelagic,10^5 g,2.75,13.25,1
epipelagic,10^5 g,2.75,15.75,1
epipelagic,10^5 g,2.75,16.25,3
epipelagic,10^5 g,2.75,16.75,173
epipelagic,10^5 g,2.75,17.25,89
epipelagic,10^5 g,2.75,17.75,24
epipelagic,10^5 g,2.75,18.25,28
epipelagic,10^5 g,3.25,12.75,2
epipelagic,10^5 g,3.25,13.25,3
epipelagic,10^5 g,3.25,16.25,21
epipelagic,10^5 g,3.25,16.75,401
epipelagic,10^5 g,3.25,17.25,851
epipelagic,10^5 g,3.25,17.75,1185
epipelagic,10^5 g,3.25,18.25,210
epipelagic,10^5 g,3.25,18.75,868
epipelagic,10^5 g,3.25,19.25,40
epipelagic,10^5 g,3.25,21.25,1
epipelagic,10^5 g,3.75,13.25,2
epipelagic,10^5 g,3.75,15.25,50
epipelagic,10^5 g,3.75,15.75,19
epipelagic,10^5 g,3.75,16.25,44
epipelagic,10^5 g,3.75,16.75,91
epipelagic,10^5 g,3.75,17.25,268
epipelagic,10^5 g,3.75,17.75,1462
epipelagic,10^5 g,3.75,18.25,223
epipelagic,10^5 g,3.75,18.75,83
epipelagic,10^5 g,3.75,19.25,2
epipelagic,10^5 g,3.75,19.75,2
epipelagic,10^5 g,3.75,20.25,5
epipelagic,10^5 g,3.75,20.75,1
epipelagic,10^5 g,3.75,21.75,1
epipelagic,10^5 g,4.25,13.25,30
epipelagic,10^5 g,4.25,13.75,859
epipelagic,10^5 g,4.25,14.25,2083
epipelagic,10^5 g,4.25,14.75,3655
epipelagic,10^5 g,4.25,15.25,428
epipelagic,10^5 g,4.25,15.75,37
epipelagic,10^5 g,4.25,16.25,2
epipelagic,10^5 g,4.25,16.75,237
epipelagic,10^5 g,4.25,17.25,33
epipelagic,10^5 g,4.25,17.75,154
epipelagic,10^5 g,4.25,18.25,6
epipelagic,10^5 g,4.25,18.75,17
epipelagic,10^5 g,4.25,19.25,3
epipelagic,10^5 g,4.25,21.75,1
epipelagic,10^5 g,4.75,12.25,37
epipelagic,10^5 g,4.75,12.75,342
epipelagic,10^5 g,4.75,13.25,1124
epipelagic,10^5 g,4.75,13.75,1339
epipelagic,10^5 g,4.75,14.25,185
epipelagic,10^5 g,4.75,14.75,7
epipelagic,10^5 g,4.75,15.25,16
epipelagic,10^5 g,4.75,15.75,14
epipelagic,10^5 g,4.75,16.25,14
epipelagic,10^5 g,4.75,16.75,19
epipelagic,10^5 g,4.75,17.25,20
epipelagic,10^5 g,4.75,17.75,24
epipelagic,10^5 g,4.75,18.75,2
epipelagic,10^5 g,4.75,19.25,1
epipelagic,10^5 g,4.75,19.75,6
epipelagic,10^5 g,4.75,20.25,2
epipelagic,10^5 g,4.75,21.75,2
epipelagic,10^5 g,5.25,10.25,119
epipelagic,10^5 g,5.25,10.75,16
epipelagic,10^5 g,5.25,11.25,148
epipelagic,10^5 g,5.25,11.75,490
epipelagic,10^5 g,5.25,12.25,367
epipelagic,10^5 g,5.25,12.75,121
epipelagic,10^5 g,5.25,13.25,78
epipelagic,10^5 g,5.25,14.25,66
epipelagic,10^5 g,5.25,15.25,43
epipelagic,10^5 g,5.25,15.75,5
epipelagic,10^5 g,5.25,16.75,22
epipelagic,10^5 g,5.25,18.75,2
epipelagic,10^5 g,5.25,19.25,1
epipelagic,10^5 g,5.25,19.75,8
epipelagic,10^5 g,5.25,20.25,9
epipelagic,10^5 g,5.25,20.75,3
epipelagic,10^5 g,5.25,21.25,6
epipelagic,10^5 g,5.75,10.25,76
epipelagic,10^5 g,5.75,10.75,188
epipelagic,10^5 g,5.75,11.25,523
epipelagic,10^5 g,5.75,11.75,827
epipelagic,10^5 g,5.75,12.25,5
epipelagic,10^5 g,5.75,12.75,158
epipelagic,10^5 g,5.75,14.25,8
epipelagic,10^5 g,5.75,14.75,112
epipelagic,10^5 g,5.75,15.75,2
epipelagic,10^5 g,5.75,19.75,5
epipelagic,10^5 g,5.75,20.25,4
epipelagic,10^5 g,5.75,20.75,6
epipelagic,10^5 g,5.75,21.25,4
epipelagic,10^5 g,5.75,22.25,1
epipelagic,10^5 g,6.25,10.25,163
epipelagic,10^5 g,6.25,10.75,294
epipelagic,10^5 g,6.25,11.25,62
epipelagic,10^5 g,6.25,12.25,19
epipelagic,10^5 g,6.25,13.25,13
epipelagic,10^5 g,6.25,13.75,1
epipelagic,10^5 g,6.25,14.25,1
epipelagic,10^5 g,6.25,14.75,13
epipelagic,10^5 g,6.25,16.25,6
epipelagic,10^5 g,6.25,18.75,2
epipelagic,10^5 g,6.25,19.25,3
epipelagic,10^5 g,6.25,19.75,2
epipelagic,10^5 g,6.25,21.25,4
epipelagic,10^5 g,6.25,21.75,1
epipelagic,10^5 g,6.25,22.25,1
epipelagic,10^5 g,6.75,9.25,39
epipelagic,10^5 g,6.75,9.75,1
epipelagic,10^5 g,6.75,10.25,206
epipelagic,10^5 g,6.75,10.75,4
epipelagic,10^5 g,6.75,11.75,39
epipelagic,10^5 g,6.75,12.25,1
epipelagic,10^5 g,6.75,13.75,15
epipelagic,10^5 g,6.75,14.25,1
epipelagic,10^5 g,6.75,14.75,40
epipelagic,10^5 g,6.75,15.75,13
epipelagic,10^5 g,6.75,16.25,1
epipelagic,10^5 g,6.75,16.75,1
epipelagic,10^5 g,6.75,19.75,3
epipelagic,10^5 g,6.75,20.25,11
epipelagic,10^5 g,6.75,21.25,1
epipelagic,10^5 g,7.25,9.25,25
epipelagic,10^5 g,7.25,9.75,342
epipelagic,10^5 g,7.25,10.25,13
epipelagic,10^5 g,7.25,15.25,23
epipelagic,10^5 g,7.25,17.25,3
epipelagic,10^5 g,7.25,18.75,4
epipelagic,10^5 g,7.25,19.25,5
epipelagic,10^5 g,7.25,19.75,3
epipelagic,10^5 g,7.25,20.25,1
epipelagic,10^5 g,7.25,21.25,2
epipelagic,10^5 g,7.25,22.25,1
epipelagic,10^5 g,7.25,22.75,1
epipelagic,10^5 g,7.75,9.25,74
epipelagic,10^5 g,7.75,9.75,153
epipelagic,10^5 g,7.75,10.75,6
epipelagic,10^5 g,7.75,11.75,1
epipelagic,10^5 g,7.75,13.75,3
epipelagic,10^5 g,7.75,16.25,18
epipelagic,10^5 g,7.75,16.75,1
epipelagic,10^5 g,7.75,17.25,1
epipelagic,10^5 g,7.75,18.75,7
epipelagic,10^5 g,7.75,19.25,2
epipelagic,10^5 g,7.75,19.75,20
epipelagic,10^5 g,7.75,20.25,17
epipelagic,10^5 g,7.75,20.75,11
epipelagic,10^5 g,7.75,21.75,1
epipelagic,10^5 g,7.75,22.25,5
epipelagic,10^5 g,7.75,22.75,18
epipelagic,10^5 g,8.25,8.75,47
epipelagic,10^5 g,8.25,9.25,17
epipelagic,10^5 g,8.25,11.25,8
epipelagic,10^5 g,8.25,11.75,2
epipelagic,10^5 g,8.25,17.75,2
epipelagic,10^5 g,8.25,19.25,7
epipelagic,10^5 g,8.25,19.75,2
epipelagic,10^5 g,8.25,20.25,38
epipelagic,10^5 g,8.25,20.75,23
epipelagic,10^5 g,8.25,22.75,4
epipelagic,10^5 g,8.75,9.25,79
epipelagic,10^5 g,8.75,9.75,4
epipelagic,10^5 g,8.75,10.25,1
epipelagic,10^5 g,8.75,11.25,40
epipelagic,10^5 g,8.75,13.25,1
epipelagic,10^5 g,8.75,17.25,4
epipelagic,10^5 g,8.75,18.75,30
epipelagic,10^5 g,8.75,19.25,487
epipelagic,10^5 g,8.75,19.75,45
epipelagic,10^5 g,8.75,20.25,29
epipelagic,10^5 g,8.75,20.75,13
epipelagic,10^5 g,8.75,21.75,8
epipelagic,10^5 g,8.75,22.75,3
epipelagic,10^5 g,9.25,9.25,65
epipelagic,10^5 g,9.25,11.25,47
epipelagic,10^5 g,9.25,12.75,114
epipelagic,10^5 g,9.25,16.25,2
epipelagic,10^5 g,9.25,17.25,1
epipelagic,10^5 g,9.25,18.25,100
epipelagic,10^5 g,9.25,19.25,480
epipelagic,10^5 g,9.25,19.75,15
epipelagic,10^5 g,9.25,20.25,31
epipelagic,10^5 g,9.25,20.75,16
epipelagic,10^5 g,9.25,21.75,1
epipelagic,10^5 g,9.25,22.75,14
epipelagic,10^5 g,9.75,9.25,83
epipelagic,10^5 g,9.75,9.75,1
epipelagic,10^5 g,9.75,11.75,100
epipelagic,10^5 g,9.75,12.75,1
epipelagic,10^5 g,9.75,15.75,1
epipelagic,10^5 g,9.75,17.75,25
epipelagic,10^5 g,9.75,18.25,101
epipelagic,10^5 g,9.75,18.75,126
epipelagic,10^5 g,9.75,19.25,59
epipelagic,10^5 g,9.75,19.75,20
epipelagic,10^5 g,9.75,20.25,62
epipelagic,10^5 g,9.75,20.75,97
epipelagic,10^5 g,9.75,21.25,30
epipelagic,10^5 g,9.75,21.75,2
epipelagic,10^5 g,9.75,22.25,3
epipelagic,10^5 g,9.75,22.75,36
epipelagic,10^5 g,10.25,9.25,6
epipelagic,10^5 g,10.25,9.75,87
epipelagic,10^5 g,10.25,12.25,57
epipelagic,10^5 g,10.25,16.75,1
epipelagic,10^5 g,10.25,17.25,45
epipelagic,10^5 g,10.25,17.75,446
epipelagic,10^5 g,10.25,18.25,3
epipelagic,10^5 g,10.25,19.25,9
epipelagic,10^5 g,10.25,19.75,2
epipelagic,10^5 g,10.25,20.25,24
epipelagic,10^5 g,10.25,20.75,26
epipelagic,10^5 g,10.25,21.25,64
epipelagic,10^5 g,10.25,21.75,15
epipelagic,10^5 g,10.25,22.25,12
epipelagic,10^5 g,10.25,22.75,8
epipelagic,10^5 g,10.75,9.25,20
epipelagic,10^5 g,10.75,9.75,30
epipelagic,10^5 g,10.75,10.75,1
epipelagic,10^5 g,10.75,11.75,10
epipelagic,10^5 g,10.75,15.75,17
epipelagic,10^5 g,10.75,17.75,5
epipelagic,10^5 g,10.75,18.75,432
epipelagic,10^5 g,10.75,19.25,30
epipelagic,10^5 g,10.75,19.75,348
epipelagic,10^5 g,10.75,20.25,40
epipelagic,10^5 g,10.75,20.75,99
epipelagic,10^5 g,10.75,21.25,55
epipelagic,10^5 g,10.75,21.75,115
epipelagic,10^5 g,10.75,22.25,10
epipelagic,10^5 g,10.75,22.75,10
epipelagic,10^5 g,11.25,9.25,10
epipelagic,10^5 g,11.25,9.75,29
epipelagic,10^5 g,11.25,11.75,21
epipelagic,10^5 g,11.25,12.25,35
epipelagic,10^5 g,11.25,12.75,38
epipelagic,10^5 g,11.25,13.25,23
epipelagic,10^5 g,11.25,15.75,149
epipelagic,10^5 g,11.25,16.75,88
epipelagic,10^5 g,11.25,17.25,165
epipelagic,10^5 g,11.25,17.75,12
epipelagic,10^5 g,11.25,18.25,42
epipelagic,10^5 g,11.25,18.75,53
epipelagic,10^5 g,11.25,19.25,3
epipelagic,10^5 g,11.25,19.75,81
epipelagic,10^5 g,11.25,20.25,57
epipelagic,10^5 g,11.25,20.75,81
epipelagic,10^5 g,11.25,21.25,63
epipelagic,10^5 g,11.25,21.75,680
epipelagic,10^5 g,11.25,22.25,340
epipelagic,10^5 g,11.25,22.75,11
epipelagic,10^5 g,11.75,9.25,2
epipelagic,10^5 g,11.75,9.75,40
epipelagic,10^5 g,11.75,10.25,6
epipelagic,10^5 g,11.75,10.75,2
epipelagic,10^5 g,11.75,11.75,1
epipelagic,10^5 g,11.75,13.25,2
epipelagic,10^5 g,11.75,14.25,47
epipelagic,10^5 g,11.75,15.75,45
epipelagic,10^5 g,11.75,16.75,37
epipelagic,10^5 g,11.75,17.75,244
epipelagic,10^5 g,11.75,18.25,12
epipelagic,10^5 g,11.75,18.75,99
epipelagic,10^5 g,11.75,19.25,11
epipelagic,10^5 g,11.75,19.75,446
epipelagic,10^5 g,11.75,20.25,12
epipelagic,10^5 g,11.75,20.75,32
epipelagic,10^5 g,11.75,21.25,54
epipelagic,10^5 g,11.75,21.75,275
epipelagic,10^5 g,11.75,22.25,709
epipelagic,10^5 g,11.75,22.75,5
epipelagic,10^5 g,12.25,9.75,54
epipelagic,10^5 g,12.25,10.25,34
epipelagic,10^5 g,12.25,10.75,2
epipelagic,10^5 g,12.25,12.75,4
epipelagic,10^5 g,12.25,15.75,38
epipelagic,10^5 g,12.25,18.25,20
epipelagic,10^5 g,12.25,18.75,122
epipelagic,10^5 g,12.25,19.25,647
epipelagic,10^5 g,12.25,19.75,350
epipelagic,10^5 g,12.25,20.25,226
epipelagic,10^5 g,12.25,20.75,109
epipelagic,10^5 g,12.25,21.25,145
epipelagic,10^5 g,12.25,21.75,362
epipelagic,10^5 g,12.25,22.25,1638
epipelagic,10^5 g,12.25,22.75,171
epipelagic,10^5 g,12.75,9.75,7
epipelagic,10^5 g,12.75,10.25,29
epipelagic,10^5 g,12.75,10.75,5
epipelagic,10^5 g,12.75,11.25,2
epipelagic,10^5 g,12.75,11.75,2
epipelagic,10^5 g,12.75,13.25,39
epipelagic,10^5 g,12.75,14.25,9
epipelagic,10^5 g,12.75,14.75,4
epipelagic,10^5 g,12.75,16.75,158
epipelagic,10^5 g,12.75,17.25,233
epipelagic,10^5 g,12.75,17.75,258
epipelagic,10^5 g,12.75,18.25,20
epipelagic,10^5 g,12.75,18.75,31
epipelagic,10^5 g,12.75,19.75,25
epipelagic,10^5 g,12.75,20.25,12
epipelagic,10^5 g,12.75,20.75,139
epipelagic,10^5 g,12.75,21.25,191
epipelagic,10^5 g,12.75,21.75,377
epipelagic,10^5 g,12.75,22.25,424
epipelagic,10^5 g,12.75,22.75,39
epipelagic,10^5 g,13.25,10.25,19
epipelagic,10^5 g,13.25,10.75,9
epipelagic,10^5 g,13.25,11.25,109
epipelagic,10^5 g,13.25,12.75,37
epipelagic,10^5 g,13.25,13.75,122
epipelagic,10^5 g,13.25,14.25,1
epipelagic,10^5 g,13.25,14.75,15
epipelagic,10^5 g,13.25,15.25,2
epipelagic,10^5 g,13.25,16.25,3
epipelagic,10^5 g,13.25,16.75,2
epipelagic,10^5 g,13.25,17.25,1
epipelagic,10^5 g,13.25,17.75,63
epipelagic,10^5 g,13.25,18.25,5
epipelagic,10^5 g,13.25,18.75,13
epipelagic,10^5 g,13.25,19.25,9
epipelagic,10^5 g,13.25,19.75,122
epipelagic,10^5 g,13.25,20.25,26
epipelagic,10^5 g,13.25,20.75,53
epipelagic,10^5 g,13.25,21.25,62
epipelagic,10^5 g,13.25,21.75,389
epipelagic,10^5 g,13.25,22.25,652
epipelagic,10^5 g,13.25,22.75,24
epipelagic,10^5 g,13.75,10.25,23
epipelagic,10^5 g,13.75,10.75,162
epipelagic,10^5 g,13.75,11.25,2
epipelagic,10^5 g,13.75,11.75,11
epipelagic,10^5 g,13.75,12.75,22
epipelagic,10^5 g,13.75,13.75,105
epipelagic,10^5 g,13.75,14.25,2
epipelagic,10^5 g,13.75,14.75,2
epipelagic,10^5 g,13.75,18.25,11
epipelagic,10^5 g,13.75,18.75,2
epipelagic,10^5 g,13.75,19.25,1
epipelagic,10^5 g,13.75,19.75,3
epipelagic,10^5 g,13.75,20.25,21
epipelagic,10^5 g,13.75,20.75,95
epipelagic,10^5 g,13.75,21.25,8
epipelagic,10^5 g,13.75,21.75,394
epipelagic,10^5 g,13.75,22.25,822
epipelagic,10^5 g,14.25,9.75,2
epipelagic,10^5 g,14.25,10.25,1
epipelagic,10^5 g,14.25,10.75,104
epipelagic,10^5 g,14.25,11.25,375
epipelagic,10^5 g,14.25,11.75,4
epipelagic,10^5 g,14.25,12.75,1
epipelagic,10^5 g,14.25,13.25,36
epipelagic,10^5 g,14.25,14.25,48
epipelagic,10^5 g,14.25,14.75,141
epipelagic,10^5 g,14.25,15.75,6
epipelagic,10^5 g,14.25,16.25,24
epipelagic,10^5 g,14.25,16.75,123
epipelagic,10^5 g,14.25,17.25,2
epipelagic,10^5 g,14.25,17.75,19
epipelagic,10^5 g,14.25,18.25,5
epipelagic,10^5 g,14.25,19.25,4
epipelagic,10^5 g,14.25,19.75,2
epipelagic,10^5 g,14.25,20.25,19
epipelagic,10^5 g,14.25,20.75,28
epipelagic,10^5 g,14.25,21.25,7
epipelagic,10^5 g,14.25,21.75,260
epipelagic,10^5 g,14.25,22.25,1431
epipelagic,10^5 g,14.25,22.75,22
epipelagic,10^5 g,14.75,9.75,1
epipelagic,10^5 g,14.75,10.75,179
epipelagic,10^5 g,14.75,11.25,524
epipelagic,10^5 g,14.75,11.75,75
epipelagic,10^5 g,14.75,12.75,13
epipelagic,10^5 g,14.75,13.75,42
epipelagic,10^5 g,14.75,14.75,12
epipelagic,10^5 g,14.75,15.25,4
epipelagic,10^5 g,14.75,15.75,2
epipelagic,10^5 g,14.75,17.25,1
epipelagic,10^5 g,14.75,17.75,84
epipelagic,10^5 g,14.75,18.25,35
epipelagic,10^5 g,14.75,18.75,69
epipelagic,10^5 g,14.75,19.25,373
epipelagic,10^5 g,14.75,19.75,83
epipelagic,10^5 g,14.75,20.25,30
epipelagic,10^5 g,14.75,20.75,63
epipelagic,10^5 g,14.75,21.25,21
epipelagic,10^5 g,14.75,21.75,660
epipelagic,10^5 g,14.75,22.25,973
epipelagic,10^5 g,14.75,22.75,189
epipelagic,10^5 g,15.25,10.75,75
epipelagic,10^5 g,15.25,11.25,187
epipelagic,10^5 g,15.25,11.75,384
epipelagic,10^5 g,15.25,12.25,19
epipelagic,10^5 g,15.25,12.75,3
epipelagic,10^5 g,15.25,13.25,2
epipelagic,10^5 g,15.25,13.75,2
epipelagic,10^5 g,15.25,14.75,18
epipelagic,10^5 g,15.25,15.25,710
epipelagic,10^5 g,15.25,15.75,75
epipelagic,10^5 g,15.25,16.25,2
epipelagic,10^5 g,15.25,17.75,46
epipelagic,10^5 g,15.25,18.25,19
epipelagic,10^5 g,15.25,18.75,10
epipelagic,10^5 g,15.25,19.25,11
epipelagic,10^5 g,15.25,19.75,70
epipelagic,10^5 g,15.25,20.25,42
epipelagic,10^5 g,15.25,20.75,18
epipelagic,10^5 g,15.25,21.25,13
epipelagic,10^5 g,15.25,21.75,89
epipelagic,10^5 g,15.25,22.25,371
epipelagic,10^5 g,15.25,22.75,1
epipelagic,10^5 g,15.75,11.25,197
epipelagic,10^5 g,15.75,11.75,72
epipelagic,10^5 g,15.75,12.25,35
epipelagic,10^5 g,15.75,13.25,4
epipelagic,10^5 g,15.75,13.75,42
epipelagic,10^5 g,15.75,14.25,17
epipelagic,10^5 g,15.75,14.75,31
epipelagic,10^5 g,15.75,15.25,88
epipelagic,10^5 g,15.75,15.75,208
epipelagic,10^5 g,15.75,16.25,311
epipelagic,10^5 g,15.75,16.75,36
epipelagic,10^5 g,15.75,17.25,196
epipelagic,10^5 g,15.75,17.75,3
epipelagic,10^5 g,15.75,18.25,12
epipelagic,10^5 g,15.75,18.75,13
epipelagic,10^5 g,15.75,19.75,6
epipelagic,10^5 g,15.75,20.25,8
epipelagic,10^5 g,15.75,20.75,12
epipelagic,10^5 g,15.75,21.25,15
epipelagic,10^5 g,15.75,21.75,20
epipelagic,10^5 g,15.75,22.25,1005
epipelagic,10^5 g,15.75,22.75,8
epipelagic,10^5 g,16.25,11.25,12
epipelagic,10^5 g,16.25,11.75,17
epipelagic,10^5 g,16.25,12.25,271
epipelagic,10^5 g,16.25,12.75,113
epipelagic,10^5 g,16.25,13.25,5
epipelagic,10^5 g,16.25,13.75,76
epipelagic,10^5 g,16.25,15.25,35
epipelagic,10^5 g,16.25,15.75,4
epipelagic,10^5 g,16.25,16.25,336
epipelagic,10^5 g,16.25,16.75,344
epipelagic,10^5 g,16.25,17.75,3
epipelagic,10^5 g,16.25,18.25,47
epipelagic,10^5 g,16.25,18.75,20
epipelagic,10^5 g,16.25,19.75,7
epipelagic,10^5 g,16.25,20.25,3
epipelagic,10^5 g,16.25,20.75,12
epipelagic,10^5 g,16.25,21.25,16
epipelagic,10^5 g,16.25,21.75,71
epipelagic,10^5 g,16.25,22.25,289
epipelagic,10^5 g,16.25,22.75,167
epipelagic,10^5 g,16.75,11.75,27
epipelagic,10^5 g,16.75,12.25,33
epipelagic,10^5 g,16.75,12.75,98
epipelagic,10^5 g,16.75,13.75,4
epipelagic,10^5 g,16.75,15.25,62
epipelagic,10^5 g,16.75,15.75,87
epipelagic,10^5 g,16.75,16.25,199
epipelagic,10^5 g,16.75,16.75,167
epipelagic,10^5 g,16.75,17.25,104
epipelagic,10^5 g,16.75,17.75,15
epipelagic,10^5 g,16.75,18.25,5
epipelagic,10^5 g,16.75,19.25,7
epipelagic,10^5 g,16.75,19.75,364
epipelagic,10^5 g,16.75,20.25,7
epipelagic,10^5 g,16.75,20.75,6
epipelagic,10^5 g,16.75,21.25,7
epipelagic,10^5 g,16.75,21.75,33
epipelagic,10^5 g,16.75,22.25,273
epipelagic,10^5 g,16.75,22.75,121
epipelagic,10^5 g,17.25,11.75,483
epipelagic,10^5 g,17.25,12.25,699
epipelagic,10^5 g,17.25,12.75,70
epipelagic,10^5 g,17.25,13.25,396
epipelagic,10^5 g,17.25,13.75,160
epipelagic,10^5 g,17.25,14.75,8
epipelagic,10^5 g,17.25,15.75,227
epipelagic,10^5 g,17.25,16.25,18
epipelagic,10^5 g,17.25,16.75,39
epipelagic,10^5 g,17.25,17.25,55
epipelagic,10^5 g,17.25,18.25,9
epipelagic,10^5 g,17.25,18.75,20
epipelagic,10^5 g,17.25,19.25,15
epipelagic,10^5 g,17.25,19.75,14
epipelagic,10^5 g,17.25,20.25,51
epipelagic,10^5 g,17.25,20.75,8
epipelagic,10^5 g,17.25,21.25,3
epipelagic,10^5 g,17.25,21.75,8
epipelagic,10^5 g,17.25,22.25,505
epipelagic,10^5 g,17.25,22.75,43
epipelagic,10^5 g,17.75,11.75,4
epipelagic,10^5 g,17.75,12.75,968
epipelagic,10^5 g,17.75,13.25,418
epipelagic,10^5 g,17.75,13.75,142
epipelagic,10^5 g,17.75,14.75,25
epipelagic,10^5 g,17.75,15.25,3
epipelagic,10^5 g,17.75,15.75,118
epipelagic,10^5 g,17.75,16.25,228
epipelagic,10^5 g,17.75,16.75,145
epipelagic,10^5 g,17.75,17.25,55
epipelagic,10^5 g,17.75,17.75,11
epipelagic,10^5 g,17.75,18.25,16
epipelagic,10^5 g,17.75,18.75,27
epipelagic,10^5 g,17.75,19.25,2
epipelagic,10^5 g,17.75,19.75,7
epipelagic,10^5 g,17.75,20.25,61
epipelagic,10^5 g,17.75,20.75,7
epipelagic,10^5 g,17.75,21.25,41
epipelagic,10^5 g,17.75,21.75,57
epipelagic,10^5 g,17.75,22.25,229
epipelagic,10^5 g,17.75,22.75,2
epipelagic,10^5 g,18.25,12.75,138
epipelagic,10^5 g,18.25,13.25,405
epipelagic,10^5 g,18.25,13.75,366
epipelagic,10^5 g,18.25,14.25,36
epipelagic,10^5 g,18.25,14.75,27
epipelagic,10^5 g,18.25,15.75,21
epipelagic,10^5 g,18.25,16.25,10
epipelagic,10^5 g,18.25,16.75,22
epipelagic,10^5 g,18.25,17.25,303
epipelagic,10^5 g,18.25,17.75,132
epipelagic,10^5 g,18.25,18.25,5
epipelagic,10^5 g,18.25,18.75,11
epipelagic,10^5 g,18.25,19.25,12
epipelagic,10^5 g,18.25,19.75,6
epipelagic,10^5 g,18.25,20.25,14
epipelagic,10^5 g,18.25,20.75,21
epipelagic,10^5 g,18.25,21.25,2
epipelagic,10^5 g,18.25,21.75,56
epipelagic,10^5 g,18.25,22.25,247
epipelagic,10^5 g,18.75,12.75,2
epipelagic,10^5 g,18.75,13.25,105
epipelagic,10^5 g,18.75,13.75,135
epipelagic,10^5 g,18.75,14.25,186
epipelagic,10^5 g,18.75,14.75,67
epipelagic,10^5 g,18.75,15.25,126
epipelagic,10^5 g,18.75,15.75,9
epipelagic,10^5 g,18.75,16.75,17
epipelagic,10^5 g,18.75,17.25,10
epipelagic,10^5 g,18.75,17.75,59
epipelagic,10^5 g,18.75,18.25,50
epipelagic,10^5 g,18.75,18.75,12
epipelagic,10^5 g,18.75,19.25,11
epipelagic,10^5 g,18.75,19.75,16
epipelagic,10^5 g,18.75,20.25,8
epipelagic,10^5 g,18.75,20.75,2
epipelagic,10^5 g,18.75,21.25,3
epipelagic,10^5 g,18.75,21.75,77
epipelagic,10^5 g,18.75,22.25,137
epipelagic,10^5 g,18.75,22.75,4
epipelagic,10^5 g,19.25,14.25,105
epipelagic,10^5 g,19.25,14.75,182
epipelagic,10^5 g,19.25,15.25,79
epipelagic,10^5 g,19.25,15.75,8
epipelagic,10^5 g,19.25,16.25,111
epipelagic,10^5 g,19.25,17.25,4
epipelagic,10^5 g,19.25,17.75,92
epipelagic,10^5 g,19.25,18.25,44
epipelagic,10^5 g,19.25,18.75,138
epipelagic,10^5 g,19.25,19.25,26
epipelagic,10^5 g,19.25,19.75,25
epipelagic,10^5 g,19.25,20.25,4
epipelagic,10^5 g,19.25,20.75,21
epipelagic,10^5 g,19.25,21.25,3
epipelagic,10^5 g,19.25,21.75,118
epipelagic,10^5 g,19.25,22.25,79
epipelagic,10^5 g,19.25,22.75,5
epipelagic,10^5 g,19.75,13.75,1
epipelagic,10^5 g,19.75,14.25,12
epipelagic,10^5 g,19.75,14.75,40
epipelagic,10^5 g,19.75,15.25,141
epipelagic,10^5 g,19.75,15.75,98
epipelagic,10^5 g,19.75,16.75,43
epipelagic,10^5 g,19.75,17.25,5
epipelagic,10^5 g,19.75,17.75,140
epipelagic,10^5 g,19.75,18.25,48
epipelagic,10^5 g,19.75,18.75,177
epipelagic,10^5 g,19.75,19.25,41
epipelagic,10^5 g,19.75,19.75,50
epipelagic,10^5 g,19.75,20.25,3
epipelagic,10^5 g,19.75,20.75,28
epipelagic,10^5 g,19.75,21.25,5
epipelagic,10^5 g,19.75,21.75,107
epipelagic,10^5 g,19.75,22.25,158
epipelagic,10^5 g,19.75,22.75,45
epipelagic,10^5 g,20.25,12.75,1
epipelagic,10^5 g,20.25,14.75,1
epipelagic,10^5 g,20.25,15.25,19
epipelagic,10^5 g,20.25,15.75,214
epipelagic,10^5 g,20.25,16.25,250
epipelagic,10^5 g,20.25,16.75,16
epipelagic,10^5 g,20.25,17.25,5
epipelagic,10^5 g,20.25,17.75,4
epipelagic,10^5 g,20.25,18.25,30
epipelagic,10^5 g,20.25,18.75,14
epipelagic,10^5 g,20.25,19.25,27
epipelagic,10^5 g,20.25,19.75,50
epipelagic,10^5 g,20.25,20.25,30
epipelagic,10^5 g,20.25,20.75,24
epipelagic,10^5 g,20.25,21.25,4
epipelagic,10^5 g,20.25,21.75,71
epipelagic,10^5 g,20.25,22.25,258
epipelagic,10^5 g,20.25,22.75,1472
epipelagic,10^5 g,20.75,15.75,16
epipelagic,10^5 g,20.75,16.25,83
epipelagic,10^5 g,20.75,16.75,748
epipelagic,10^5 g,20.75,17.25,242
epipelagic,10^5 g,20.75,17.75,265
epipelagic,10^5 g,20.75,18.25,9
epipelagic,10^5 g,20.75,18.75,5
epipelagic,10^5 g,20.75,19.25,8
epipelagic,10^5 g,20.75,19.75,106
epipelagic,10^5 g,20.75,20.25,30
epipelagic,10^5 g,20.75,20.75,107
epipelagic,10^5 g,20.75,21.25,10
epipelagic,10^5 g,20.75,21.75,44
epipelagic,10^5 g,20.75,22.25,129
epipelagic,10^5 g,20.75,22.75,646
epipelagic,10^5 g,21.25,15.25,1
epipelagic,10^5 g,21.25,15.75,9
epipelagic,10^5 g,21.25,16.25,21
epipelagic,10^5 g,21.25,16.75,24
epipelagic,10^5 g,21.25,17.25,143
epipelagic,10^5 g,21.25,17.75,386
epipelagic,10^5 g,21.25,18.25,59
epipelagic,10^5 g,21.25,18.75,66
epipelagic,10^5 g,21.25,19.25,31
epipelagic,10^5 g,21.25,19.75,59
epipelagic,10^5 g,21.25,20.25,6
epipelagic,10^5 g,21.25,20.75,103
epipelagic,10^5 g,21.25,21.25,150
epipelagic,10^5 g,21.25,21.75,35
epipelagic,10^5 g,21.25,22.25,98
epipelagic,10^5 g,21.25,22.75,222
epipelagic,10^5 g,21.75,16.25,3
epipelagic,10^5 g,21.75,16.75,4
epipelagic,10^5 g,21.75,17.25,11
epipelagic,10^5 g,21.75,17.75,165
epipelagic,10^5 g,21.75,18.25,204
epipelagic,10^5 g,21.75,18.75,58
epipelagic,10^5 g,21.75,19.25,89
epipelagic,10^5 g,21.75,19.75,113
epipelagic,10^5 g,21.75,20.25,5
epipelagic,10^5 g,21.75,20.75,109
epipelagic,10^5 g,21.75,21.25,46
epipelagic,10^5 g,21.75,21.75,68
epipelagic,10^5 g,21.75,22.25,17
epipelagic,10^5 g,21.75,22.75,15
epipelagic,10^5 g,22.25,13.75,1
epipelagic,10^5 g,22.25,16.25,3
epipelagic,10^5 g,22.25,16.75,8
epipelagic,10^5 g,22.25,17.25,23
epipelagic,10^5 g,22.25,17.75,16
epipelagic,10^5 g,22.25,18.25,57
epipelagic,10^5 g,22.25,18.75,141
epipelagic,10^5 g,22.25,19.25,381
epipelagic,10^5 g,22.25,19.75,265
epipelagic,10^5 g,22.25,20.25,56
epipelagic,10^5 g,22.25,20.75,110
epipelagic,10^5 g,22.25,21.25,152
epipelagic,10^5 g,22.25,21.75,107
epipelagic,10^5 g,22.25,22.25,241
epipelagic,10^5 g,22.25,22.75,50
epipelagic,10^5 g,22.25,25.25,3
epipelagic,10^5 g,22.75,16.25,1
epipelagic,10^5 g,22.75,16.75,3
epipelagic,10^5 g,22.75,17.25,1
epipelagic,10^5 g,22.75,17.75,422
epipelagic,10^5 g,22.75,18.25,40
epipelagic,10^5 g,22.75,18.75,76
epipelagic,10^5 g,22.75,19.25,71
epipelagic,10^5 g,22.75,19.75,184
epipelagic,10^5 g,22.75,20.25,406
epipelagic,10^5 g,22.75,20.75,206
epipelagic,10^5 g,22.75,21.25,282
epipelagic,10^5 g,22.75,21.75,268
epipelagic,10^5 g,22.75,22.25,201
epipelagic,10^5 g,22.75,22.75,67
epipelagic,10^5 g,23.25,16.75,3
epipelagic,10^5 g,23.25,18.75,76
epipelagic,10^5 g,23.25,19.25,15
epipelagic,10^5 g,23.25,19.75,280
epipelagic,10^5 g,23.25,20.25,62
epipelagic,10^5 g,23.25,20.75,475
epipelagic,10^5 g,23.25,21.25,1165
epipelagic,10^5 g,23.25,21.75,1074
epipelagic,10^5 g,23.25,22.25,165
epipelagic,10^5 g,23.25,22.75,74
epipelagic,10^5 g,23.75,15.75,1
epipelagic,10^5 g,23.75,16.25,1
epipelagic,10^5 g,23.75,18.25,3
epipelagic,10^5 g,23.75,18.75,42
epipelagic,10^5 g,23.75,19.25,4
epipelagic,10^5 g,23.75,19.75,38
epipelagic,10^5 g,23.75,20.25,25
epipelagic,10^5 g,23.75,20.75,401
epipelagic,10^5 g,23.75,21.25,1547
epipelagic,10^5 g,23.75,21.75,1768
epipelagic,10^5 g,23.75,22.25,514
epipelagic,10^5 g,23.75,22.75,685
epipelagic,10^5 g,23.75,23.25,9
epipelagic,10^5 g,24.25,10.25,1
epipelagic,10^5 g,24.25,16.75,3
epipelagic,10^5 g,24.25,17.75,4
epipelagic,10^5 g,24.25,18.25,2
epipelagic,10^5 g,24.25,18.75,3
epipelagic,10^5 g,24.25,19.25,5
epipelagic,10^5 g,24.25,19.75,64
epipelagic,10^5 g,24.25,20.25,136
epipelagic,10^5 g,24.25,20.75,326
epipelagic,10^5 g,24.25,21.25,2902
epipelagic,10^5 g,24.25,21.75,1967
epipelagic,10^5 g,24.25,22.25,129
epipelagic,10^5 g,24.25,22.75,70
epipelagic,10^5 g,24.25,23.25,5
epipelagic,10^5 g,24.75,17.75,2
epipelagic,10^5 g,24.75,18.25,2
epipelagic,10^5 g,24.75,19.25,3
epipelagic,10^5 g,24.75,19.75,16
epipelagic,10^5 g,24.75,20.25,33
epipelagic,10^5 g,24.75,20.75,422
epipelagic,10^5 g,24.75,21.25,2958
epipelagic,10^5 g,24.75,21.75,5085
epipelagic,10^5 g,24.75,22.25,456
epipelagic,10^5 g,24.75,22.75,4
epipelagic,10^5 g,25.25,16.75,1
epipelagic,10^5 g,25.25,17.75,1
epipelagic,10^5 g,25.25,18.25,6
epipelagic,10^5 g,25.25,19.75,5
epipelagic,10^5 g,25.25,20.25,33
epipelagic,10^5 g,25.25,20.75,842
epipelagic,10^5 g,25.25,21.25,4330
epipelagic,10^5 g,25.25,21.75,8714
epipelagic,10^5 g,25.25,22.25,268
epipelagic,10^5 g,25.25,22.75,2
epipelagic,10^5 g,25.75,11.25,1
epipelagic,10^5 g,25.75,13.25,1
epipelagic,10^5 g,25.75,19.75,2
epipelagic,10^5 g,25.75,20.25,6
epipelagic,10^5 g,25.75,20.75,37
epipelagic,10^5 g,25.75,21.25,625
epipelagic,10^5 g,25.75,21.75,6637
epipelagic,10^5 g,25.75,22.25,193
epipelagic,10^5 g,25.75,22.75,9
epipelagic,10^5 g,26.25,9.25,1
epipelagic,10^5 g,26.25,13.75,1
epipelagic,10^5 g,26.25,15.75,1
epipelagic,10^5 g,26.25,20.25,4
epipelagic,10^5 g,26.25,20.75,81
epipelagic,10^5 g,26.25,21.25,300
epipelagic,10^5 g,26.25,21.75,1962
epipelagic,10^5 g,26.25,22.25,900
epipelagic,10^5 g,26.75,12.25,2
epipelagic,10^5 g,26.75,12.75,2
epipelagic,10^5 g,26.75,14.75,1
epipelagic,10^5 g,26.75,17.25,2
epipelagic,10^5 g,26.75,17.75,2
epipelagic,10^5 g,26.75,19.75,1
epipelagic,10^5 g,26.75,20.25,1
epipelagic,10^5 g,26.75,20.75,64
epipelagic,10^5 g,26.75,21.25,574
epipelagic,10^5 g,26.75,21.75,1454
epipelagic,10^5 g,26.75,22.25,611
epipelagic,10^5 g,27.25,13.75,2
epipelagic,10^5 g,27.25,16.25,1
epipelagic,10^5 g,27.25,16.75,1
epipelagic,10^5 g,27.25,17.75,4
epipelagic,10^5 g,27.25,18.75,4
epipelagic,10^5 g,27.25,19.25,1
epipelagic,10^5 g,27.25,20.75,24
epipelagic,10^5 g,27.25,21.25,315
epipelagic,10^5 g,27.25,21.75,1542
epipelagic,10^5 g,27.25,22.25,1182
epipelagic,10^5 g,27.25,22.75,1
epipelagic,10^5 g,27.75,14.25,1
epipelagic,10^5 g,27.75,16.25,2
epipelagic,10^5 g,27.75,17.75,1
epipelagic,10^5 g,27.75,18.25,1
epipelagic,10^5 g,27.75,18.75,1
epipelagic,10^5 g,27.75,19.25,2
epipelagic,10^5 g,27.75,19.75,3
epipelagic,10^5 g,27.75,20.25,1
epipelagic,10^5 g,27.75,20.75,22
epipelagic,10^5 g,27.75,21.25,369
epipelagic,10^5 g,27.75,21.75,2630
epipelagic,10^5 g,27.75,22.25,1900
epipelagic,10^5 g,28.25,18.75,1
epipelagic,10^5 g,28.25,19.25,1
epipelagic,10^5 g,28.25,19.75,2
epipelagic,10^5 g,28.25,20.25,28
epipelagic,10^5 g,28.25,20.75,892
epipelagic,10^5 g,28.25,21.25,508
epipelagic,10^5 g,28.25,21.75,241
epipelagic,10^5 g,28.25,22.25,21
epipelagic,10^5 g,28.75,20.25,3
epipelagic,10^5 g,28.75,20.75,13
epipelagic,10^5 g,28.75,21.25,599
epipelagic,10^5 g,28.75,21.75,140
epipelagic,10^5 g,28.75,22.25,1
epipelagic,10^5 g,29.25,21.25,87
epipelagic,10^5 g,29.25,21.75,187
epipelagic,10^5 g,29.25,22.25,4
epipelagic,10^5 g,29.75,21.25,21
epipelagic,10^5 g,29.75,21.75,96
epipelagic,10^5 g,29.75,22.25,8
epipelagic,10^6 g,0.75,20.25,1
epipelagic,10^6 g,1.25,13.75,4
epipelagic,10^6 g,1.25,18.75,9
epipelagic,10^6 g,1.75,13.75,1
epipelagic,10^6 g,1.75,15.25,231
epipelagic,10^6 g,1.75,15.75,159
epipelagic,10^6 g,1.75,16.25,13
epipelagic,10^6 g,2.25,15.25,4
epipelagic,10^6 g,2.25,16.25,1
epipelagic,10^6 g,2.25,16.75,18
epipelagic,10^6 g,2.25,17.25,110
epipelagic,10^6 g,2.25,18.25,588
epipelagic,10^6 g,2.75,16.25,32
epipelagic,10^6 g,2.75,16.75,1285
epipelagic,10^6 g,2.75,17.25,465
epipelagic,10^6 g,2.75,17.75,56
epipelagic,10^6 g,2.75,18.25,842
epipelagic,10^6 g,2.75,19.75,72
epipelagic,10^6 g,3.25,16.25,168
epipelagic,10^6 g,3.25,16.75,1183
epipelagic,10^6 g,3.25,17.25,1894
epipelagic,10^6 g,3.25,17.75,1357
epipelagic,10^6 g,3.25,18.25,4574
epipelagic,10^6 g,3.25,18.75,11618
epipelagic,10^6 g,3.25,19.25,1273
epipelagic,10^6 g,3.25,19.75,1
epipelagic,10^6 g,3.75,15.25,81
epipelagic,10^6 g,3.75,15.75,61
epipelagic,10^6 g,3.75,16.25,275
epipelagic,10^6 g,3.75,16.75,619
epipelagic,10^6 g,3.75,17.25,536
epipelagic,10^6 g,3.75,17.75,1106
epipelagic,10^6 g,3.75,18.25,1213
epipelagic,10^6 g,3.75,18.75,846
epipelagic,10^6 g,3.75,19.75,10
epipelagic,10^6 g,3.75,20.25,5
epipelagic,10^6 g,3.75,22.25,1
epipelagic,10^6 g,4.25,13.25,23
epipelagic,10^6 g,4.25,13.75,646
epipelagic,10^6 g,4.25,14.25,1576
epipelagic,10^6 g,4.25,14.75,2036
epipelagic,10^6 g,4.25,15.25,431
epipelagic,10^6 g,4.25,15.75,21
epipelagic,10^6 g,4.25,16.25,52
epipelagic,10^6 g,4.25,16.75,318
epipelagic,10^6 g,4.25,17.25,132
epipelagic,10^6 g,4.25,17.75,234
epipelagic,10^6 g,4.25,18.25,417
epipelagic,10^6 g,4.25,18.75,8
epipelagic,10^6 g,4.25,19.25,1
epipelagic,10^6 g,4.25,20.75,2
epipelagic,10^6 g,4.75,12.25,58
epipelagic,10^6 g,4.75,12.75,258
epipelagic,10^6 g,4.75,13.25,845
epipelagic,10^6 g,4.75,13.75,793
epipelagic,10^6 g,4.75,14.25,206
epipelagic,10^6 g,4.75,14.75,15
epipelagic,10^6 g,4.75,15.25,1
epipelagic,10^6 g,4.75,15.75,54
epipelagic,10^6 g,4.75,16.25,65
epipelagic,10^6 g,4.75,16.75,102
epipelagic,10^6 g,4.75,17.25,64
epipelagic,10^6 g,4.75,17.75,16
epipelagic,10^6 g,4.75,19.25,2
epipelagic,10^6 g,4.75,19.75,4
epipelagic,10^6 g,5.25,10.25,69
epipelagic,10^6 g,5.25,10.75,1
epipelagic,10^6 g,5.25,11.25,38
epipelagic,10^6 g,5.25,11.75,196
epipelagic,10^6 g,5.25,12.25,293
epipelagic,10^6 g,5.25,12.75,110
epipelagic,10^6 g,5.25,13.25,30
epipelagic,10^6 g,5.25,14.25,11
epipelagic,10^6 g,5.25,15.25,218
epipelagic,10^6 g,5.25,15.75,7
epipelagic,10^6 g,5.25,16.25,26
epipelagic,10^6 g,5.25,16.75,15
epipelagic,10^6 g,5.25,19.25,1
epipelagic,10^6 g,5.25,19.75,11
epipelagic,10^6 g,5.25,20.25,10
epipelagic,10^6 g,5.25,20.75,4
epipelagic,10^6 g,5.25,21.25,3
epipelagic,10^6 g,5.75,10.25,43
epipelagic,10^6 g,5.75,10.75,48
epipelagic,10^6 g,5.75,11.25,205
epipelagic,10^6 g,5.75,11.75,380
epipelagic,10^6 g,5.75,12.25,5
epipelagic,10^6 g,5.75,12.75,30
epipelagic,10^6 g,5.75,14.25,45
epipelagic,10^6 g,5.75,14.75,64
epipelagic,10^6 g,5.75,15.75,6
epipelagic,10^6 g,5.75,19.75,1
epipelagic,10^6 g,5.75,20.25,6
epipelagic,10^6 g,5.75,20.75,3
epipelagic,10^6 g,5.75,21.25,2
epipelagic,10^6 g,5.75,21.75,1
epipelagic,10^6 g,6.25,3.25,1
epipelagic,10^6 g,6.25,10.25,75
epipelagic,10^6 g,6.25,10.75,198
epipelagic,10^6 g,6.25,11.25,64
epipelagic,10^6 g,6.25,11.75,5
epipelagic,10^6 g,6.25,12.25,9
epipelagic,10^6 g,6.25,13.25,8
epipelagic,10^6 g,6.25,14.75,10
epipelagic,10^6 g,6.25,16.25,34
epipelagic,10^6 g,6.25,18.75,2
epipelagic,10^6 g,6.25,19.25,7
epipelagic,10^6 g,6.25,20.25,1
epipelagic,10^6 g,6.25,20.75,1
epipelagic,10^6 g,6.25,21.25,2
epipelagic,10^6 g,6.25,22.25,1
epipelagic,10^6 g,6.75,8.25,6
epipelagic,10^6 g,6.75,8.75,1
epipelagic,10^6 g,6.75,9.25,1
epipelagic,10^6 g,6.75,9.75,35
epipelagic,10^6 g,6.75,10.25,110
epipelagic,10^6 g,6.75,10.75,62
epipelagic,10^6 g,6.75,11.75,5
epipelagic,10^6 g,6.75,12.25,23
epipelagic,10^6 g,6.75,13.25,1
epipelagic,10^6 g,6.75,13.75,11
epipelagic,10^6 g,6.75,14.25,4
epipelagic,10^6 g,6.75,14.75,43
epipelagic,10^6 g,6.75,15.25,1
epipelagic,10^6 g,6.75,15.75,3
epipelagic,10^6 g,6.75,18.75,2
epipelagic,10^6 g,6.75,19.25,1
epipelagic,10^6 g,6.75,19.75,6
epipelagic,10^6 g,6.75,20.25,4
epipelagic,10^6 g,6.75,20.75,3
epipelagic,10^6 g,6.75,21.25,1
epipelagic,10^6 g,6.75,22.75,4
epipelagic,10^6 g,7.25,9.75,153
epipelagic,10^6 g,7.25,10.25,42
epipelagic,10^6 g,7.25,10.75,5
epipelagic,10^6 g,7.25,12.25,1
epipelagic,10^6 g,7.25,14.25,1
epipelagic,10^6 g,7.25,15.25,10
epipelagic,10^6 g,7.25,17.25,1
epipelagic,10^6 g,7.25,17.75,1
epipelagic,10^6 g,7.25,18.25,1
epipelagic,10^6 g,7.25,18.75,10
epipelagic,10^6 g,7.25,19.25,4
epipelagic,10^6 g,7.25,19.75,10
epipelagic,10^6 g,7.25,20.25,1
epipelagic,10^6 g,7.75,3.75,1
epipelagic,10^6 g,7.75,9.25,2
epipelagic,10^6 g,7.75,9.75,149
epipelagic,10^6 g,7.75,10.75,9
epipelagic,10^6 g,7.75,11.75,1
epipelagic,10^6 g,7.75,13.75,7
epipelagic,10^6 g,7.75,16.25,106
epipelagic,10^6 g,7.75,16.75,1
epipelagic,10^6 g,7.75,17.25,1
epipelagic,10^6 g,7.75,18.25,3
epipelagic,10^6 g,7.75,18.75,4
epipelagic,10^6 g,7.75,19.25,4
epipelagic,10^6 g,7.75,19.75,15
epipelagic,10^6 g,7.75,20.25,20
epipelagic,10^6 g,7.75,20.75,17
epipelagic,10^6 g,7.75,21.25,2
epipelagic,10^6 g,7.75,22.25,1
epipelagic,10^6 g,7.75,22.75,98
epipelagic,10^6 g,8.25,8.75,2
epipelagic,10^6 g,8.25,9.25,76
epipelagic,10^6 g,8.25,11.25,10
epipelagic,10^6 g,8.25,11.75,6
epipelagic,10^6 g,8.25,14.25,1
epipelagic,10^6 g,8.25,17.75,2
epipelagic,10^6 g,8.25,19.25,11
epipelagic,10^6 g,8.25,19.75,3
epipelagic,10^6 g,8.25,20.25,25
epipelagic,10^6 g,8.25,20.75,31
epipelagic,10^6 g,8.25,21.25,1
epipelagic,10^6 g,8.25,21.75,1
epipelagic,10^6 g,8.25,22.25,82
epipelagic,10^6 g,8.25,22.75,17
epipelagic,10^6 g,8.75,9.25,43
epipelagic,10^6 g,8.75,9.75,64
epipelagic,10^6 g,8.75,11.25,2
epipelagic,10^6 g,8.75,13.25,1
epipelagic,10^6 g,8.75,15.25,1
epipelagic,10^6 g,8.75,17.25,5
epipelagic,10^6 g,8.75,17.75,1
epipelagic,10^6 g,8.75,18.25,1
epipelagic,10^6 g,8.75,18.75,28
epipelagic,10^6 g,8.75,19.25,220
epipelagic,10^6 g,8.75,19.75,24
epipelagic,10^6 g,8.75,20.25,19
epipelagic,10^6 g,8.75,20.75,14
epipelagic,10^6 g,8.75,21.75,12
epipelagic,10^6 g,8.75,22.75,10
epipelagic,10^6 g,9.25,9.25,18
epipelagic,10^6 g,9.25,11.25,24
epipelagic,10^6 g,9.25,12.75,42
epipelagic,10^6 g,9.25,15.25,1
epipelagic,10^6 g,9.25,15.75,1
epipelagic,10^6 g,9.25,16.25,2
epipelagic,10^6 g,9.25,17.75,1
epipelagic,10^6 g,9.25,18.25,47
epipelagic,10^6 g,9.25,19.25,199
epipelagic,10^6 g,9.25,19.75,17
epipelagic,10^6 g,9.25,20.25,30
epipelagic,10^6 g,9.25,20.75,9
epipelagic,10^6 g,9.25,21.25,4
epipelagic,10^6 g,9.25,21.75,3
epipelagic,10^6 g,9.25,22.75,40
epipelagic,10^6 g,9.75,9.25,56
epipelagic,10^6 g,9.75,11.75,90
epipelagic,10^6 g,9.75,13.75,1
epipelagic,10^6 g,9.75,17.75,36
epipelagic,10^6 g,9.75,18.25,43
epipelagic,10^6 g,9.75,18.75,58
epipelagic,10^6 g,9.75,19.25,44
epipelagic,10^6 g,9.75,19.75,21
epipelagic,10^6 g,9.75,20.25,44
epipelagic,10^6 g,9.75,20.75,122
epipelagic,10^6 g,9.75,21.25,17
epipelagic,10^6 g,9.75,21.75,4
epipelagic,10^6 g,9.75,22.25,1
epipelagic,10^6 g,9.75,22.75,117
epipelagic,10^6 g,10.25,9.25,16
epipelagic,10^6 g,10.25,9.75,21
epipelagic,10^6 g,10.25,12.25,103
epipelagic,10^6 g,10.25,15.75,1
epipelagic,10^6 g,10.25,17.25,27
epipelagic,10^6 g,10.25,17.75,186
epipelagic,10^6 g,10.25,18.25,1
epipelagic,10^6 g,10.25,19.25,7
epipelagic,10^6 g,10.25,19.75,6
epipelagic,10^6 g,10.25,20.25,37
epipelagic,10^6 g,10.25,20.75,38
epipelagic,10^6 g,10.25,21.25,37
epipelagic,10^6 g,10.25,21.75,27
epipelagic,10^6 g,10.25,22.25,28
epipelagic,10^6 g,10.25,22.75,12
epipelagic,10^6 g,10.75,9.25,18
epipelagic,10^6 g,10.75,9.75,51
epipelagic,10^6 g,10.75,11.75,5
epipelagic,10^6 g,10.75,15.75,13
epipelagic,10^6 g,10.75,16.75,1
epipelagic,10^6 g,10.75,17.75,8
epipelagic,10^6 g,10.75,18.25,2
epipelagic,10^6 g,10.75,18.75,182
epipelagic,10^6 g,10.75,19.25,9
epipelagic,10^6 g,10.75,19.75,154
epipelagic,10^6 g,10.75,20.25,44
epipelagic,10^6 g,10.75,20.75,84
epipelagic,10^6 g,10.75,21.25,50
epipelagic,10^6 g,10.75,21.75,70
epipelagic,10^6 g,10.75,22.25,19
epipelagic,10^6 g,10.75,22.75,28
epipelagic,10^6 g,11.25,8.25,1
epipelagic,10^6 g,11.25,9.25,1
epipelagic,10^6 g,11.25,9.75,11
epipelagic,10^6 g,11.25,11.75,5
epipelagic,10^6 g,11.25,12.25,8
epipelagic,10^6 g,11.25,12.75,7
epipelagic,10^6 g,11.25,13.25,13
epipelagic,10^6 g,11.25,14.25,1
epipelagic,10^6 g,11.25,15.75,59
epipelagic,10^6 g,11.25,16.75,145
epipelagic,10^6 g,11.25,17.25,70
epipelagic,10^6 g,11.25,17.75,12
epipelagic,10^6 g,11.25,18.25,19
epipelagic,10^6 g,11.25,18.75,16
epipelagic,10^6 g,11.25,19.25,3
epipelagic,10^6 g,11.25,19.75,45
epipelagic,10^6 g,11.25,20.25,47
epipelagic,10^6 g,11.25,20.75,116
epipelagic,10^6 g,11.25,21.25,32
epipelagic,10^6 g,11.25,21.75,440
epipelagic,10^6 g,11.25,22.25,229
epipelagic,10^6 g,11.25,22.75,24
epipelagic,10^6 g,11.75,9.25,1
epipelagic,10^6 g,11.75,9.75,38
epipelagic,10^6 g,11.75,10.25,42
epipelagic,10^6 g,11.75,10.75,1
epipelagic,10^6 g,11.75,11.75,5
epipelagic,10^6 g,11.75,13.25,1
epipelagic,10^6 g,11.75,14.25,27
epipelagic,10^6 g,11.75,14.75,2
epipelagic,10^6 g,11.75,15.75,4
epipelagic,10^6 g,11.75,16.75,18
epipelagic,10^6 g,11.75,17.75,128
epipelagic,10^6 g,11.75,18.25,6
epipelagic,10^6 g,11.75,18.75,49
epipelagic,10^6 g,11.75,19.25,4
epipelagic,10^6 g,11.75,19.75,249
epipelagic,10^6 g,11.75,20.25,7
epipelagic,10^6 g,11.75,20.75,11
epipelagic,10^6 g,11.75,21.25,10
epipelagic,10^6 g,11.75,21.75,193
epipelagic,10^6 g,11.75,22.25,412
epipelagic,10^6 g,11.75,22.75,23
epipelagic,10^6 g,12.25,9.75,43
epipelagic,10^6 g,12.25,10.25,32
epipelagic,10^6 g,12.25,10.75,33
epipelagic,10^6 g,12.25,12.75,12
epipelagic,10^6 g,12.25,15.75,25
epipelagic,10^6 g,12.25,17.75,1
epipelagic,10^6 g,12.25,18.25,12
epipelagic,10^6 g,12.25,18.75,41
epipelagic,10^6 g,12.25,19.25,292
epipelagic,10^6 g,12.25,19.75,185
epipelagic,10^6 g,12.25,20.25,107
epipelagic,10^6 g,12.25,20.75,85
epipelagic,10^6 g,12.25,21.25,72
epipelagic,10^6 g,12.25,21.75,176
epipelagic,10^6 g,12.25,22.25,819
epipelagic,10^6 g,12.25,22.75,111
epipelagic,10^6 g,12.75,8.75,1
epipelagic,10^6 g,12.75,9.75,2
epipelagic,10^6 g,12.75,10.25,14
epipelagic,10^6 g,12.75,10.75,2
epipelagic,10^6 g,12.75,11.25,11
epipelagic,10^6 g,12.75,12.75,11
epipelagic,10^6 g,12.75,13.25,15
epipelagic,10^6 g,12.75,14.25,8
epipelagic,10^6 g,12.75,14.75,3
epipelagic,10^6 g,12.75,15.75,2
epipelagic,10^6 g,12.75,16.75,68
epipelagic,10^6 g,12.75,17.25,90
epipelagic,10^6 g,12.75,17.75,197
epipelagic,10^6 g,12.75,18.25,12
epipelagic,10^6 g,12.75,18.75,23
epipelagic,10^6 g,12.75,19.75,15
epipelagic,10^6 g,12.75,20.25,9
epipelagic,10^6 g,12.75,20.75,125
epipelagic,10^6 g,12.75,21.25,98
epipelagic,10^6 g,12.75,21.75,100
epipelagic,10^6 g,12.75,22.25,269
epipelagic,10^6 g,12.75,22.75,54
epipelagic,10^6 g,13.25,10.25,4
epipelagic,10^6 g,13.25,10.75,4
epipelagic,10^6 g,13.25,11.25,141
epipelagic,10^6 g,13.25,12.25,1
epipelagic,10^6 g,13.25,12.75,242
epipelagic,10^6 g,13.25,13.75,55
epipelagic,10^6 g,13.25,14.75,69
epipelagic,10^6 g,13.25,15.25,2
epipelagic,10^6 g,13.25,16.75,3
epipelagic,10^6 g,13.25,17.25,2
epipelagic,10^6 g,13.25,17.75,13
epipelagic,10^6 g,13.25,18.25,2
epipelagic,10^6 g,13.25,18.75,12
epipelagic,10^6 g,13.25,19.25,6
epipelagic,10^6 g,13.25,19.75,77
epipelagic,10^6 g,13.25,20.25,24
epipelagic,10^6 g,13.25,20.75,42
epipelagic,10^6 g,13.25,21.25,13
epipelagic,10^6 g,13.25,21.75,154
epipelagic,10^6 g,13.25,22.25,396
epipelagic,10^6 g,13.25,22.75,33
epipelagic,10^6 g,13.75,9.75,3
epipelagic,10^6 g,13.75,10.25,7
epipelagic,10^6 g,13.75,10.75,62
epipelagic,10^6 g,13.75,11.25,15
epipelagic,10^6 g,13.75,11.75,7
epipelagic,10^6 g,13.75,12.75,314
epipelagic,10^6 g,13.75,13.75,51
epipelagic,10^6 g,13.75,14.25,92
epipelagic,10^6 g,13.75,14.75,16
epipelagic,10^6 g,13.75,17.75,1
epipelagic,10^6 g,13.75,18.25,12
epipelagic,10^6 g,13.75,18.75,4
epipelagic,10^6 g,13.75,19.25,2
epipelagic,10^6 g,13.75,19.75,7
epipelagic,10^6 g,13.75,20.25,5
epipelagic,10^6 g,13.75,20.75,89
epipelagic,10^6 g,13.75,21.25,3
epipelagic,10^6 g,13.75,21.75,171
epipelagic,10^6 g,13.75,22.25,410
epipelagic,10^6 g,14.25,9.75,3
epipelagic,10^6 g,14.25,10.25,1
epipelagic,10^6 g,14.25,10.75,57
epipelagic,10^6 g,14.25,11.25,129
epipelagic,10^6 g,14.25,11.75,2
epipelagic,10^6 g,14.25,13.25,433
epipelagic,10^6 g,14.25,14.25,39
epipelagic,10^6 g,14.25,14.75,223
epipelagic,10^6 g,14.25,15.75,26
epipelagic,10^6 g,14.25,16.25,8
epipelagic,10^6 g,14.25,16.75,61
epipelagic,10^6 g,14.25,17.25,1
epipelagic,10^6 g,14.25,17.75,11
epipelagic,10^6 g,14.25,18.25,2
epipelagic,10^6 g,14.25,18.75,1
epipelagic,10^6 g,14.25,19.25,5
epipelagic,10^6 g,14.25,19.75,5
epipelagic,10^6 g,14.25,20.25,19
epipelagic,10^6 g,14.25,20.75,14
epipelagic,10^6 g,14.25,21.25,6
epipelagic,10^6 g,14.25,21.75,161
epipelagic,10^6 g,14.25,22.25,831
epipelagic,10^6 g,14.25,22.75,22
epipelagic,10^6 g,14.75,10.75,51
epipelagic,10^6 g,14.75,11.25,139
epipelagic,10^6 g,14.75,11.75,20
epipelagic,10^6 g,14.75,12.75,5
epipelagic,10^6 g,14.75,13.75,191
epipelagic,10^6 g,14.75,14.75,13
epipelagic,10^6 g,14.75,15.25,9
epipelagic,10^6 g,14.75,15.75,1
epipelagic,10^6 g,14.75,17.25,1
epipelagic,10^6 g,14.75,17.75,21
epipelagic,10^6 g,14.75,18.25,16
epipelagic,10^6 g,14.75,18.75,14
epipelagic,10^6 g,14.75,19.25,140
epipelagic,10^6 g,14.75,19.75,36
epipelagic,10^6 g,14.75,20.25,13
epipelagic,10^6 g,14.75,20.75,55
epipelagic,10^6 g,14.75,21.25,37
epipelagic,10^6 g,14.75,21.75,354
epipelagic,10^6 g,14.75,22.25,512
epipelagic,10^6 g,14.75,22.75,79
epipelagic,10^6 g,15.25,10.75,14
epipelagic,10^6 g,15.25,11.25,56
epipelagic,10^6 g,15.25,11.75,277
epipelagic,10^6 g,15.25,12.25,2
epipelagic,10^6 g,15.25,12.75,3
epipelagic,10^6 g,15.25,13.25,2
epipelagic,10^6 g,15.25,13.75,7
epipelagic,10^6 g,15.25,14.75,6
epipelagic,10^6 g,15.25,15.25,681
epipelagic,10^6 g,15.25,15.75,125
epipelagic,10^6 g,15.25,17.75,6
epipelagic,10^6 g,15.25,18.25,3
epipelagic,10^6 g,15.25,18.75,3
epipelagic,10^6 g,15.25,19.25,3
epipelagic,10^6 g,15.25,19.75,23
epipelagic,10^6 g,15.25,20.25,23
epipelagic,10^6 g,15.25,20.75,23
epipelagic,10^6 g,15.25,21.25,11
epipelagic,10^6 g,15.25,21.75,285
epipelagic,10^6 g,15.25,22.25,174
epipelagic,10^6 g,15.25,22.75,5
epipelagic,10^6 g,15.75,11.25,50
epipelagic,10^6 g,15.75,11.75,25
epipelagic,10^6 g,15.75,12.25,19
epipelagic,10^6 g,15.75,13.25,2
epipelagic,10^6 g,15.75,13.75,110
epipelagic,10^6 g,15.75,14.25,15
epipelagic,10^6 g,15.75,14.75,246
epipelagic,10^6 g,15.75,15.25,430
epipelagic,10^6 g,15.75,15.75,331
epipelagic,10^6 g,15.75,16.25,359
epipelagic,10^6 g,15.75,16.75,20
epipelagic,10^6 g,15.75,17.25,82
epipelagic,10^6 g,15.75,17.75,2
epipelagic,10^6 g,15.75,18.25,5
epipelagic,10^6 g,15.75,18.75,8
epipelagic,10^6 g,15.75,19.75,3
epipelagic,10^6 g,15.75,20.25,12
epipelagic,10^6 g,15.75,20.75,17
epipelagic,10^6 g,15.75,21.25,16
epipelagic,10^6 g,15.75,21.75,15
epipelagic,10^6 g,15.75,22.25,453
epipelagic,10^6 g,15.75,22.75,14
epipelagic,10^6 g,16.25,10.25,1
epipelagic,10^6 g,16.25,11.25,5
epipelagic,10^6 g,16.25,11.75,9
epipelagic,10^6 g,16.25,12.25,92
epipelagic,10^6 g,16.25,12.75,19
epipelagic,10^6 g,16.25,13.75,13
epipelagic,10^6 g,16.25,15.25,350
epipelagic,10^6 g,16.25,15.75,6
epipelagic,10^6 g,16.25,16.25,927
epipelagic,10^6 g,16.25,16.75,332
epipelagic,10^6 g,16.25,18.25,23
epipelagic,10^6 g,16.25,18.75,9
epipelagic,10^6 g,16.25,19.75,4
epipelagic,10^6 g,16.25,20.25,8
epipelagic,10^6 g,16.25,20.75,16
epipelagic,10^6 g,16.25,21.25,92
epipelagic,10^6 g,16.25,21.75,203
epipelagic,10^6 g,16.25,22.25,127
epipelagic,10^6 g,16.25,22.75,158
epipelagic,10^6 g,16.75,11.25,1
epipelagic,10^6 g,16.75,11.75,8
epipelagic,10^6 g,16.75,12.25,6
epipelagic,10^6 g,16.75,12.75,42
epipelagic,10^6 g,16.75,13.75,4
epipelagic,10^6 g,16.75,14.25,3
epipelagic,10^6 g,16.75,15.25,87
epipelagic,10^6 g,16.75,15.75,652
epipelagic,10^6 g,16.75,16.25,864
epipelagic,10^6 g,16.75,16.75,239
epipelagic,10^6 g,16.75,17.25,40
epipelagic,10^6 g,16.75,17.75,6
epipelagic,10^6 g,16.75,18.25,2
epipelagic,10^6 g,16.75,18.75,1
epipelagic,10^6 g,16.75,19.25,2
epipelagic,10^6 g,16.75,19.75,144
epipelagic,10^6 g,16.75,20.25,4
epipelagic,10^6 g,16.75,20.75,5
epipelagic,10^6 g,16.75,21.25,229
epipelagic,10^6 g,16.75,21.75,232
epipelagic,10^6 g,16.75,22.25,101
epipelagic,10^6 g,16.75,22.75,53
epipelagic,10^6 g,17.25,11.75,150
epipelagic,10^6 g,17.25,12.25,261
epipelagic,10^6 g,17.25,12.75,49
epipelagic,10^6 g,17.25,13.25,119
epipelagic,10^6 g,17.25,13.75,74
epipelagic,10^6 g,17.25,14.75,4
epipelagic,10^6 g,17.25,15.75,577
epipelagic,10^6 g,17.25,16.25,132
epipelagic,10^6 g,17.25,16.75,116
epipelagic,10^6 g,17.25,17.25,53
epipelagic,10^6 g,17.25,17.75,1
epipelagic,10^6 g,17.25,18.25,3
epipelagic,10^6 g,17.25,18.75,17
epipelagic,10^6 g,17.25,19.25,9
epipelagic,10^6 g,17.25,19.75,6
epipelagic,10^6 g,17.25,20.25,23
epipelagic,10^6 g,17.25,20.75,8
epipelagic,10^6 g,17.25,21.25,145
epipelagic,10^6 g,17.25,21.75,7
epipelagic,10^6 g,17.25,22.25,239
epipelagic,10^6 g,17.25,22.75,26
epipelagic,10^6 g,17.75,9.25,1
epipelagic,10^6 g,17.75,11.75,2
epipelagic,10^6 g,17.75,12.75,426
epipelagic,10^6 g,17.75,13.25,147
epipelagic,10^6 g,17.75,13.75,52
epipelagic,10^6 g,17.75,14.75,17
epipelagic,10^6 g,17.75,15.75,315
epipelagic,10^6 g,17.75,16.25,656
epipelagic,10^6 g,17.75,16.75,117
epipelagic,10^6 g,17.75,17.25,56
epipelagic,10^6 g,17.75,17.75,12
epipelagic,10^6 g,17.75,18.25,8
epipelagic,10^6 g,17.75,18.75,10
epipelagic,10^6 g,17.75,19.25,1
epipelagic,10^6 g,17.75,19.75,3
epipelagic,10^6 g,17.75,20.25,27
epipelagic,10^6 g,17.75,20.75,12
epipelagic,10^6 g,17.75,21.25,27
epipelagic,10^6 g,17.75,21.75,23
epipelagic,10^6 g,17.75,22.25,113
epipelagic,10^6 g,17.75,22.75,2
epipelagic,10^6 g,18.25,9.75,1
epipelagic,10^6 g,18.25,12.75,56
epipelagic,10^6 g,18.25,13.25,198
epipelagic,10^6 g,18.25,13.75,171
epipelagic,10^6 g,18.25,14.25,15
epipelagic,10^6 g,18.25,14.75,132
epipelagic,10^6 g,18.25,15.25,1
epipelagic,10^6 g,18.25,15.75,11
epipelagic,10^6 g,18.25,16.25,41
epipelagic,10^6 g,18.25,16.75,88
epipelagic,10^6 g,18.25,17.25,242
epipelagic,10^6 g,18.25,17.75,46
epipelagic,10^6 g,18.25,18.25,2
epipelagic,10^6 g,18.25,18.75,4
epipelagic,10^6 g,18.25,19.25,4
epipelagic,10^6 g,18.25,19.75,2
epipelagic,10^6 g,18.25,20.25,9
epipelagic,10^6 g,18.25,20.75,7
epipelagic,10^6 g,18.25,21.25,250
epipelagic,10^6 g,18.25,21.75,30
epipelagic,10^6 g,18.25,22.25,110
epipelagic,10^6 g,18.75,12.75,1
epipelagic,10^6 g,18.75,13.25,48
epipelagic,10^6 g,18.75,13.75,36
epipelagic,10^6 g,18.75,14.25,188
epipelagic,10^6 g,18.75,14.75,76
epipelagic,10^6 g,18.75,15.25,135
epipelagic,10^6 g,18.75,15.75,28
epipelagic,10^6 g,18.75,16.75,51
epipelagic,10^6 g,18.75,17.25,10
epipelagic,10^6 g,18.75,17.75,47
epipelagic,10^6 g,18.75,18.25,27
epipelagic,10^6 g,18.75,18.75,9
epipelagic,10^6 g,18.75,19.25,5
epipelagic,10^6 g,18.75,19.75,10
epipelagic,10^6 g,18.75,20.25,6
epipelagic,10^6 g,18.75,20.75,2
epipelagic,10^6 g,18.75,21.25,72
epipelagic,10^6 g,18.75,21.75,84
epipelagic,10^6 g,18.75,22.25,80
epipelagic,10^6 g,18.75,22.75,2
epipelagic,10^6 g,19.25,14.25,40
epipelagic,10^6 g,19.25,14.75,144
epipelagic,10^6 g,19.25,15.25,21
epipelagic,10^6 g,19.25,15.75,3
epipelagic,10^6 g,19.25,16.25,165
epipelagic,10^6 g,19.25,17.25,12
epipelagic,10^6 g,19.25,17.75,81
epipelagic,10^6 g,19.25,18.25,13
epipelagic,10^6 g,19.25,18.75,58
epipelagic,10^6 g,19.25,19.25,14
epipelagic,10^6 g,19.25,19.75,12
epipelagic,10^6 g,19.25,20.25,5
epipelagic,10^6 g,19.25,20.75,10
epipelagic,10^6 g,19.25,21.25,137
epipelagic,10^6 g,19.25,21.75,67
epipelagic,10^6 g,19.25,22.25,19
epipelagic,10^6 g,19.25,22.75,3
epipelagic,10^6 g,19.75,14.25,4
epipelagic,10^6 g,19.75,14.75,19
epipelagic,10^6 g,19.75,15.25,52
epipelagic,10^6 g,19.75,15.75,175
epipelagic,10^6 g,19.75,16.25,1
epipelagic,10^6 g,19.75,16.75,33
epipelagic,10^6 g,19.75,17.25,3
epipelagic,10^6 g,19.75,17.75,112
epipelagic,10^6 g,19.75,18.25,42
epipelagic,10^6 g,19.75,18.75,83
epipelagic,10^6 g,19.75,19.25,9
epipelagic,10^6 g,19.75,19.75,33
epipelagic,10^6 g,19.75,20.25,5
epipelagic,10^6 g,19.75,20.75,14
epipelagic,10^6 g,19.75,21.25,257
epipelagic,10^6 g,19.75,21.75,373
epipelagic,10^6 g,19.75,22.25,56
epipelagic,10^6 g,19.75,22.75,32
epipelagic,10^6 g,20.25,12.75,1
epipelagic,10^6 g,20.25,15.25,13
epipelagic,10^6 g,20.25,15.75,80
epipelagic,10^6 g,20.25,16.25,80
epipelagic,10^6 g,20.25,16.75,5
epipelagic,10^6 g,20.25,17.25,1
epipelagic,10^6 g,20.25,17.75,10
epipelagic,10^6 g,20.25,18.25,16
epipelagic,10^6 g,20.25,18.75,8
epipelagic,10^6 g,20.25,19.25,5
epipelagic,10^6 g,20.25,19.75,21
epipelagic,10^6 g,20.25,20.25,26
epipelagic,10^6 g,20.25,20.75,95
epipelagic,10^6 g,20.25,21.25,661
epipelagic,10^6 g,20.25,21.75,433
epipelagic,10^6 g,20.25,22.25,107
epipelagic,10^6 g,20.25,22.75,909
epipelagic,10^6 g,20.75,14.75,1
epipelagic,10^6 g,20.75,15.75,61
epipelagic,10^6 g,20.75,16.25,32
epipelagic,10^6 g,20.75,16.75,367
epipelagic,10^6 g,20.75,17.25,55
epipelagic,10^6 g,20.75,17.75,299
epipelagic,10^6 g,20.75,18.25,12
epipelagic,10^6 g,20.75,18.75,6
epipelagic,10^6 g,20.75,19.25,4
epipelagic,10^6 g,20.75,19.75,42
epipelagic,10^6 g,20.75,20.25,11
epipelagic,10^6 g,20.75,20.75,44
epipelagic,10^6 g,20.75,21.25,53
epipelagic,10^6 g,20.75,21.75,367
epipelagic,10^6 g,20.75,22.25,63
epipelagic,10^6 g,20.75,22.75,265
epipelagic,10^6 g,21.25,15.25,4
epipelagic,10^6 g,21.25,15.75,8
epipelagic,10^6 g,21.25,16.75,4
epipelagic,10^6 g,21.25,17.25,48
epipelagic,10^6 g,21.25,17.75,141
epipelagic,10^6 g,21.25,18.25,21
epipelagic,10^6 g,21.25,18.75,149
epipelagic,10^6 g,21.25,19.25,8
epipelagic,10^6 g,21.25,19.75,24
epipelagic,10^6 g,21.25,20.25,7
epipelagic,10^6 g,21.25,20.75,69
epipelagic,10^6 g,21.25,21.25,285
epipelagic,10^6 g,21.25,21.75,169
epipelagic,10^6 g,21.25,22.25,46
epipelagic,10^6 g,21.25,22.75,96
epipelagic,10^6 g,21.75,13.75,1
epipelagic,10^6 g,21.75,16.25,6
epipelagic,10^6 g,21.75,17.25,26
epipelagic,10^6 g,21.75,17.75,87
epipelagic,10^6 g,21.75,18.25,71
epipelagic,10^6 g,21.75,18.75,15
epipelagic,10^6 g,21.75,19.25,21
epipelagic,10^6 g,21.75,19.75,28
epipelagic,10^6 g,21.75,20.25,64
epipelagic,10^6 g,21.75,20.75,60
epipelagic,10^6 g,21.75,21.25,644
epipelagic,10^6 g,21.75,21.75,304
epipelagic,10^6 g,21.75,22.25,45
epipelagic,10^6 g,21.75,22.75,6
epipelagic,10^6 g,22.25,13.75,1
epipelagic,10^6 g,22.25,15.25,1
epipelagic,10^6 g,22.25,15.75,7
epipelagic,10^6 g,22.25,16.25,6
epipelagic,10^6 g,22.25,16.75,15
epipelagic,10^6 g,22.25,17.25,146
epipelagic,10^6 g,22.25,17.75,2
epipelagic,10^6 g,22.25,18.25,83
epipelagic,10^6 g,22.25,18.75,87
epipelagic,10^6 g,22.25,19.25,194
epipelagic,10^6 g,22.25,19.75,75
epipelagic,10^6 g,22.25,20.25,53
epipelagic,10^6 g,22.25,20.75,147
epipelagic,10^6 g,22.25,21.25,1016
epipelagic,10^6 g,22.25,21.75,362
epipelagic,10^6 g,22.25,22.25,215
epipelagic,10^6 g,22.25,22.75,21
epipelagic,10^6 g,22.25,25.25,6
epipelagic,10^6 g,22.75,16.75,1
epipelagic,10^6 g,22.75,17.25,3
epipelagic,10^6 g,22.75,17.75,243
epipelagic,10^6 g,22.75,18.25,24
epipelagic,10^6 g,22.75,18.75,62
epipelagic,10^6 g,22.75,19.25,56
epipelagic,10^6 g,22.75,19.75,83
epipelagic,10^6 g,22.75,20.25,110
epipelagic,10^6 g,22.75,20.75,203
epipelagic,10^6 g,22.75,21.25,1359
epipelagic,10^6 g,22.75,21.75,315
epipelagic,10^6 g,22.75,22.25,208
epipelagic,10^6 g,22.75,22.75,123
epipelagic,10^6 g,23.25,16.75,2
epipelagic,10^6 g,23.25,17.25,2
epipelagic,10^6 g,23.25,18.75,69
epipelagic,10^6 g,23.25,19.25,94
epipelagic,10^6 g,23.25,19.75,239
epipelagic,10^6 g,23.25,20.25,45
epipelagic,10^6 g,23.25,20.75,180
epipelagic,10^6 g,23.25,21.25,1437
epipelagic,10^6 g,23.25,21.75,416
epipelagic,10^6 g,23.25,22.25,133
epipelagic,10^6 g,23.25,22.75,55
epipelagic,10^6 g,23.75,16.25,3
epipelagic,10^6 g,23.75,17.25,2
epipelagic,10^6 g,23.75,17.75,1
epipelagic,10^6 g,23.75,18.25,16
epipelagic,10^6 g,23.75,18.75,30
epipelagic,10^6 g,23.75,19.75,23
epipelagic,10^6 g,23.75,20.25,17
epipelagic,10^6 g,23.75,20.75,294
epipelagic,10^6 g,23.75,21.25,1905
epipelagic,10^6 g,23.75,21.75,728
epipelagic,10^6 g,23.75,22.25,254
epipelagic,10^6 g,23.75,22.75,254
epipelagic,10^6 g,23.75,23.25,8
epipelagic,10^6 g,24.25,16.75,2
epipelagic,10^6 g,24.25,17.25,40
epipelagic,10^6 g,24.25,17.75,7
epipelagic,10^6 g,24.25,18.25,2
epipelagic,10^6 g,24.25,18.75,1
epipelagic,10^6 g,24.25,19.25,7
epipelagic,10^6 g,24.25,19.75,42
epipelagic,10^6 g,24.25,20.25,193
epipelagic,10^6 g,24.25,20.75,271
epipelagic,10^6 g,24.25,21.25,2649
epipelagic,10^6 g,24.25,21.75,948
epipelagic,10^6 g,24.25,22.25,101
epipelagic,10^6 g,24.25,22.75,64
epipelagic,10^6 g,24.25,23.25,7
epipelagic,10^6 g,24.75,16.25,1
epipelagic,10^6 g,24.75,17.75,1
epipelagic,10^6 g,24.75,18.75,1
epipelagic,10^6 g,24.75,19.75,30
epipelagic,10^6 g,24.75,20.25,63
epipelagic,10^6 g,24.75,20.75,230
epipelagic,10^6 g,24.75,21.25,2831
epipelagic,10^6 g,24.75,21.75,2241
epipelagic,10^6 g,24.75,22.25,165
epipelagic,10^6 g,24.75,22.75,2
epipelagic,10^6 g,25.25,9.25,1
epipelagic,10^6 g,25.25,17.75,11
epipelagic,10^6 g,25.25,18.25,28
epipelagic,10^6 g,25.25,19.75,2
epipelagic,10^6 g,25.25,20.25,38
epipelagic,10^6 g,25.25,20.75,395
epipelagic,10^6 g,25.25,21.25,3825
epipelagic,10^6 g,25.25,21.75,4842
epipelagic,10^6 g,25.25,22.25,99
epipelagic,10^6 g,25.25,22.75,2
epipelagic,10^6 g,25.75,11.25,1
epipelagic,10^6 g,25.75,16.25,1
epipelagic,10^6 g,25.75,20.25,4
epipelagic,10^6 g,25.75,20.75,41
epipelagic,10^6 g,25.75,21.25,1051
epipelagic,10^6 g,25.75,21.75,4292
epipelagic,10^6 g,25.75,22.25,138
epipelagic,10^6 g,25.75,22.75,12
epipelagic,10^6 g,26.25,15.75,1
epipelagic,10^6 g,26.25,16.25,2
epipelagic,10^6 g,26.25,20.25,3
epipelagic,10^6 g,26.25,20.75,78
epipelagic,10^6 g,26.25,21.25,2159
epipelagic,10^6 g,26.25,21.75,1864
epipelagic,10^6 g,26.25,22.25,716
epipelagic,10^6 g,26.25,22.75,1
epipelagic,10^6 g,26.75,12.75,1
epipelagic,10^6 g,26.75,17.75,2
epipelagic,10^6 g,26.75,19.75,1
epipelagic,10^6 g,26.75,20.25,41
epipelagic,10^6 g,26.75,20.75,24
epipelagic,10^6 g,26.75,21.25,1339
epipelagic,10^6 g,26.75,21.75,2608
epipelagic,10^6 g,26.75,22.25,905
epipelagic,10^6 g,27.25,13.25,1
epipelagic,10^6 g,27.25,13.75,1
epipelagic,10^6 g,27.25,16.75,1
epipelagic,10^6 g,27.25,17.75,3
epipelagic,10^6 g,27.25,20.25,2
epipelagic,10^6 g,27.25,20.75,89
epipelagic,10^6 g,27.25,21.25,916
epipelagic,10^6 g,27.25,21.75,2172
epipelagic,10^6 g,27.25,22.25,729
epipelagic,10^6 g,27.75,19.25,1
epipelagic,10^6 g,27.75,19.75,3
epipelagic,10^6 g,27.75,20.25,2
epipelagic,10^6 g,27.75,20.75,14
epipelagic,10^6 g,27.75,21.25,417
epipelagic,10^6 g,27.75,21.75,2191
epipelagic,10^6 g,27.75,22.25,1091
epipelagic,10^6 g,28.25,20.25,6
epipelagic,10^6 g,28.25,20.75,38
epipelagic,10^6 g,28.25,21.25,449
epipelagic,10^6 g,28.25,21.75,752
epipelagic,10^6 g,28.25,22.25,11
epipelagic,10^6 g,28.75,20.25,5
epipelagic,10^6 g,28.75,20.75,11
epipelagic,10^6 g,28.75,21.25,243
epipelagic,10^6 g,28.75,21.75,61
epipelagic,10^6 g,28.75,22.25,2
epipelagic,10^6 g,29.25,20.75,4
epipelagic,10^6 g,29.25,21.25,65
epipelagic,10^6 g,29.25,21.75,76
epipelagic,10^6 g,29.25,22.25,7
epipelagic,10^6 g,29.75,21.25,1
epipelagic,10^6 g,29.75,21.75,105
epipelagic,10^6 g,29.75,22.25,6
epipelagic,10^7 g,3.25,16.25,1
epipelagic,10^7 g,4.75,12.25,1
epipelagic,10^7 g,5.75,13.25,1
epipelagic,10^7 g,6.25,14.25,1
epipelagic,10^7 g,6.25,15.25,1
epipelagic,10^7 g,6.25,16.25,1
epipelagic,10^7 g,6.75,15.75,1
epipelagic,10^7 g,6.75,17.25,1
epipelagic,10^7 g,7.25,19.75,1
epipelagic,10^7 g,8.25,14.25,1
epipelagic,10^7 g,8.25,16.25,1
epipelagic,10^7 g,8.75,15.25,1
epipelagic,10^7 g,8.75,16.25,1
epipelagic,10^7 g,9.25,14.25,1
epipelagic,10^7 g,9.75,10.25,1
epipelagic,10^7 g,9.75,18.75,1
epipelagic,10^7 g,10.25,16.25,1
epipelagic,10^7 g,11.75,18.75,1
epipelagic,10^7 g,13.75,15.75,1
epipelagic,10^7 g,14.25,15.75,2
epipelagic,10^7 g,15.25,17.25,1
epipelagic,10^7 g,15.75,20.25,1
epipelagic,10^7 g,16.25,17.25,1
epipelagic,10^7 g,16.75,21.75,1
epipelagic,10^7 g,17.25,10.75,1
epipelagic,10^7 g,17.25,17.25,1
epipelagic,10^7 g,17.25,19.25,1
epipelagic,10^7 g,18.25,20.75,1
epipelagic,10^7 g,19.25,14.25,2
epipelagic,10^7 g,20.25,19.25,1
epipelagic,10^7 g,20.75,21.25,1
epipelagic,10^7 g,20.75,22.25,1
epipelagic,10^7 g,21.25,20.75,1
epipelagic,10^7 g,21.75,21.25,1
epipelagic,10^7 g,22.25,20.75,1
epipelagic,10^7 g,24.25,18.25,1
epipelagic,10^8 g,0.25,19.75,1
epipelagic,10^8 g,4.75,22.25,3
epipelagic,10^8 g,5.25,21.25,1
epipelagic,10^8 g,5.25,21.75,4
epipelagic,10^8 g,5.75,21.75,3
epipelagic,10^8 g,5.75,22.25,1
epipelagic,10^8 g,6.75,12.75,1
epipelagic,10^8 g,7.25,18.75,2
epipelagic,10^8 g,8.25,20.25,1
epipelagic,10^8 g,8.75,20.25,1
epipelagic,10^8 g,9.25,15.75,1
epipelagic,10^8 g,9.75,21.75,1
epipelagic,10^8 g,10.25,21.25,1
epipelagic,10^8 g,10.25,21.75,273
epipelagic,10^8 g,10.25,22.25,1
epipelagic,10^8 g,10.75,18.75,1
epipelagic,10^8 g,10.75,21.75,102
epipelagic,10^8 g,11.25,21.75,195
epipelagic,10^8 g,11.25,22.75,31
epipelagic,10^8 g,11.75,21.25,1
epipelagic,10^8 g,11.75,21.75,4
epipelagic,10^8 g,11.75,22.75,17
epipelagic,10^8 g,12.25,22.25,12
epipelagic,10^8 g,12.75,21.75,24
epipelagic,10^8 g,12.75,22.25,1433
epipelagic,10^8 g,13.25,22.25,3
epipelagic,10^8 g,13.75,22.25,2
epipelagic,10^8 g,14.25,20.25,1
epipelagic,10^8 g,14.75,19.75,1
epipelagic,10^8 g,14.75,20.25,1
epipelagic,10^8 g,18.75,22.25,5
epipelagic,10^8 g,21.75,22.25,1
epipelagic,10^8 g,24.25,19.25,23
epipelagic,10^8 g,24.25,21.25,1
epipelagic,10^8 g,24.75,20.75,2
epipelagic,10^8 g,24.75,21.25,2
epipelagic,10^8 g,24.75,21.75,1
epipelagic,10^8 g,25.75,21.25,41
epipelagic,10^8 g,26.25,21.25,119
epipelagic,10^8 g,26.75,21.25,2
epipelagic,10^8 g,27.25,21.25,7
epipelagic,10^8 g,27.25,21.75,3
